fname,year,doy,doy_year,hhmm,station,has_radar,radar_label,radar_loc,moon_phase,solar_zenith,m15_at_radar,m15_local_std,y_mask_class_at_radar,subs,split,in_sub_train,in_sub_test,in_sub_test_backup,in_sub_train_no_overlap,in_sub_train_phase4,in_sub_val_phase4,overpass_group,size_mb
Tensor_Changsha_A2019001.1824.npz,2019,1,2019001,1824,CS,False,,"[64, 64]",131.85,153.58,,,,"Train,Train_no_overlap,Val_phase4",train_grp,True,False,False,True,False,True,CS_2019001,0.318792
Tensor_Changsha_A2019002.1806.npz,2019,2,2019002,1806,CS,False,,"[64, 64]",143.26,157.77,,,,"Train,Train_no_overlap,Train_phase4",val_grp,True,False,False,True,True,False,CS_2019002,0.273434
Tensor_Changsha_A2019003.1748.npz,2019,3,2019003,1748,CS,False,,"[64, 64]",154.44,161.92,,,,"Train,Train_no_overlap,Val_phase4",train_grp,True,False,False,True,False,True,CS_2019003,0.310334
Tensor_Changsha_A2019005.1848.npz,2019,5,2019005,1848,CS,False,,"[64, 64]",177.19,148.38,,,,"Train,Train_no_overlap,Train_phase4",train_grp,True,False,False,True,True,False,CS_2019005,0.278411
Tensor_Changsha_A2019006.1830.npz,2019,6,2019006,1830,CS,False,,"[64, 64]",171.92,152.56,,,,"Train,Train_no_overlap,Train_phase4",val_grp,True,False,False,True,True,False,CS_2019006,0.277616
Tensor_Changsha_A2019007.1812.npz,2019,7,2019007,1812,CS,False,,"[64, 64]",161.37,156.72,,,,"Train,Train_no_overlap,Train_phase4",train_grp,True,False,False,True,True,False,CS_2019007,0.343701
Tensor_Changsha_A2019008.1754.npz,2019,8,2019008,1754,CS,False,,"[64, 64]",150.88,160.83,,,,"Train,Train_no_overlap,Train_phase4",train_grp,True,False,False,True,True,False,CS_2019008,0.32171
Tensor_Changsha_A2019010.1712.npz,2019,10,2019010,1712,CS,False,,"[64, 64]",129.93,168.59,,,,"Train,Train_no_overlap,Train_phase4",train_grp,True,False,False,True,True,False,CS_2019010,0.311358
Tensor_Changsha_A2019011.1836.npz,2019,11,2019011,1836,CS,False,,"[64, 64]",118.35,151.42,,,,"Train,Train_no_overlap,Train_phase4",train_grp,True,False,False,True,True,False,CS_2019011,0.278082
Tensor_Changsha_A2019012.1818.npz,2019,12,2019012,1818,CS,False,,"[64, 64]",107.66,155.55,,,,"Train,Train_no_overlap,Train_phase4",val_grp,True,False,False,True,True,False,CS_2019012,0.308132
Tensor_Changsha_A2019013.1800.npz,2019,13,2019013,1800,CS,False,,"[64, 64]",96.73,159.61,,,,"Train,Train_no_overlap,Train_phase4",val_grp,True,False,False,True,True,False,CS_2019013,0.300314
Tensor_Changsha_A2019014.1742.npz,2019,14,2019014,1742,CS,False,,"[64, 64]",85.48,163.56,,,,"Train,Train_no_overlap,Train_phase4",train_grp,True,False,False,True,True,False,CS_2019014,0.318717
Tensor_Changsha_A2019015.1718.npz,2019,15,2019015,1718,CS,False,,"[64, 64]",73.8,167.26,,,,"Train,Train_no_overlap,Train_phase4",train_grp,True,False,False,True,True,False,CS_2019015,0.307627
Tensor_Changsha_A2019015.1900.npz,2019,15,2019015,1900,CS,False,,"[64, 64]",72.92,146.04,,,,"Train,Train_no_overlap,Train_phase4",train_grp,True,False,False,True,True,False,CS_2019015,0.310677
Tensor_Changsha_A2019016.1842.npz,2019,16,2019016,1842,CS,False,,"[64, 64]",60.82,150.16,,,,"Train,Train_no_overlap,Train_phase4",train_grp,True,False,False,True,True,False,CS_2019016,0.266287
Tensor_Changsha_A2019017.1824.npz,2019,17,2019017,1824,CS,False,,"[64, 64]",48.19,154.24,,,,"Train,Train_no_overlap,Train_phase4",val_grp,True,False,False,True,True,False,CS_2019017,0.284803
Tensor_Changsha_A2019018.1806.npz,2019,18,2019018,1806,CS,False,,"[64, 64]",35.0,158.26,,,,"Train,Train_no_overlap,Train_phase4",train_grp,True,False,False,True,True,False,CS_2019018,0.274685
Tensor_Changsha_A2019019.1748.npz,2019,19,2019019,1748,CS,False,,"[64, 64]",21.3,162.15,,,,"Train,Train_no_overlap,Val_phase4",train_grp,True,False,False,True,False,True,CS_2019019,0.319781
Tensor_Changsha_A2019020.1724.npz,2019,20,2019020,1724,CS,False,,"[64, 64]",7.21,165.72,,,,"Train,Train_no_overlap,Val_phase4",val_grp,True,False,False,True,False,True,CS_2019020,0.297766
Tensor_Changsha_A2019022.1830.npz,2019,22,2019022,1830,CS,False,,"[64, 64]",22.05,152.79,,,,"Train,Train_no_overlap,Val_phase4",train_grp,True,False,False,True,False,True,CS_2019022,0.278124
Tensor_Changsha_A2019023.1812.npz,2019,23,2019023,1812,CS,False,,"[64, 64]",36.21,156.76,,,,"Train,Train_no_overlap,Train_phase4",train_grp,True,False,False,True,True,False,CS_2019023,0.296976
Tensor_Changsha_A2019024.1754.npz,2019,24,2019024,1754,CS,False,,"[64, 64]",50.03,160.58,,,,"Train,Train_no_overlap,Train_phase4",train_grp,True,False,False,True,True,False,CS_2019024,0.269912
Tensor_Changsha_A2019026.1712.npz,2019,26,2019026,1712,CS,False,,"[64, 64]",76.27,167.21,,,,"Train,Train_no_overlap,Train_phase4",train_grp,True,False,False,True,True,False,CS_2019026,0.309889
Tensor_Changsha_A2019026.1854.npz,2019,26,2019026,1854,CS,False,,"[64, 64]",76.96,147.2,,,,"Train,Train_no_overlap,Train_phase4",train_grp,True,False,False,True,True,False,CS_2019026,0.275836
Tensor_Changsha_A2019027.1836.npz,2019,27,2019027,1836,CS,False,,"[64, 64]",89.4,151.19,,,,"Train,Train_no_overlap,Train_phase4",val_grp,True,False,False,True,True,False,CS_2019027,0.264895
Tensor_Changsha_A2019028.1818.npz,2019,28,2019028,1818,CS,False,,"[64, 64]",101.39,155.09,,,,"Train,Train_no_overlap,Train_phase4",val_grp,True,False,False,True,True,False,CS_2019028,0.29378
Tensor_Changsha_A2019029.1800.npz,2019,29,2019029,1800,CS,False,,"[64, 64]",112.99,158.84,,,,"Train,Train_no_overlap,Train_phase4",val_grp,True,False,False,True,True,False,CS_2019029,0.267786
Tensor_Changsha_A2019032.1842.npz,2019,32,2019032,1842,CS,False,,"[64, 64]",147.0,149.44,,,,"Train,Train_no_overlap,Train_phase4",train_grp,True,False,False,True,True,False,CS_2019032,0.27044
Tensor_Changsha_A2019033.1824.npz,2019,33,2019033,1824,CS,False,,"[64, 64]",157.69,153.27,,,,"Train,Train_no_overlap,Train_phase4",train_grp,True,False,False,True,True,False,CS_2019033,0.297171
Tensor_Changsha_A2019034.1806.npz,2019,34,2019034,1806,CS,False,,"[64, 64]",168.21,156.95,,,,"Train,Train_no_overlap,Train_phase4",val_grp,True,False,False,True,True,False,CS_2019034,0.314944
Tensor_Changsha_A2019035.1748.npz,2019,35,2019035,1748,CS,False,,"[64, 64]",177.78,160.38,,,,"Train,Train_no_overlap,Val_phase4",train_grp,True,False,False,True,False,True,CS_2019035,0.319619
Tensor_Changsha_A2019036.1724.npz,2019,36,2019036,1724,CS,False,,"[64, 64]",170.43,163.37,,,,"Train,Train_no_overlap,Train_phase4",train_grp,True,False,False,True,True,False,CS_2019036,0.286674
Tensor_Changsha_A2019037.1848.npz,2019,37,2019037,1848,CS,False,,"[64, 64]",158.97,147.53,,,,"Train,Train_no_overlap,Train_phase4",val_grp,True,False,False,True,True,False,CS_2019037,0.281666
Tensor_Changsha_A2019038.1830.npz,2019,38,2019038,1830,CS,False,,"[64, 64]",148.47,151.29,,,,"Train,Train_no_overlap,Train_phase4",train_grp,True,False,False,True,True,False,CS_2019038,0.307396
Tensor_Changsha_A2019039.1812.npz,2019,39,2019039,1812,CS,False,,"[64, 64]",137.89,154.92,,,,"Train,Train_no_overlap,Train_phase4",train_grp,True,False,False,True,True,False,CS_2019039,0.311909
Tensor_Changsha_A2019047.1900.npz,2019,47,2019047,1900,CS,False,,"[64, 64]",41.1,143.27,,,,"Train,Train_no_overlap,Train_phase4",train_grp,True,False,False,True,True,False,CS_2019047,0.31827
Tensor_Changsha_A2019048.1842.npz,2019,48,2019048,1842,CS,False,,"[64, 64]",27.3,146.92,,,,"Train,Train_no_overlap,Train_phase4",val_grp,True,False,False,True,True,False,CS_2019048,0.295195
Tensor_Changsha_A2019049.1824.npz,2019,49,2019049,1824,CS,False,,"[64, 64]",13.25,150.41,,,,"Train,Train_no_overlap,Train_phase4",train_grp,True,False,False,True,True,False,CS_2019049,0.287956
Tensor_Changsha_A2019050.1806.npz,2019,50,2019050,1806,CS,False,,"[64, 64]",2.91,153.65,,,,"Train,Train_no_overlap,Val_phase4",val_grp,True,False,False,True,False,True,CS_2019050,0.326329
Tensor_Changsha_A2019051.1748.npz,2019,51,2019051,1748,CS,False,,"[64, 64]",15.88,156.55,,,,"Train,Train_no_overlap,Train_phase4",val_grp,True,False,False,True,True,False,CS_2019051,0.301474
Tensor_Changsha_A2019052.1724.npz,2019,52,2019052,1724,CS,False,,"[64, 64]",29.85,158.92,,,,"Train,Train_no_overlap,Train_phase4",train_grp,True,False,False,True,True,False,CS_2019052,0.312774
Tensor_Changsha_A2019053.1848.npz,2019,53,2019053,1848,CS,False,,"[64, 64]",44.08,144.55,,,,"Train,Train_no_overlap,Train_phase4",train_grp,True,False,False,True,True,False,CS_2019053,0.307204
Tensor_Changsha_A2019054.1830.npz,2019,54,2019054,1830,CS,False,,"[64, 64]",57.24,147.98,,,,"Train,Train_no_overlap,Train_phase4",train_grp,True,False,False,True,True,False,CS_2019054,0.300474
Tensor_Changsha_A2019055.1812.npz,2019,55,2019055,1812,CS,False,,"[64, 64]",69.89,151.18,,,,"Train,Train_no_overlap,Val_phase4",train_grp,True,False,False,True,False,True,CS_2019055,0.306423
Tensor_Changsha_A2019056.1754.npz,2019,56,2019056,1754,CS,False,,"[64, 64]",82.02,154.05,,,,"Train,Train_no_overlap,Train_phase4",train_grp,True,False,False,True,True,False,CS_2019056,0.306347
Tensor_Changsha_A2019057.1730.npz,2019,57,2019057,1730,CS,False,,"[64, 64]",93.69,156.27,,,,"Train,Train_no_overlap,Train_phase4",train_grp,True,False,False,True,True,False,CS_2019057,0.329337
Tensor_Changsha_A2019058.1712.npz,2019,58,2019058,1712,CS,False,,"[64, 64]",104.96,158.23,,,,"Train,Train_no_overlap,Train_phase4",train_grp,True,False,False,True,True,False,CS_2019058,0.318766
Tensor_Changsha_A2019058.1854.npz,2019,58,2019058,1854,CS,False,,"[64, 64]",105.7,142.06,,,,"Train,Train_no_overlap,Train_phase4",train_grp,True,False,False,True,True,False,CS_2019058,0.313019
Tensor_Changsha_A2019059.1836.npz,2019,59,2019059,1836,CS,False,,"[64, 64]",116.73,145.45,,,,"Train,Train_no_overlap,Train_phase4",val_grp,True,False,False,True,True,False,CS_2019059,0.298237
Tensor_Changsha_A2019060.1818.npz,2019,60,2019060,1818,CS,False,,"[64, 64]",127.51,148.62,,,,"Train,Train_no_overlap,Val_phase4",train_grp,True,False,False,True,False,True,CS_2019060,0.335004
Tensor_Changsha_A2019061.1800.npz,2019,61,2019061,1800,CS,False,,"[64, 64]",138.12,151.47,,,,"Train,Train_no_overlap,Train_phase4",train_grp,True,False,False,True,True,False,CS_2019061,0.310731
Tensor_Changsha_A2019063.1900.npz,2019,63,2019063,1900,CS,False,,"[64, 64]",159.89,139.49,,,,"Train,Train_no_overlap,Train_phase4",train_grp,True,False,False,True,True,False,CS_2019063,0.307914
Tensor_Changsha_A2019064.1842.npz,2019,64,2019064,1842,CS,False,,"[64, 64]",169.95,142.84,,,,"Train,Train_no_overlap,Train_phase4",val_grp,True,False,False,True,True,False,CS_2019064,0.293013
Tensor_Changsha_A2019065.1824.npz,2019,65,2019065,1824,CS,False,,"[64, 64]",175.42,145.97,,,,"Train,Train_no_overlap,Val_phase4",train_grp,True,False,False,True,False,True,CS_2019065,0.328649
Tensor_Changsha_A2019066.1806.npz,2019,66,2019066,1806,CS,False,,"[64, 64]",167.08,148.81,,,,"Train,Train_no_overlap,Train_phase4",train_grp,True,False,False,True,True,False,CS_2019066,0.337038
Tensor_Changsha_A2019067.1748.npz,2019,67,2019067,1748,CS,False,,"[64, 64]",156.66,151.28,,,,"Train,Train_no_overlap,Train_phase4",train_grp,True,False,False,True,True,False,CS_2019067,0.317268
Tensor_Changsha_A2019068.1724.npz,2019,68,2019068,1724,CS,False,,"[64, 64]",145.89,153.23,,,,"Train,Train_no_overlap,Train_phase4",train_grp,True,False,False,True,True,False,CS_2019068,0.301171
Tensor_Changsha_A2019069.1848.npz,2019,69,2019069,1848,CS,False,,"[64, 64]",133.78,140.18,,,,"Train,Train_no_overlap,Train_phase4",val_grp,True,False,False,True,True,False,CS_2019069,0.289723
Tensor_Changsha_A2019070.1830.npz,2019,70,2019070,1830,CS,False,,"[64, 64]",122.55,143.28,,,,"Train,Train_no_overlap,Train_phase4",train_grp,True,False,False,True,True,False,CS_2019070,0.293573
Tensor_Changsha_A2019071.1812.npz,2019,71,2019071,1812,CS,False,,"[64, 64]",111.03,146.12,,,,"Train,Train_no_overlap,Train_phase4",train_grp,True,False,False,True,True,False,CS_2019071,0.338885
Tensor_Changsha_A2019072.1754.npz,2019,72,2019072,1754,CS,False,,"[64, 64]",99.19,148.6,,,,"Train,Train_no_overlap,Train_phase4",train_grp,True,False,False,True,True,False,CS_2019072,0.322686
Tensor_Changsha_A2019073.1730.npz,2019,73,2019073,1730,CS,False,,"[64, 64]",86.96,150.63,,,,"Train,Train_no_overlap,Train_phase4",train_grp,True,False,False,True,True,False,CS_2019073,0.300732
Tensor_Changsha_A2019074.1712.npz,2019,74,2019074,1712,CS,False,,"[64, 64]",74.31,152.1,,,,"Train,Train_no_overlap,Train_phase4",train_grp,True,False,False,True,True,False,CS_2019074,0.30232
Tensor_Changsha_A2019074.1854.npz,2019,74,2019074,1854,CS,False,,"[64, 64]",73.35,137.45,,,,"Train,Train_no_overlap,Train_phase4",train_grp,True,False,False,True,True,False,CS_2019074,0.320053
Tensor_Changsha_A2019075.1836.npz,2019,75,2019075,1836,CS,False,,"[64, 64]",60.34,140.55,,,,"Train,Train_no_overlap,Train_phase4",train_grp,True,False,False,True,True,False,CS_2019075,0.292869
Tensor_Changsha_A2019076.1818.npz,2019,76,2019076,1818,CS,False,,"[64, 64]",46.92,143.38,,,,"Train,Train_no_overlap,Train_phase4",train_grp,True,False,False,True,True,False,CS_2019076,0.310903
Tensor_Changsha_A2019077.1800.npz,2019,77,2019077,1800,CS,False,,"[64, 64]",33.18,145.89,,,,"Train,Train_no_overlap,Train_phase4",train_grp,True,False,False,True,True,False,CS_2019077,0.284862
Tensor_Changsha_A2019079.1718.npz,2019,79,2019079,1718,CS,False,,"[64, 64]",6.3,149.58,,,,"Train,Train_no_overlap,Train_phase4",train_grp,True,False,False,True,True,False,CS_2019079,0.32119
Tensor_Changsha_A2019079.1900.npz,2019,79,2019079,1900,CS,False,,"[64, 64]",5.71,134.72,,,,"Train,Train_no_overlap,Train_phase4",train_grp,True,False,False,True,True,False,CS_2019079,0.328676
Tensor_Changsha_A2019080.1842.npz,2019,80,2019080,1842,CS,False,,"[64, 64]",10.67,137.8,,,,"Train,Train_no_overlap,Train_phase4",val_grp,True,False,False,True,True,False,CS_2019080,0.314497
Tensor_Changsha_A2019081.1824.npz,2019,81,2019081,1824,CS,False,,"[64, 64]",23.92,140.63,,,,"Train,Train_no_overlap,Train_phase4",train_grp,True,False,False,True,True,False,CS_2019081,0.322388
Tensor_Changsha_A2019082.1806.npz,2019,82,2019082,1806,CS,False,,"[64, 64]",37.1,143.16,,,,"Train,Train_no_overlap,Train_phase4",train_grp,True,False,False,True,True,False,CS_2019082,0.329222
Tensor_Changsha_A2019084.1724.npz,2019,84,2019084,1724,CS,False,,"[64, 64]",62.14,147.03,,,,"Train,Train_no_overlap,Val_phase4",train_grp,True,False,False,True,False,True,CS_2019084,0.286216
Tensor_Changsha_A2019085.1848.npz,2019,85,2019085,1848,CS,False,,"[64, 64]",74.55,135.04,,,,"Train,Train_no_overlap,Train_phase4",train_grp,True,False,False,True,True,False,CS_2019085,0.302
Tensor_Changsha_A2019086.1830.npz,2019,86,2019086,1830,CS,False,,"[64, 64]",86.0,137.88,,,,"Train,Train_no_overlap,Train_phase4",train_grp,True,False,False,True,True,False,CS_2019086,0.325164
Tensor_Changsha_A2019087.1812.npz,2019,87,2019087,1812,CS,False,,"[64, 64]",97.09,140.45,,,,"Train,Train_no_overlap,Train_phase4",train_grp,True,False,False,True,True,False,CS_2019087,0.335026
Tensor_Changsha_A2019088.1754.npz,2019,88,2019088,1754,CS,False,,"[64, 64]",107.92,142.66,,,,"Train,Train_no_overlap,Train_phase4",train_grp,True,False,False,True,True,False,CS_2019088,0.294533
Tensor_Changsha_A2019089.1730.npz,2019,89,2019089,1730,CS,False,,"[64, 64]",118.57,144.46,,,,"Train,Train_no_overlap,Train_phase4",val_grp,True,False,False,True,True,False,CS_2019089,0.290004
Tensor_Changsha_A2019090.1712.npz,2019,90,2019090,1712,CS,False,,"[64, 64]",129.09,145.78,,,,"Train,Train_no_overlap,Train_phase4",train_grp,True,False,False,True,True,False,CS_2019090,0.333594
Tensor_Changsha_A2019090.1854.npz,2019,90,2019090,1854,CS,False,,"[64, 64]",129.91,132.3,,,,"Train,Train_no_overlap,Val_phase4",train_grp,True,False,False,True,False,True,CS_2019090,0.318497
Tensor_Changsha_A2019091.1836.npz,2019,91,2019091,1836,CS,False,,"[64, 64]",140.46,135.16,,,,"Train,Train_no_overlap,Train_phase4",val_grp,True,False,False,True,True,False,CS_2019091,0.313051
Tensor_Changsha_A2019092.1818.npz,2019,92,2019092,1818,CS,False,,"[64, 64]",150.97,137.74,,,,"Train,Train_no_overlap,Train_phase4",train_grp,True,False,False,True,True,False,CS_2019092,0.309813
Tensor_Changsha_A2019093.1800.npz,2019,93,2019093,1800,CS,False,,"[64, 64]",161.39,140.02,,,,"Train,Train_no_overlap,Train_phase4",train_grp,True,False,False,True,True,False,CS_2019093,0.33925
Tensor_Changsha_A2019094.1736.npz,2019,94,2019094,1736,CS,False,,"[64, 64]",171.17,141.87,,,,"Train,Train_no_overlap,Train_phase4",train_grp,True,False,False,True,True,False,CS_2019094,0.28082
Tensor_Changsha_A2019095.1718.npz,2019,95,2019095,1718,CS,False,,"[64, 64]",173.22,143.35,,,,"Train,Train_no_overlap,Val_phase4",train_grp,True,False,False,True,False,True,CS_2019095,0.30376
Tensor_Changsha_A2019095.1900.npz,2019,95,2019095,1900,CS,False,,"[64, 64]",172.43,129.6,,,,"Train,Train_no_overlap,Train_phase4",train_grp,True,False,False,True,True,False,CS_2019095,0.290468
Tensor_Changsha_A2019096.1842.npz,2019,96,2019096,1842,CS,False,,"[64, 64]",162.75,132.47,,,,"Train,Train_no_overlap,Train_phase4",train_grp,True,False,False,True,True,False,CS_2019096,0.2848
Tensor_Changsha_A2019097.1824.npz,2019,97,2019097,1824,CS,False,,"[64, 64]",151.76,135.08,,,,"Train,Train_no_overlap,Train_phase4",train_grp,True,False,False,True,True,False,CS_2019097,0.29209
Tensor_Changsha_A2019098.1806.npz,2019,98,2019098,1806,CS,False,,"[64, 64]",140.36,137.4,,,,"Train,Train_no_overlap,Train_phase4",train_grp,True,False,False,True,True,False,CS_2019098,0.296083
Tensor_Changsha_A2019100.1724.npz,2019,100,2019100,1724,CS,False,,"[64, 64]",116.69,140.93,,,,"Train,Train_no_overlap,Train_phase4",train_grp,True,False,False,True,True,False,CS_2019100,0.338435
Tensor_Changsha_A2019101.1848.npz,2019,101,2019101,1848,CS,False,,"[64, 64]",103.33,129.83,,,,"Train,Train_no_overlap,Train_phase4",train_grp,True,False,False,True,True,False,CS_2019101,0.307326
Tensor_Changsha_A2019102.1830.npz,2019,102,2019102,1830,CS,False,,"[64, 64]",90.82,132.47,,,,"Train,Train_no_overlap,Train_phase4",train_grp,True,False,False,True,True,False,CS_2019102,0.312967
Tensor_Changsha_A2019103.1812.npz,2019,103,2019103,1812,CS,False,,"[64, 64]",78.01,134.84,,,,"Train,Train_no_overlap,Train_phase4",train_grp,True,False,False,True,True,False,CS_2019103,0.336521
Tensor_Changsha_A2019104.1754.npz,2019,104,2019104,1754,CS,False,,"[64, 64]",64.91,136.92,,,,"Train,Train_no_overlap,Train_phase4",train_grp,True,False,False,True,True,False,CS_2019104,0.328413
Tensor_Changsha_A2019105.1730.npz,2019,105,2019105,1730,CS,False,,"[64, 64]",51.55,138.53,,,,"Train,Train_no_overlap,Val_phase4",train_grp,True,False,False,True,False,True,CS_2019105,0.290883
Tensor_Changsha_A2019106.1712.npz,2019,106,2019106,1712,CS,False,,"[64, 64]",38.02,139.76,,,,"Train,Train_no_overlap,Train_phase4",val_grp,True,False,False,True,True,False,CS_2019106,0.297373
Tensor_Changsha_A2019106.1854.npz,2019,106,2019106,1854,CS,False,,"[64, 64]",37.22,127.24,,,,"Train,Train_no_overlap,Val_phase4",val_grp,True,False,False,True,False,True,CS_2019106,0.299598
Tensor_Changsha_A2019107.1836.npz,2019,107,2019107,1836,CS,False,,"[64, 64]",23.76,129.92,,,,"Train,Train_no_overlap,Val_phase4",train_grp,True,False,False,True,False,True,CS_2019107,0.338885
Tensor_Changsha_A2019108.1818.npz,2019,108,2019108,1818,CS,False,,"[64, 64]",10.68,132.33,,,,"Train,Train_no_overlap,Train_phase4",train_grp,True,False,False,True,True,False,CS_2019108,0.316794
Tensor_Changsha_A2019109.1800.npz,2019,109,2019109,1800,CS,False,,"[64, 64]",5.65,134.44,,,,"Train,Train_no_overlap,Train_phase4",val_grp,True,False,False,True,True,False,CS_2019109,0.295834
Tensor_Changsha_A2019110.1736.npz,2019,110,2019110,1736,CS,False,,"[64, 64]",17.37,136.08,,,,"Train,Train_no_overlap,Train_phase4",train_grp,True,False,False,True,True,False,CS_2019110,0.327974
Tensor_Changsha_A2019111.1718.npz,2019,111,2019111,1718,CS,False,,"[64, 64]",29.93,137.56,,,,"Train,Train_no_overlap,Train_phase4",train_grp,True,False,False,True,True,False,CS_2019111,0.347364
Tensor_Changsha_A2019111.1900.npz,2019,111,2019111,1900,CS,False,,"[64, 64]",30.44,124.74,,,,"Train,Train_no_overlap,Train_phase4",train_grp,True,False,False,True,True,False,CS_2019111,0.336752
Tensor_Changsha_A2019112.1842.npz,2019,112,2019112,1842,CS,False,,"[64, 64]",42.72,127.45,,,,"Train,Train_no_overlap,Val_phase4",train_grp,True,False,False,True,False,True,CS_2019112,0.330488
Tensor_Changsha_A2019113.1824.npz,2019,113,2019113,1824,CS,False,,"[64, 64]",54.63,129.91,,,,"Train,Train_no_overlap,Train_phase4",train_grp,True,False,False,True,True,False,CS_2019113,0.321737
Tensor_Changsha_A2019114.1806.npz,2019,114,2019114,1806,CS,False,,"[64, 64]",66.17,132.09,,,,"Train,Train_no_overlap,Train_phase4",train_grp,True,False,False,True,True,False,CS_2019114,0.317562
Tensor_Changsha_A2019116.1724.npz,2019,116,2019116,1724,CS,False,,"[64, 64]",88.3,135.41,,,,"Train,Train_no_overlap,Train_phase4",train_grp,True,False,False,True,True,False,CS_2019116,0.311404
Tensor_Changsha_A2019117.1848.npz,2019,117,2019117,1848,CS,False,,"[64, 64]",99.71,125.07,,,,"Train,Train_no_overlap,Train_phase4",train_grp,True,False,False,True,True,False,CS_2019117,0.315296
Tensor_Changsha_A2019118.1830.npz,2019,118,2019118,1830,CS,False,,"[64, 64]",110.42,127.59,,,,"Train,Train_no_overlap,Train_phase4",train_grp,True,False,False,True,True,False,CS_2019118,0.326377
Tensor_Changsha_A2019119.1812.npz,2019,119,2019119,1812,CS,False,,"[64, 64]",121.09,129.83,,,,"Train,Train_no_overlap,Train_phase4",train_grp,True,False,False,True,True,False,CS_2019119,0.333682
Tensor_Changsha_A2019120.1754.npz,2019,120,2019120,1754,CS,False,,"[64, 64]",131.79,131.76,,,,"Train,Train_no_overlap,Train_phase4",train_grp,True,False,False,True,True,False,CS_2019120,0.324616
Tensor_Changsha_A2019121.1730.npz,2019,121,2019121,1730,CS,False,,"[64, 64]",142.57,133.34,,,,"Train,Train_no_overlap,Train_phase4",train_grp,True,False,False,True,True,False,CS_2019121,0.30949
Tensor_Changsha_A2019122.1712.npz,2019,122,2019122,1712,CS,False,,"[64, 64]",153.45,134.53,,,,"Train,Train_no_overlap,Train_phase4",train_grp,True,False,False,True,True,False,CS_2019122,0.286436
Tensor_Changsha_A2019122.1854.npz,2019,122,2019122,1854,CS,False,,"[64, 64]",154.42,122.81,,,,"Train,Train_no_overlap,Train_phase4",train_grp,True,False,False,True,True,False,CS_2019122,0.290282
Tensor_Changsha_A2019123.1836.npz,2019,123,2019123,1836,CS,False,,"[64, 64]",165.3,125.38,,,,"Train,Train_no_overlap,Train_phase4",train_grp,True,False,False,True,True,False,CS_2019123,0.318681
Tensor_Changsha_A2019124.1818.npz,2019,124,2019124,1818,CS,False,,"[64, 64]",174.29,127.68,,,,"Train,Train_no_overlap,Train_phase4",train_grp,True,False,False,True,True,False,CS_2019124,0.329956
Tensor_Changsha_A2019125.1800.npz,2019,125,2019125,1800,CS,False,,"[64, 64]",169.11,129.7,,,,"Train,Train_no_overlap,Val_phase4",train_grp,True,False,False,True,False,True,CS_2019125,0.321972
Tensor_Changsha_A2019127.1718.npz,2019,127,2019127,1718,CS,False,,"[64, 64]",145.93,132.69,,,,"Train,Train_no_overlap,Train_phase4",val_grp,True,False,False,True,True,False,CS_2019127,0.333197
Tensor_Changsha_A2019127.1900.npz,2019,127,2019127,1900,CS,False,,"[64, 64]",144.71,120.68,,,,"Train,Train_no_overlap,Train_phase4",val_grp,True,False,False,True,True,False,CS_2019127,0.326557
Tensor_Changsha_A2019128.1842.npz,2019,128,2019128,1842,CS,False,,"[64, 64]",132.45,123.29,,,,"Train,Train_no_overlap,Train_phase4",train_grp,True,False,False,True,True,False,CS_2019128,0.31941
Tensor_Changsha_A2019129.1824.npz,2019,129,2019129,1824,CS,False,,"[64, 64]",119.99,125.65,,,,"Train,Train_no_overlap,Train_phase4",train_grp,True,False,False,True,True,False,CS_2019129,0.289003
Tensor_Changsha_A2019130.1806.npz,2019,130,2019130,1806,CS,False,,"[64, 64]",107.34,127.74,,,,"Train,Train_no_overlap,Train_phase4",train_grp,True,False,False,True,True,False,CS_2019130,0.331293
Tensor_Changsha_A2019131.1748.npz,2019,131,2019131,1748,CS,False,,"[64, 64]",94.53,129.57,,,,"Train,Train_no_overlap,Val_phase4",train_grp,True,False,False,True,False,True,CS_2019131,0.283307
Tensor_Changsha_A2019132.1724.npz,2019,132,2019132,1724,CS,False,,"[64, 64]",81.57,130.94,,,,"Train,Train_no_overlap,Train_phase4",train_grp,True,False,False,True,True,False,CS_2019132,0.340462
Tensor_Changsha_A2019133.1848.npz,2019,133,2019133,1848,CS,False,,"[64, 64]",67.54,121.33,,,,"Train,Train_no_overlap,Train_phase4",train_grp,True,False,False,True,True,False,CS_2019133,0.299848
Tensor_Changsha_A2019134.1830.npz,2019,134,2019134,1830,CS,False,,"[64, 64]",54.47,123.76,,,,"Train,Train_no_overlap,Train_phase4",train_grp,True,False,False,True,True,False,CS_2019134,0.310393
Tensor_Changsha_A2019135.1812.npz,2019,135,2019135,1812,CS,False,,"[64, 64]",41.36,125.92,,,,"Train,Train_no_overlap,Train_phase4",val_grp,True,False,False,True,True,False,CS_2019135,0.341697
Tensor_Changsha_A2019136.1754.npz,2019,136,2019136,1754,CS,False,,"[64, 64]",28.32,127.78,,,,"Train,Train_no_overlap,Val_phase4",train_grp,True,False,False,True,False,True,CS_2019136,0.320287
Tensor_Changsha_A2019137.1730.npz,2019,137,2019137,1730,CS,False,,"[64, 64]",15.47,129.25,,,,"Train,Train_no_overlap,Train_phase4",train_grp,True,False,False,True,True,False,CS_2019137,0.321811
Tensor_Changsha_A2019138.1712.npz,2019,138,2019138,1712,CS,False,,"[64, 64]",4.0,130.48,,,,"Train,Train_no_overlap,Train_phase4",val_grp,True,False,False,True,True,False,CS_2019138,0.341541
Tensor_Changsha_A2019138.1854.npz,2019,138,2019138,1854,CS,False,,"[64, 64]",3.66,119.51,,,,"Train,Train_no_overlap,Val_phase4",val_grp,True,False,False,True,False,True,CS_2019138,0.335491
Tensor_Changsha_A2019139.1836.npz,2019,139,2019139,1836,CS,False,,"[64, 64]",11.23,122.0,,,,"Train,Train_no_overlap,Train_phase4",val_grp,True,False,False,True,True,False,CS_2019139,0.313021
Tensor_Changsha_A2019140.1818.npz,2019,140,2019140,1818,CS,False,,"[64, 64]",23.2,124.23,,,,"Train,Train_no_overlap,Train_phase4",val_grp,True,False,False,True,True,False,CS_2019140,0.348406
Tensor_Changsha_A2019141.1800.npz,2019,141,2019141,1800,CS,False,,"[64, 64]",35.03,126.19,,,,"Train,Train_no_overlap,Train_phase4",val_grp,True,False,False,True,True,False,CS_2019141,0.315033
Tensor_Changsha_A2019143.1718.npz,2019,143,2019143,1718,CS,False,,"[64, 64]",57.83,129.11,,,,"Train,Train_no_overlap,Train_phase4",train_grp,True,False,False,True,True,False,CS_2019143,0.321156
Tensor_Changsha_A2019143.1900.npz,2019,143,2019143,1900,CS,False,,"[64, 64]",58.31,117.84,,,,"Train,Train_no_overlap,Val_phase4",train_grp,True,False,False,True,False,True,CS_2019143,0.330123
Tensor_Changsha_A2019144.1842.npz,2019,144,2019144,1842,CS,False,,"[64, 64]",69.38,120.38,,,,"Train,Train_no_overlap,Train_phase4",train_grp,True,False,False,True,True,False,CS_2019144,0.319877
Tensor_Changsha_A2019145.1824.npz,2019,145,2019145,1824,CS,False,,"[64, 64]",80.27,122.69,,,,"Train,Train_no_overlap,Val_phase4",val_grp,True,False,False,True,False,True,CS_2019145,0.330477
Tensor_Changsha_A2019146.1806.npz,2019,146,2019146,1806,CS,False,,"[64, 64]",91.07,124.73,,,,"Train,Train_no_overlap,Val_phase4",train_grp,True,False,False,True,False,True,CS_2019146,0.354879
Tensor_Changsha_A2019147.1748.npz,2019,147,2019147,1748,CS,False,,"[64, 64]",101.85,126.47,,,,"Train,Train_no_overlap,Val_phase4",val_grp,True,False,False,True,False,True,CS_2019147,0.347296
Tensor_Changsha_A2019148.1724.npz,2019,148,2019148,1724,CS,False,,"[64, 64]",112.68,127.87,,,,"Train,Train_no_overlap,Train_phase4",train_grp,True,False,False,True,True,False,CS_2019148,0.298549
Tensor_Changsha_A2019149.1848.npz,2019,149,2019149,1848,CS,False,,"[64, 64]",124.49,118.92,,,,"Train,Train_no_overlap,Train_phase4",train_grp,True,False,False,True,True,False,CS_2019149,0.321476
Tensor_Changsha_A2019150.1830.npz,2019,150,2019150,1830,CS,False,,"[64, 64]",135.73,121.3,,,,"Train,Train_no_overlap,Train_phase4",train_grp,True,False,False,True,True,False,CS_2019150,0.316939
Tensor_Changsha_A2019151.1812.npz,2019,151,2019151,1812,CS,False,,"[64, 64]",147.19,123.42,,,,"Train,Train_no_overlap,Train_phase4",train_grp,True,False,False,True,True,False,CS_2019151,0.339161
Tensor_Changsha_A2019152.1754.npz,2019,152,2019152,1754,CS,False,,"[64, 64]",158.86,125.26,,,,"Train,Train_no_overlap,Val_phase4",train_grp,True,False,False,True,False,True,CS_2019152,0.334979
Tensor_Changsha_A2019154.1712.npz,2019,154,2019154,1712,CS,False,,"[64, 64]",174.8,127.93,,,,"Train,Train_no_overlap,Train_phase4",train_grp,True,False,False,True,True,False,CS_2019154,0.305929
Tensor_Changsha_A2019154.1854.npz,2019,154,2019154,1854,CS,False,,"[64, 64]",173.86,117.59,,,,"Train,Train_no_overlap,Train_phase4",train_grp,True,False,False,True,True,False,CS_2019154,0.291899
Tensor_Changsha_A2019155.1836.npz,2019,155,2019155,1836,CS,False,,"[64, 64]",162.1,120.05,,,,"Train,Train_no_overlap,Train_phase4",train_grp,True,False,False,True,True,False,CS_2019155,0.341868
Tensor_Changsha_A2019156.1818.npz,2019,156,2019156,1818,CS,False,,"[64, 64]",149.45,122.26,,,,"Train,Train_no_overlap,Train_phase4",train_grp,True,False,False,True,True,False,CS_2019156,0.344266
Tensor_Changsha_A2019157.1800.npz,2019,157,2019157,1800,CS,False,,"[64, 64]",136.58,124.19,,,,"Train,Train_no_overlap,Train_phase4",val_grp,True,False,False,True,True,False,CS_2019157,0.328798
Tensor_Changsha_A2019158.1742.npz,2019,158,2019158,1742,CS,False,,"[64, 64]",123.61,126.0,,,,"Train,Train_no_overlap,Train_phase4",val_grp,True,False,False,True,True,False,CS_2019158,0.321787
Tensor_Changsha_A2019159.1718.npz,2019,159,2019159,1718,CS,False,,"[64, 64]",110.59,127.1,,,,"Train,Train_no_overlap,Train_phase4",val_grp,True,False,False,True,True,False,CS_2019159,0.335422
Tensor_Changsha_A2019159.1900.npz,2019,159,2019159,1900,CS,False,,"[64, 64]",109.41,116.42,,,,"Train,Train_no_overlap,Train_phase4",val_grp,True,False,False,True,True,False,CS_2019159,0.334519
Tensor_Changsha_A2019160.1842.npz,2019,160,2019160,1842,CS,False,,"[64, 64]",96.48,118.95,,,,"Train,Train_no_overlap,Train_phase4",val_grp,True,False,False,True,True,False,CS_2019160,0.329373
Tensor_Changsha_A2019161.1824.npz,2019,161,2019161,1824,CS,False,,"[64, 64]",83.58,121.24,,,,"Train,Train_no_overlap,Train_phase4",val_grp,True,False,False,True,True,False,CS_2019161,0.331059
Tensor_Changsha_A2019162.1806.npz,2019,162,2019162,1806,CS,False,,"[64, 64]",70.75,123.27,,,,"Train,Train_no_overlap,Train_phase4",train_grp,True,False,False,True,True,False,CS_2019162,0.336405
Tensor_Changsha_A2019163.1748.npz,2019,163,2019163,1748,CS,False,,"[64, 64]",57.98,125.01,,,,"Train,Train_no_overlap,Train_phase4",train_grp,True,False,False,True,True,False,CS_2019163,0.339087
Tensor_Changsha_A2019164.1724.npz,2019,164,2019164,1724,CS,False,,"[64, 64]",45.31,126.41,,,,"Train,Train_no_overlap,Train_phase4",train_grp,True,False,False,True,True,False,CS_2019164,0.296233
Tensor_Changsha_A2019165.1848.npz,2019,165,2019165,1848,CS,False,,"[64, 64]",32.11,117.99,,,,"Train,Train_no_overlap,Val_phase4",train_grp,True,False,False,True,False,True,CS_2019165,0.287425
Tensor_Changsha_A2019166.1830.npz,2019,166,2019166,1830,CS,False,,"[64, 64]",19.81,120.37,,,,"Train,Train_no_overlap,Train_phase4",train_grp,True,False,False,True,True,False,CS_2019166,0.334329
Tensor_Changsha_A2019167.1812.npz,2019,167,2019167,1812,CS,False,,"[64, 64]",7.74,122.5,,,,"Train,Train_no_overlap,Val_phase4",train_grp,True,False,False,True,False,True,CS_2019167,0.338555
Tensor_Changsha_A2019168.1754.npz,2019,168,2019168,1754,CS,False,,"[64, 64]",4.46,124.34,,,,"Train,Train_no_overlap,Val_phase4",train_grp,True,False,False,True,False,True,CS_2019168,0.334987
Tensor_Changsha_A2019170.1712.npz,2019,170,2019170,1712,CS,False,,"[64, 64]",27.49,127.04,,,,"Train,Train_no_overlap,Train_phase4",val_grp,True,False,False,True,True,False,CS_2019170,0.324004
Tensor_Changsha_A2019170.1854.npz,2019,170,2019170,1854,CS,False,,"[64, 64]",27.94,117.16,,,,"Train,Train_no_overlap,Train_phase4",val_grp,True,False,False,True,True,False,CS_2019170,0.334297
Tensor_Changsha_A2019171.1836.npz,2019,171,2019171,1836,CS,False,,"[64, 64]",39.18,119.63,,,,"Train,Train_no_overlap,Train_phase4",train_grp,True,False,False,True,True,False,CS_2019171,0.334951
Tensor_Changsha_A2019172.1818.npz,2019,172,2019172,1818,CS,False,,"[64, 64]",50.25,121.86,,,,"Train,Train_no_overlap,Train_phase4",train_grp,True,False,False,True,True,False,CS_2019172,0.350256
Tensor_Changsha_A2019173.1800.npz,2019,173,2019173,1800,CS,False,,"[64, 64]",61.19,123.81,,,,"Train,Train_no_overlap,Train_phase4",val_grp,True,False,False,True,True,False,CS_2019173,0.334394
Tensor_Changsha_A2019174.1742.npz,2019,174,2019174,1742,CS,False,,"[64, 64]",72.04,125.47,,,,"Train,Train_no_overlap,Train_phase4",train_grp,True,False,False,True,True,False,CS_2019174,0.31923
Tensor_Changsha_A2019175.1718.npz,2019,175,2019175,1718,CS,False,,"[64, 64]",82.88,126.76,,,,"Train,Train_no_overlap,Train_phase4",val_grp,True,False,False,True,True,False,CS_2019175,0.308992
Tensor_Changsha_A2019175.1900.npz,2019,175,2019175,1900,CS,False,,"[64, 64]",83.47,116.46,,,,"Train,Train_no_overlap,Train_phase4",val_grp,True,False,False,True,True,False,CS_2019175,0.311625
Tensor_Changsha_A2019176.1842.npz,2019,176,2019176,1842,CS,False,,"[64, 64]",94.46,119.02,,,,"Train,Train_no_overlap,Train_phase4",train_grp,True,False,False,True,True,False,CS_2019176,0.323433
Tensor_Changsha_A2019177.1824.npz,2019,177,2019177,1824,CS,False,,"[64, 64]",105.59,121.35,,,,"Train,Train_no_overlap,Train_phase4",train_grp,True,False,False,True,True,False,CS_2019177,0.315776
Tensor_Changsha_A2019178.1806.npz,2019,178,2019178,1806,CS,False,,"[64, 64]",116.94,123.41,,,,"Train,Train_no_overlap,Train_phase4",train_grp,True,False,False,True,True,False,CS_2019178,0.316112
Tensor_Changsha_A2019179.1748.npz,2019,179,2019179,1748,CS,False,,"[64, 64]",128.56,125.19,,,,"Train,Train_no_overlap,Train_phase4",train_grp,True,False,False,True,True,False,CS_2019179,0.339668
Tensor_Changsha_A2019180.1724.npz,2019,180,2019180,1724,CS,False,,"[64, 64]",140.5,126.58,,,,"Train,Train_no_overlap,Train_phase4",train_grp,True,False,False,True,True,False,CS_2019180,0.355419
Tensor_Changsha_A2019181.1848.npz,2019,181,2019181,1848,CS,False,,"[64, 64]",153.93,118.53,,,,"Train,Train_no_overlap,Train_phase4",train_grp,True,False,False,True,True,False,CS_2019181,0.319323
Tensor_Changsha_A2019182.1830.npz,2019,182,2019182,1830,CS,False,,"[64, 64]",166.63,120.96,,,,"Train,Train_no_overlap,Train_phase4",train_grp,True,False,False,True,True,False,CS_2019182,0.314811
Tensor_Changsha_A2019183.1812.npz,2019,183,2019183,1812,CS,False,,"[64, 64]",178.6,123.14,,,,"Train,Train_no_overlap,Train_phase4",val_grp,True,False,False,True,True,False,CS_2019183,0.31175
Tensor_Changsha_A2019184.1754.npz,2019,184,2019184,1754,CS,False,,"[64, 64]",166.98,125.04,,,,"Train,Train_no_overlap,Train_phase4",train_grp,True,False,False,True,True,False,CS_2019184,0.323028
Tensor_Changsha_A2019186.1712.npz,2019,186,2019186,1712,CS,False,,"[64, 64]",140.27,127.85,,,,"Train,Train_no_overlap,Train_phase4",train_grp,True,False,False,True,True,False,CS_2019186,0.323866
Tensor_Changsha_A2019186.1854.npz,2019,186,2019186,1854,CS,False,,"[64, 64]",138.96,118.13,,,,"Train,Train_no_overlap,Train_phase4",train_grp,True,False,False,True,True,False,CS_2019186,0.311857
Tensor_Changsha_A2019187.1836.npz,2019,187,2019187,1836,CS,False,,"[64, 64]",125.67,120.67,,,,"Train,Train_no_overlap,Train_phase4",val_grp,True,False,False,True,True,False,CS_2019187,0.32963
Tensor_Changsha_A2019188.1818.npz,2019,188,2019188,1818,CS,False,,"[64, 64]",112.53,122.97,,,,"Train,Train_no_overlap,Train_phase4",train_grp,True,False,False,True,True,False,CS_2019188,0.334293
Tensor_Changsha_A2019189.1800.npz,2019,189,2019189,1800,CS,False,,"[64, 64]",99.56,125.0,,,,"Train,Train_no_overlap,Val_phase4",train_grp,True,False,False,True,False,True,CS_2019189,0.329739
Tensor_Changsha_A2019190.1742.npz,2019,190,2019190,1742,CS,False,,"[64, 64]",86.8,126.72,,,,"Train,Train_no_overlap,Train_phase4",train_grp,True,False,False,True,True,False,CS_2019190,0.320804
Tensor_Changsha_A2019191.1718.npz,2019,191,2019191,1718,CS,False,,"[64, 64]",74.23,128.1,,,,"Train,Train_no_overlap,Train_phase4",train_grp,True,False,False,True,True,False,CS_2019191,0.312883
Tensor_Changsha_A2019191.1900.npz,2019,191,2019191,1900,CS,False,,"[64, 64]",73.31,117.83,,,,"Train,Train_no_overlap,Val_phase4",train_grp,True,False,False,True,False,True,CS_2019191,0.305735
Tensor_Changsha_A2019192.1842.npz,2019,192,2019192,1842,CS,False,,"[64, 64]",61.05,120.47,,,,"Train,Train_no_overlap,Train_phase4",val_grp,True,False,False,True,True,False,CS_2019192,0.317354
Tensor_Changsha_A2019193.1824.npz,2019,193,2019193,1824,CS,False,,"[64, 64]",48.98,122.89,,,,"Train,Train_no_overlap,Train_phase4",train_grp,True,False,False,True,True,False,CS_2019193,0.330315
Tensor_Changsha_A2019194.1806.npz,2019,194,2019194,1806,CS,False,,"[64, 64]",37.07,125.05,,,,"Train,Train_no_overlap,Train_phase4",val_grp,True,False,False,True,True,False,CS_2019194,0.350106
Tensor_Changsha_A2019195.1748.npz,2019,195,2019195,1748,CS,False,,"[64, 64]",25.32,126.92,,,,"Train,Train_no_overlap,Val_phase4",train_grp,True,False,False,True,False,True,CS_2019195,0.324033
Tensor_Changsha_A2019196.1724.npz,2019,196,2019196,1724,CS,False,,"[64, 64]",13.75,128.26,,,,"Train,Train_no_overlap,Train_phase4",train_grp,True,False,False,True,True,False,CS_2019196,0.358702
Tensor_Changsha_A2019197.1848.npz,2019,197,2019197,1848,CS,False,,"[64, 64]",2.14,120.34,,,,"Train,Train_no_overlap,Val_phase4",train_grp,True,False,False,True,False,True,CS_2019197,0.344853
Tensor_Changsha_A2019198.1830.npz,2019,198,2019198,1830,CS,False,,"[64, 64]",9.56,122.88,,,,"Train,Train_no_overlap,Train_phase4",train_grp,True,False,False,True,True,False,CS_2019198,0.339382
Tensor_Changsha_A2019199.1812.npz,2019,199,2019199,1812,CS,False,,"[64, 64]",20.64,125.18,,,,"Train,Train_no_overlap,Train_phase4",train_grp,True,False,False,True,True,False,CS_2019199,0.33963
Tensor_Changsha_A2019200.1754.npz,2019,200,2019200,1754,CS,False,,"[64, 64]",31.64,127.2,,,,"Train,Train_no_overlap,Train_phase4",train_grp,True,False,False,True,True,False,CS_2019200,0.311241
Tensor_Changsha_A2019202.1712.npz,2019,202,2019202,1712,CS,False,,"[64, 64]",53.42,130.22,,,,"Train,Train_no_overlap,Train_phase4",train_grp,True,False,False,True,True,False,CS_2019202,0.319482
Tensor_Changsha_A2019202.1854.npz,2019,202,2019202,1854,CS,False,,"[64, 64]",53.89,120.26,,,,"Train,Train_no_overlap,Val_phase4",train_grp,True,False,False,True,False,True,CS_2019202,0.328463
Tensor_Changsha_A2019203.1836.npz,2019,203,2019203,1836,CS,False,,"[64, 64]",64.82,122.93,,,,"Train,Train_no_overlap,Val_phase4",train_grp,True,False,False,True,False,True,CS_2019203,0.335357
Tensor_Changsha_A2019204.1818.npz,2019,204,2019204,1818,CS,False,,"[64, 64]",75.82,125.37,,,,"Train,Train_no_overlap,Train_phase4",train_grp,True,False,False,True,True,False,CS_2019204,0.292827
Tensor_Changsha_A2019205.1800.npz,2019,205,2019205,1800,CS,False,,"[64, 64]",86.96,127.53,,,,"Train,Train_no_overlap,Train_phase4",train_grp,True,False,False,True,True,False,CS_2019205,0.283751
Tensor_Changsha_A2019206.1742.npz,2019,206,2019206,1742,CS,False,,"[64, 64]",98.32,129.39,,,,"Train,Train_no_overlap,Train_phase4",train_grp,True,False,False,True,True,False,CS_2019206,0.301467
Tensor_Changsha_A2019207.1718.npz,2019,207,2019207,1718,CS,False,,"[64, 64]",109.95,130.89,,,,"Train,Train_no_overlap,Train_phase4",val_grp,True,False,False,True,True,False,CS_2019207,0.302848
Tensor_Changsha_A2019207.1900.npz,2019,207,2019207,1900,CS,False,,"[64, 64]",110.76,120.21,,,,"Train,Train_no_overlap,Train_phase4",val_grp,True,False,False,True,True,False,CS_2019207,0.294383
Tensor_Changsha_A2019208.1842.npz,2019,208,2019208,1842,CS,False,,"[64, 64]",122.86,123.01,,,,"Train,Train_no_overlap,Train_phase4",val_grp,True,False,False,True,True,False,CS_2019208,0.321948
Tensor_Changsha_A2019209.1824.npz,2019,209,2019209,1824,CS,False,,"[64, 64]",135.33,125.59,,,,"Train,Train_no_overlap,Val_phase4",train_grp,True,False,False,True,False,True,CS_2019209,0.28347
Tensor_Changsha_A2019210.1806.npz,2019,210,2019210,1806,CS,False,,"[64, 64]",148.18,127.91,,,,"Train,Train_no_overlap,Train_phase4",train_grp,True,False,False,True,True,False,CS_2019210,0.301186
Tensor_Changsha_A2019211.1748.npz,2019,211,2019211,1748,CS,False,,"[64, 64]",161.37,129.94,,,,"Train,Train_no_overlap,Train_phase4",train_grp,True,False,False,True,True,False,CS_2019211,0.313362
Tensor_Changsha_A2019213.1848.npz,2019,213,2019213,1848,CS,False,,"[64, 64]",170.02,123.11,,,,"Train,Train_no_overlap,Train_phase4",train_grp,True,False,False,True,True,False,CS_2019213,0.325918
Tensor_Changsha_A2019214.1830.npz,2019,214,2019214,1830,CS,False,,"[64, 64]",156.34,125.83,,,,"Train,Train_no_overlap,Val_phase4",train_grp,True,False,False,True,False,True,CS_2019214,0.317813
Tensor_Changsha_A2019215.1812.npz,2019,215,2019215,1812,CS,False,,"[64, 64]",142.72,128.31,,,,"Train,Train_no_overlap,Train_phase4",train_grp,True,False,False,True,True,False,CS_2019215,0.303706
Tensor_Changsha_A2019216.1754.npz,2019,216,2019216,1754,CS,False,,"[64, 64]",129.31,130.51,,,,"Train,Train_no_overlap,Train_phase4",train_grp,True,False,False,True,True,False,CS_2019216,0.29179
Tensor_Changsha_A2019217.1736.npz,2019,217,2019217,1736,CS,False,,"[64, 64]",116.17,132.59,,,,"Train,Train_no_overlap,Train_phase4",train_grp,True,False,False,True,True,False,CS_2019217,0.299361
Tensor_Changsha_A2019218.1712.npz,2019,218,2019218,1712,CS,False,,"[64, 64]",103.34,133.88,,,,"Train,Train_no_overlap,Train_phase4",train_grp,True,False,False,True,True,False,CS_2019218,0.330025
Tensor_Changsha_A2019218.1854.npz,2019,218,2019218,1854,CS,False,,"[64, 64]",102.23,123.19,,,,"Train,Train_no_overlap,Train_phase4",train_grp,True,False,False,True,True,False,CS_2019218,0.32716
Tensor_Changsha_A2019219.1836.npz,2019,219,2019219,1836,CS,False,,"[64, 64]",89.83,126.06,,,,"Train,Train_no_overlap,Train_phase4",val_grp,True,False,False,True,True,False,CS_2019219,0.332821
Tensor_Changsha_A2019220.1818.npz,2019,220,2019220,1818,CS,False,,"[64, 64]",77.74,128.7,,,,"Train,Train_no_overlap,Val_phase4",train_grp,True,False,False,True,False,True,CS_2019220,0.305738
Tensor_Changsha_A2019221.1800.npz,2019,221,2019221,1800,CS,False,,"[64, 64]",65.9,131.07,,,,"Train,Train_no_overlap,Train_phase4",train_grp,True,False,False,True,True,False,CS_2019221,0.299614
Tensor_Changsha_A2019222.1742.npz,2019,222,2019222,1742,CS,False,,"[64, 64]",54.29,133.14,,,,"Train,Train_no_overlap,Train_phase4",train_grp,True,False,False,True,True,False,CS_2019222,0.309813
Tensor_Changsha_A2019223.1718.npz,2019,223,2019223,1718,CS,False,,"[64, 64]",42.87,134.85,,,,"Train,Train_no_overlap,Train_phase4",val_grp,True,False,False,True,True,False,CS_2019223,0.338916
Tensor_Changsha_A2019223.1900.npz,2019,223,2019223,1900,CS,False,,"[64, 64]",42.19,123.25,,,,"Train,Train_no_overlap,Train_phase4",val_grp,True,False,False,True,True,False,CS_2019223,0.32149
Tensor_Changsha_A2019224.1842.npz,2019,224,2019224,1842,CS,False,,"[64, 64]",31.03,126.27,,,,"Train,Train_no_overlap,Train_phase4",train_grp,True,False,False,True,True,False,CS_2019224,0.299066
Tensor_Changsha_A2019225.1824.npz,2019,225,2019225,1824,CS,False,,"[64, 64]",20.02,129.07,,,,"Train,Train_no_overlap,Train_phase4",train_grp,True,False,False,True,True,False,CS_2019225,0.303794
Tensor_Changsha_A2019226.1806.npz,2019,226,2019226,1806,CS,False,,"[64, 64]",9.36,131.62,,,,"Train,Train_no_overlap,Val_phase4",val_grp,True,False,False,True,False,True,CS_2019226,0.313948
Tensor_Changsha_A2019227.1748.npz,2019,227,2019227,1748,CS,False,,"[64, 64]",4.19,133.88,,,,"Train,Train_no_overlap,Val_phase4",train_grp,True,False,False,True,False,True,CS_2019227,0.297471
Tensor_Changsha_A2019229.1848.npz,2019,229,2019229,1848,CS,False,,"[64, 64]",24.78,126.43,,,,"Train,Train_no_overlap,Train_phase4",train_grp,True,False,False,True,True,False,CS_2019229,0.305985
Tensor_Changsha_A2019230.1830.npz,2019,230,2019230,1830,CS,False,,"[64, 64]",35.6,129.38,,,,"Train,Train_no_overlap,Val_phase4",train_grp,True,False,False,True,False,True,CS_2019230,0.292924
Tensor_Changsha_A2019231.1812.npz,2019,231,2019231,1812,CS,False,,"[64, 64]",46.51,132.12,,,,"Train,Train_no_overlap,Val_phase4",train_grp,True,False,False,True,False,True,CS_2019231,0.291294
Tensor_Changsha_A2019232.1754.npz,2019,232,2019232,1754,CS,False,,"[64, 64]",57.51,134.58,,,,"Train,Train_no_overlap,Train_phase4",train_grp,True,False,False,True,True,False,CS_2019232,0.344266
Tensor_Changsha_A2019233.1736.npz,2019,233,2019233,1736,CS,False,,"[64, 64]",68.66,136.91,,,,"Train,Train_no_overlap,Train_phase4",val_grp,True,False,False,True,True,False,CS_2019233,0.298412
Tensor_Changsha_A2019234.1712.npz,2019,234,2019234,1712,CS,False,,"[64, 64]",79.99,138.47,,,,"Train,Train_no_overlap,Train_phase4",train_grp,True,False,False,True,True,False,CS_2019234,0.31556
Tensor_Changsha_A2019234.1854.npz,2019,234,2019234,1854,CS,False,,"[64, 64]",80.61,126.52,,,,"Train,Train_no_overlap,Val_phase4",train_grp,True,False,False,True,False,True,CS_2019234,0.317385
Tensor_Changsha_A2019235.1836.npz,2019,235,2019235,1836,CS,False,,"[64, 64]",92.31,129.64,,,,"Train,Train_no_overlap,Train_phase4",train_grp,True,False,False,True,True,False,CS_2019235,0.294783
Tensor_Changsha_A2019236.1818.npz,2019,236,2019236,1818,CS,False,,"[64, 64]",104.33,132.56,,,,"Train,Train_no_overlap,Val_phase4",train_grp,True,False,False,True,False,True,CS_2019236,0.293362
Tensor_Changsha_A2019237.1800.npz,2019,237,2019237,1800,CS,False,,"[64, 64]",116.71,135.21,,,,"Train,Train_no_overlap,Train_phase4",train_grp,True,False,False,True,True,False,CS_2019237,0.325667
Tensor_Changsha_A2019238.1742.npz,2019,238,2019238,1742,CS,False,,"[64, 64]",129.48,137.57,,,,"Train,Train_no_overlap,Train_phase4",val_grp,True,False,False,True,True,False,CS_2019238,0.330968
Tensor_Changsha_A2019239.1718.npz,2019,239,2019239,1718,CS,False,,"[64, 64]",142.6,139.56,,,,"Train,Train_no_overlap,Val_phase4",train_grp,True,False,False,True,False,True,CS_2019239,0.322874
Tensor_Changsha_A2019240.1842.npz,2019,240,2019240,1842,CS,False,,"[64, 64]",157.21,129.82,,,,"Train,Train_no_overlap,Train_phase4",val_grp,True,False,False,True,True,False,CS_2019240,0.324518
Tensor_Changsha_A2019241.1824.npz,2019,241,2019241,1824,CS,False,,"[64, 64]",170.64,132.91,,,,"Train,Train_no_overlap,Train_phase4",train_grp,True,False,False,True,True,False,CS_2019241,0.327438
Tensor_Changsha_A2019242.1806.npz,2019,242,2019242,1806,CS,False,,"[64, 64]",173.76,135.76,,,,"Train,Train_no_overlap,Train_phase4",val_grp,True,False,False,True,True,False,CS_2019242,0.338566
Tensor_Changsha_A2019243.1748.npz,2019,243,2019243,1748,CS,False,,"[64, 64]",160.66,138.34,,,,"Train,Train_no_overlap,Train_phase4",train_grp,True,False,False,True,True,False,CS_2019243,0.352623
Tensor_Changsha_A2019245.1848.npz,2019,245,2019245,1848,CS,False,,"[64, 64]",132.6,129.91,,,,"Train,Train_no_overlap,Train_phase4",train_grp,True,False,False,True,True,False,CS_2019245,0.331979
Tensor_Changsha_A2019246.1830.npz,2019,246,2019246,1830,CS,False,,"[64, 64]",119.74,133.16,,,,"Train,Train_no_overlap,Train_phase4",train_grp,True,False,False,True,True,False,CS_2019246,0.287007
Tensor_Changsha_A2019247.1812.npz,2019,247,2019247,1812,CS,False,,"[64, 64]",107.28,136.21,,,,"Train,Train_no_overlap,Train_phase4",train_grp,True,False,False,True,True,False,CS_2019247,0.29601
Tensor_Changsha_A2019248.1754.npz,2019,248,2019248,1754,CS,False,,"[64, 64]",95.2,139.0,,,,"Train,Train_no_overlap,Train_phase4",train_grp,True,False,False,True,True,False,CS_2019248,0.301905
Tensor_Changsha_A2019249.1736.npz,2019,249,2019249,1736,CS,False,,"[64, 64]",83.46,141.63,,,,"Train,Train_no_overlap,Train_phase4",train_grp,True,False,False,True,True,False,CS_2019249,0.305162
Tensor_Changsha_A2019250.1712.npz,2019,250,2019250,1712,CS,False,,"[64, 64]",72.01,143.57,,,,"Train,Train_no_overlap,Train_phase4",train_grp,True,False,False,True,True,False,CS_2019250,0.317201
Tensor_Changsha_A2019250.1854.npz,2019,250,2019250,1854,CS,False,,"[64, 64]",71.16,129.89,,,,"Train,Train_no_overlap,Val_phase4",train_grp,True,False,False,True,False,True,CS_2019250,0.311625
Tensor_Changsha_A2019251.1836.npz,2019,251,2019251,1836,CS,False,,"[64, 64]",60.03,133.3,,,,"Train,Train_no_overlap,Train_phase4",val_grp,True,False,False,True,True,False,CS_2019251,0.32302
Tensor_Changsha_A2019252.1818.npz,2019,252,2019252,1818,CS,False,,"[64, 64]",49.07,136.53,,,,"Train,Train_no_overlap,Train_phase4",val_grp,True,False,False,True,True,False,CS_2019252,0.318694
Tensor_Changsha_A2019253.1800.npz,2019,253,2019253,1800,CS,False,,"[64, 64]",38.24,139.54,,,,"Train,Train_no_overlap,Train_phase4",train_grp,True,False,False,True,True,False,CS_2019253,0.3256
Tensor_Changsha_A2019254.1742.npz,2019,254,2019254,1742,CS,False,,"[64, 64]",27.51,142.25,,,,"Train,Train_no_overlap,Val_phase4",train_grp,True,False,False,True,False,True,CS_2019254,0.303402
Tensor_Changsha_A2019255.1718.npz,2019,255,2019255,1718,CS,False,,"[64, 64]",16.97,144.61,,,,"Train,Train_no_overlap,Train_phase4",val_grp,True,False,False,True,True,False,CS_2019255,0.297588
Tensor_Changsha_A2019255.1900.npz,2019,255,2019255,1900,CS,False,,"[64, 64]",16.42,129.77,,,,"Train,Train_no_overlap,Val_phase4",val_grp,True,False,False,True,False,True,CS_2019255,0.308558
Tensor_Changsha_A2019256.1842.npz,2019,256,2019256,1842,CS,False,,"[64, 64]",6.91,133.32,,,,"Train,Train_no_overlap,Train_phase4",val_grp,True,False,False,True,True,False,CS_2019256,0.317174
Tensor_Changsha_A2019257.1824.npz,2019,257,2019257,1824,CS,False,,"[64, 64]",7.74,136.72,,,,"Train,Train_no_overlap,Train_phase4",train_grp,True,False,False,True,True,False,CS_2019257,0.305311
Tensor_Changsha_A2019258.1806.npz,2019,258,2019258,1806,CS,False,,"[64, 64]",17.61,139.93,,,,"Train,Train_no_overlap,Train_phase4",val_grp,True,False,False,True,True,False,CS_2019258,0.318369
Tensor_Changsha_A2019259.1748.npz,2019,259,2019259,1748,CS,False,,"[64, 64]",28.36,142.88,,,,"Train,Train_no_overlap,Train_phase4",train_grp,True,False,False,True,True,False,CS_2019259,0.327882
Tensor_Changsha_A2019261.1848.npz,2019,261,2019261,1848,CS,False,,"[64, 64]",51.03,133.23,,,,"Train,Train_no_overlap,Train_phase4",train_grp,True,False,False,True,True,False,CS_2019261,0.308699
Tensor_Changsha_A2019262.1830.npz,2019,262,2019262,1830,CS,False,,"[64, 64]",62.48,136.78,,,,"Train,Train_no_overlap,Train_phase4",train_grp,True,False,False,True,True,False,CS_2019262,0.289827
Tensor_Changsha_A2019263.1812.npz,2019,263,2019263,1812,CS,False,,"[64, 64]",74.17,140.17,,,,"Train,Train_no_overlap,Train_phase4",train_grp,True,False,False,True,True,False,CS_2019263,0.310413
Tensor_Changsha_A2019264.1754.npz,2019,264,2019264,1754,CS,False,,"[64, 64]",86.14,143.34,,,,"Train,Train_no_overlap,Train_phase4",train_grp,True,False,False,True,True,False,CS_2019264,0.27972
Tensor_Changsha_A2019265.1736.npz,2019,265,2019265,1736,CS,False,,"[64, 64]",98.41,146.37,,,,"Train,Train_no_overlap,Train_phase4",train_grp,True,False,False,True,True,False,CS_2019265,0.29816
Tensor_Changsha_A2019266.1712.npz,2019,266,2019266,1712,CS,False,,"[64, 64]",111.02,148.74,,,,"Train,Train_no_overlap,Val_phase4",train_grp,True,False,False,True,False,True,CS_2019266,0.303543
Tensor_Changsha_A2019266.1854.npz,2019,266,2019266,1854,CS,False,,"[64, 64]",111.88,133.01,,,,"Train,Train_no_overlap,Train_phase4",train_grp,True,False,False,True,True,False,CS_2019266,0.312285
Tensor_Changsha_A2019267.1836.npz,2019,267,2019267,1836,CS,False,,"[64, 64]",124.96,136.71,,,,"Train,Train_no_overlap,Train_phase4",train_grp,True,False,False,True,True,False,CS_2019267,0.333472
Tensor_Changsha_A2019268.1818.npz,2019,268,2019268,1818,CS,False,,"[64, 64]",138.32,140.27,,,,"Train,Train_no_overlap,Train_phase4",train_grp,True,False,False,True,True,False,CS_2019268,0.341069
Tensor_Changsha_A2019269.1800.npz,2019,269,2019269,1800,CS,False,,"[64, 64]",151.87,143.64,,,,"Train,Train_no_overlap,Train_phase4",train_grp,True,False,False,True,True,False,CS_2019269,0.339263
Tensor_Changsha_A2019270.1742.npz,2019,270,2019270,1742,CS,False,,"[64, 64]",165.31,146.77,,,,"Train,Train_no_overlap,Train_phase4",train_grp,True,False,False,True,True,False,CS_2019270,0.29274
Tensor_Changsha_A2019271.1718.npz,2019,271,2019271,1718,CS,False,,"[64, 64]",175.42,149.57,,,,"Train,Train_no_overlap,Train_phase4",train_grp,True,False,False,True,True,False,CS_2019271,0.307534
Tensor_Changsha_A2019271.1900.npz,2019,271,2019271,1900,CS,False,,"[64, 64]",175.15,132.69,,,,"Train,Train_no_overlap,Val_phase4",train_grp,True,False,False,True,False,True,CS_2019271,0.295437
Tensor_Changsha_A2019272.1842.npz,2019,272,2019272,1842,CS,False,,"[64, 64]",164.43,136.51,,,,"Train,Train_no_overlap,Train_phase4",train_grp,True,False,False,True,True,False,CS_2019272,0.292186
Tensor_Changsha_A2019273.1824.npz,2019,273,2019273,1824,CS,False,,"[64, 64]",151.37,140.22,,,,"Train,Train_no_overlap,Train_phase4",train_grp,True,False,False,True,True,False,CS_2019273,0.295251
Tensor_Changsha_A2019274.1806.npz,2019,274,2019274,1806,CS,False,,"[64, 64]",138.48,143.78,,,,"Train,Train_no_overlap,Train_phase4",val_grp,True,False,False,True,True,False,CS_2019274,0.295943
Tensor_Changsha_A2019275.1748.npz,2019,275,2019275,1748,CS,False,,"[64, 64]",125.96,147.13,,,,"Train,Train_no_overlap,Val_phase4",train_grp,True,False,False,True,False,True,CS_2019275,0.323398
Tensor_Changsha_A2019277.1848.npz,2019,277,2019277,1848,CS,False,,"[64, 64]",101.04,136.2,,,,"Train,Train_no_overlap,Train_phase4",train_grp,True,False,False,True,True,False,CS_2019277,0.305974
Tensor_Changsha_A2019278.1830.npz,2019,278,2019278,1830,CS,False,,"[64, 64]",89.72,140.03,,,,"Train,Train_no_overlap,Train_phase4",train_grp,True,False,False,True,True,False,CS_2019278,0.294741
Tensor_Changsha_A2019279.1812.npz,2019,279,2019279,1812,CS,False,,"[64, 64]",78.66,143.75,,,,"Train,Train_no_overlap,Val_phase4",train_grp,True,False,False,True,False,True,CS_2019279,0.311042
Tensor_Changsha_A2019280.1754.npz,2019,280,2019280,1754,CS,False,,"[64, 64]",67.8,147.3,,,,"Train,Train_no_overlap,Train_phase4",val_grp,True,False,False,True,True,False,CS_2019280,0.288766
Tensor_Changsha_A2019282.1712.npz,2019,282,2019282,1712,CS,False,,"[64, 64]",46.36,153.59,,,,"Train,Train_no_overlap,Train_phase4",val_grp,True,False,False,True,True,False,CS_2019282,0.318111
Tensor_Changsha_A2019282.1854.npz,2019,282,2019282,1854,CS,False,,"[64, 64]",45.68,135.77,,,,"Train,Train_no_overlap,Train_phase4",val_grp,True,False,False,True,True,False,CS_2019282,0.324994
Tensor_Changsha_A2019283.1836.npz,2019,283,2019283,1836,CS,False,,"[64, 64]",35.09,139.72,,,,"Train,Train_no_overlap,Train_phase4",val_grp,True,False,False,True,True,False,CS_2019283,0.313874
Tensor_Changsha_A2019284.1818.npz,2019,284,2019284,1818,CS,False,,"[64, 64]",24.49,143.57,,,,"Train,Train_no_overlap,Val_phase4",train_grp,True,False,False,True,False,True,CS_2019284,0.338438
Tensor_Changsha_A2019285.1800.npz,2019,285,2019285,1800,CS,False,,"[64, 64]",14.06,147.29,,,,"Train,Train_no_overlap,Train_phase4",train_grp,True,False,False,True,True,False,CS_2019285,0.321468
Tensor_Changsha_A2019286.1742.npz,2019,286,2019286,1742,CS,False,,"[64, 64]",5.58,150.82,,,,"Train,Train_no_overlap,Val_phase4",train_grp,True,False,False,True,False,True,CS_2019286,0.328057
Tensor_Changsha_A2019287.1718.npz,2019,287,2019287,1718,CS,False,,"[64, 64]",10.47,154.08,,,,"Train,Train_no_overlap,Train_phase4",train_grp,True,False,False,True,True,False,CS_2019287,0.335367
Tensor_Changsha_A2019287.1900.npz,2019,287,2019287,1900,CS,False,,"[64, 64]",10.83,135.26,,,,"Train,Train_no_overlap,Train_phase4",train_grp,True,False,False,True,True,False,CS_2019287,0.322003
Tensor_Changsha_A2019288.1842.npz,2019,288,2019288,1842,CS,False,,"[64, 64]",21.48,139.29,,,,"Train,Train_no_overlap,Train_phase4",train_grp,True,False,False,True,True,False,CS_2019288,0.32217
Tensor_Changsha_A2019289.1824.npz,2019,289,2019289,1824,CS,False,,"[64, 64]",32.76,143.25,,,,"Train,Train_no_overlap,Train_phase4",train_grp,True,False,False,True,True,False,CS_2019289,0.309248
Tensor_Changsha_A2019290.1806.npz,2019,290,2019290,1806,CS,False,,"[64, 64]",44.33,147.11,,,,"Train,Train_no_overlap,Train_phase4",train_grp,True,False,False,True,True,False,CS_2019290,0.310146
Tensor_Changsha_A2019291.1748.npz,2019,291,2019291,1748,CS,False,,"[64, 64]",56.16,150.84,,,,"Train,Train_no_overlap,Train_phase4",train_grp,True,False,False,True,True,False,CS_2019291,0.291893
Tensor_Changsha_A2019292.1724.npz,2019,292,2019292,1724,CS,False,,"[64, 64]",68.2,154.23,,,,"Train,Train_no_overlap,Train_phase4",train_grp,True,False,False,True,True,False,CS_2019292,0.292546
Tensor_Changsha_A2019293.1848.npz,2019,293,2019293,1848,CS,False,,"[64, 64]",81.15,138.78,,,,"Train,Train_no_overlap,Train_phase4",train_grp,True,False,False,True,True,False,CS_2019293,0.296863
Tensor_Changsha_A2019294.1830.npz,2019,294,2019294,1830,CS,False,,"[64, 64]",93.8,142.83,,,,"Train,Train_no_overlap,Train_phase4",val_grp,True,False,False,True,True,False,CS_2019294,0.328451
Tensor_Changsha_A2019295.1812.npz,2019,295,2019295,1812,CS,False,,"[64, 64]",106.69,146.81,,,,"Train,Train_no_overlap,Train_phase4",train_grp,True,False,False,True,True,False,CS_2019295,0.306415
Tensor_Changsha_A2019296.1754.npz,2019,296,2019296,1754,CS,False,,"[64, 64]",119.82,150.68,,,,"Train,Train_no_overlap,Train_phase4",val_grp,True,False,False,True,True,False,CS_2019296,0.308887
Tensor_Changsha_A2019298.1712.npz,2019,298,2019298,1712,CS,False,,"[64, 64]",146.54,157.83,,,,"Train,Train_no_overlap,Val_phase4",val_grp,True,False,False,True,False,True,CS_2019298,0.330138
Tensor_Changsha_A2019298.1854.npz,2019,298,2019298,1854,CS,False,,"[64, 64]",147.66,138.18,,,,"Train,Train_no_overlap,Train_phase4",val_grp,True,False,False,True,True,False,CS_2019298,0.301756
Tensor_Changsha_A2019299.1836.npz,2019,299,2019299,1836,CS,False,,"[64, 64]",161.04,142.31,,,,"Train,Train_no_overlap,Train_phase4",train_grp,True,False,False,True,True,False,CS_2019299,0.304381
Tensor_Changsha_A2019300.1818.npz,2019,300,2019300,1818,CS,False,,"[64, 64]",173.36,146.38,,,,"Train,Train_no_overlap,Train_phase4",train_grp,True,False,False,True,True,False,CS_2019300,0.332978
Tensor_Changsha_A2019301.1800.npz,2019,301,2019301,1800,CS,False,,"[64, 64]",170.52,150.38,,,,"Train,Train_no_overlap,Train_phase4",train_grp,True,False,False,True,True,False,CS_2019301,0.284137
Tensor_Changsha_A2019302.1742.npz,2019,302,2019302,1742,CS,False,,"[64, 64]",158.19,154.24,,,,"Train,Train_no_overlap,Train_phase4",train_grp,True,False,False,True,True,False,CS_2019302,0.295415
Tensor_Changsha_A2019303.1718.npz,2019,303,2019303,1718,CS,False,,"[64, 64]",145.75,157.92,,,,"Train,Train_no_overlap,Train_phase4",train_grp,True,False,False,True,True,False,CS_2019303,0.301451
Tensor_Changsha_A2019303.1900.npz,2019,303,2019303,1900,CS,False,,"[64, 64]",144.52,137.56,,,,"Train,Train_no_overlap,Train_phase4",train_grp,True,False,False,True,True,False,CS_2019303,0.298088
Tensor_Changsha_A2019304.1842.npz,2019,304,2019304,1842,CS,False,,"[64, 64]",132.43,141.73,,,,"Train,Train_no_overlap,Train_phase4",val_grp,True,False,False,True,True,False,CS_2019304,0.300397
Tensor_Changsha_A2019305.1824.npz,2019,305,2019305,1824,CS,False,,"[64, 64]",120.73,145.87,,,,"Train,Train_no_overlap,Val_phase4",train_grp,True,False,False,True,False,True,CS_2019305,0.294209
Tensor_Changsha_A2019306.1806.npz,2019,306,2019306,1806,CS,False,,"[64, 64]",109.37,149.95,,,,"Train,Train_no_overlap,Train_phase4",val_grp,True,False,False,True,True,False,CS_2019306,0.350242
Tensor_Changsha_A2019307.1748.npz,2019,307,2019307,1748,CS,False,,"[64, 64]",98.3,153.95,,,,"Train,Train_no_overlap,Train_phase4",train_grp,True,False,False,True,True,False,CS_2019307,0.305145
Tensor_Changsha_A2019308.1724.npz,2019,308,2019308,1724,CS,False,,"[64, 64]",87.44,157.78,,,,"Train,Train_no_overlap,Train_phase4",train_grp,True,False,False,True,True,False,CS_2019308,0.33703
Tensor_Changsha_A2019309.1848.npz,2019,309,2019309,1848,CS,False,,"[64, 64]",75.87,141.1,,,,"Train,Train_no_overlap,Val_phase4",train_grp,True,False,False,True,False,True,CS_2019309,0.318963
Tensor_Changsha_A2019310.1830.npz,2019,310,2019310,1830,CS,False,,"[64, 64]",65.29,145.27,,,,"Train,Train_no_overlap,Train_phase4",train_grp,True,False,False,True,True,False,CS_2019310,0.289845
Tensor_Changsha_A2019311.1812.npz,2019,311,2019311,1812,CS,False,,"[64, 64]",54.67,149.43,,,,"Train,Train_no_overlap,Train_phase4",train_grp,True,False,False,True,True,False,CS_2019311,0.29184
Tensor_Changsha_A2019312.1754.npz,2019,312,2019312,1754,CS,False,,"[64, 64]",43.97,153.52,,,,"Train,Train_no_overlap,Train_phase4",train_grp,True,False,False,True,True,False,CS_2019312,0.315601
Tensor_Changsha_A2019314.1712.npz,2019,314,2019314,1712,CS,False,,"[64, 64]",22.15,161.33,,,,"Train,Train_no_overlap,Train_phase4",train_grp,True,False,False,True,True,False,CS_2019314,0.314319
Tensor_Changsha_A2019314.1854.npz,2019,314,2019314,1854,CS,False,,"[64, 64]",21.59,140.41,,,,"Train,Train_no_overlap,Val_phase4",train_grp,True,False,False,True,False,True,CS_2019314,0.331417
Tensor_Changsha_A2019315.1836.npz,2019,315,2019315,1836,CS,False,,"[64, 64]",10.7,144.64,,,,"Train,Train_no_overlap,Train_phase4",train_grp,True,False,False,True,True,False,CS_2019315,0.307104
Tensor_Changsha_A2019316.1818.npz,2019,316,2019316,1818,CS,False,,"[64, 64]",4.29,148.83,,,,"Train,Train_no_overlap,Val_phase4",train_grp,True,False,False,True,False,True,CS_2019316,0.324911
Tensor_Changsha_A2019317.1800.npz,2019,317,2019317,1800,CS,False,,"[64, 64]",13.96,152.99,,,,"Train,Train_no_overlap,Train_phase4",train_grp,True,False,False,True,True,False,CS_2019317,0.286392
Tensor_Changsha_A2019318.1742.npz,2019,318,2019318,1742,CS,False,,"[64, 64]",25.71,157.15,,,,"Train,Train_no_overlap,Train_phase4",train_grp,True,False,False,True,True,False,CS_2019318,0.296454
Tensor_Changsha_A2019319.1718.npz,2019,319,2019319,1718,CS,False,,"[64, 64]",37.83,161.06,,,,"Train,Train_no_overlap,Train_phase4",train_grp,True,False,False,True,True,False,CS_2019319,0.316626
Tensor_Changsha_A2019319.1900.npz,2019,319,2019319,1900,CS,False,,"[64, 64]",38.32,139.73,,,,"Train,Train_no_overlap,Val_phase4",train_grp,True,False,False,True,False,True,CS_2019319,0.327391
Tensor_Changsha_A2019320.1842.npz,2019,320,2019320,1842,CS,False,,"[64, 64]",50.71,143.96,,,,"Train,Train_no_overlap,Val_phase4",val_grp,True,False,False,True,False,True,CS_2019320,0.29291
Tensor_Changsha_A2019321.1824.npz,2019,321,2019321,1824,CS,False,,"[64, 64]",63.3,148.19,,,,"Train,Train_no_overlap,Val_phase4",train_grp,True,False,False,True,False,True,CS_2019321,0.315497
Tensor_Changsha_A2019322.1806.npz,2019,322,2019322,1806,CS,False,,"[64, 64]",76.05,152.4,,,,"Train,Train_no_overlap,Train_phase4",train_grp,True,False,False,True,True,False,CS_2019322,0.32515
Tensor_Changsha_A2019323.1748.npz,2019,323,2019323,1748,CS,False,,"[64, 64]",88.92,156.57,,,,"Train,Train_no_overlap,Val_phase4",train_grp,True,False,False,True,False,True,CS_2019323,0.321326
Tensor_Changsha_A2019324.1724.npz,2019,324,2019324,1724,CS,False,,"[64, 64]",101.91,160.64,,,,"Train,Train_no_overlap,Val_phase4",train_grp,True,False,False,True,False,True,CS_2019324,0.31919
Tensor_Changsha_A2019325.1848.npz,2019,325,2019325,1848,CS,False,,"[64, 64]",115.9,143.28,,,,"Train,Train_no_overlap,Train_phase4",train_grp,True,False,False,True,True,False,CS_2019325,0.284029
Tensor_Changsha_A2019326.1830.npz,2019,326,2019326,1830,CS,False,,"[64, 64]",129.11,147.52,,,,"Train,Train_no_overlap,Train_phase4",train_grp,True,False,False,True,True,False,CS_2019326,0.297038
Tensor_Changsha_A2019327.1812.npz,2019,327,2019327,1812,CS,False,,"[64, 64]",142.29,151.76,,,,"Train,Train_no_overlap,Train_phase4",train_grp,True,False,False,True,True,False,CS_2019327,0.327081
Tensor_Changsha_A2019328.1754.npz,2019,328,2019328,1754,CS,False,,"[64, 64]",155.35,155.97,,,,"Train,Train_no_overlap,Train_phase4",train_grp,True,False,False,True,True,False,CS_2019328,0.306202
Tensor_Changsha_A2019330.1854.npz,2019,330,2019330,1854,CS,False,,"[64, 64]",176.24,142.58,,,,"Train,Train_no_overlap,Train_phase4",train_grp,True,False,False,True,True,False,CS_2019330,0.31785
Tensor_Changsha_A2019331.1836.npz,2019,331,2019331,1836,CS,False,,"[64, 64]",164.87,146.84,,,,"Train,Train_no_overlap,Train_phase4",train_grp,True,False,False,True,True,False,CS_2019331,0.273869
Tensor_Changsha_A2019332.1818.npz,2019,332,2019332,1818,CS,False,,"[64, 64]",152.91,151.08,,,,"Train,Train_no_overlap,Train_phase4",train_grp,True,False,False,True,True,False,CS_2019332,0.292377
Tensor_Changsha_A2019333.1800.npz,2019,333,2019333,1800,CS,False,,"[64, 64]",141.22,155.32,,,,"Train,Train_no_overlap,Train_phase4",val_grp,True,False,False,True,True,False,CS_2019333,0.309871
Tensor_Changsha_A2019335.1718.npz,2019,335,2019335,1718,CS,False,,"[64, 64]",118.76,163.66,,,,"Train,Train_no_overlap,Train_phase4",train_grp,True,False,False,True,True,False,CS_2019335,0.306264
Tensor_Changsha_A2019335.1900.npz,2019,335,2019335,1900,CS,False,,"[64, 64]",117.69,141.88,,,,"Train,Train_no_overlap,Train_phase4",train_grp,True,False,False,True,True,False,CS_2019335,0.290732
Tensor_Changsha_A2019337.1824.npz,2019,337,2019337,1824,CS,False,,"[64, 64]",96.24,150.39,,,,"Train,Train_no_overlap,Train_phase4",train_grp,True,False,False,True,True,False,CS_2019337,0.319133
Tensor_Changsha_A2019338.1806.npz,2019,338,2019338,1806,CS,False,,"[64, 64]",85.66,154.64,,,,"Train,Train_no_overlap,Train_phase4",train_grp,True,False,False,True,True,False,CS_2019338,0.298237
Tensor_Changsha_A2019339.1748.npz,2019,339,2019339,1748,CS,False,,"[64, 64]",75.06,158.87,,,,"Train,Train_no_overlap,Train_phase4",train_grp,True,False,False,True,True,False,CS_2019339,0.333379
Tensor_Changsha_A2019340.1724.npz,2019,340,2019340,1724,CS,False,,"[64, 64]",64.35,163.05,,,,"Train,Train_no_overlap,Train_phase4",train_grp,True,False,False,True,True,False,CS_2019340,0.295656
Tensor_Changsha_A2019341.1848.npz,2019,341,2019341,1848,CS,False,,"[64, 64]",52.76,145.42,,,,"Train,Train_no_overlap,Train_phase4",train_grp,True,False,False,True,True,False,CS_2019341,0.265514
Tensor_Changsha_A2019342.1830.npz,2019,342,2019342,1830,CS,False,,"[64, 64]",41.68,149.67,,,,"Train,Train_no_overlap,Train_phase4",val_grp,True,False,False,True,True,False,CS_2019342,0.321654
Tensor_Changsha_A2019343.1812.npz,2019,343,2019343,1812,CS,False,,"[64, 64]",30.3,153.93,,,,"Train,Train_no_overlap,Val_phase4",val_grp,True,False,False,True,False,True,CS_2019343,0.295181
Tensor_Changsha_A2019344.1754.npz,2019,344,2019344,1754,CS,False,,"[64, 64]",18.6,158.17,,,,"Train,Train_no_overlap,Train_phase4",train_grp,True,False,False,True,True,False,CS_2019344,0.286696
Tensor_Changsha_A2019345.1730.npz,2019,345,2019345,1730,CS,False,,"[64, 64]",6.68,162.38,,,,"Train,Train_no_overlap,Train_phase4",train_grp,True,False,False,True,True,False,CS_2019345,0.300153
Tensor_Changsha_A2019346.1712.npz,2019,346,2019346,1712,CS,False,,"[64, 64]",6.19,166.51,,,,"Train,Train_no_overlap,Train_phase4",train_grp,True,False,False,True,True,False,CS_2019346,0.298818
Tensor_Changsha_A2019346.1854.npz,2019,346,2019346,1854,CS,False,,"[64, 64]",6.7,144.68,,,,"Train,Train_no_overlap,Val_phase4",train_grp,True,False,False,True,False,True,CS_2019346,0.291941
Tensor_Changsha_A2019347.1836.npz,2019,347,2019347,1836,CS,False,,"[64, 64]",19.2,148.94,,,,"Train,Train_no_overlap,Val_phase4",train_grp,True,False,False,True,False,True,CS_2019347,0.296232
Tensor_Changsha_A2019348.1818.npz,2019,348,2019348,1818,CS,False,,"[64, 64]",32.05,153.19,,,,"Train,Train_no_overlap,Val_phase4",train_grp,True,False,False,True,False,True,CS_2019348,0.319816
Tensor_Changsha_A2019349.1800.npz,2019,349,2019349,1800,CS,False,,"[64, 64]",45.06,157.43,,,,"Train,Train_no_overlap,Train_phase4",train_grp,True,False,False,True,True,False,CS_2019349,0.297393
Tensor_Changsha_A2019351.1718.npz,2019,351,2019351,1718,CS,False,,"[64, 64]",71.26,165.82,,,,"Train,Train_no_overlap,Val_phase4",val_grp,True,False,False,True,False,True,CS_2019351,0.319961
Tensor_Changsha_A2019352.1842.npz,2019,352,2019352,1842,CS,False,,"[64, 64]",85.07,148.17,,,,"Train,Train_no_overlap,Train_phase4",train_grp,True,False,False,True,True,False,CS_2019352,0.2958
Tensor_Changsha_A2019353.1824.npz,2019,353,2019353,1824,CS,False,,"[64, 64]",98.15,152.41,,,,"Train,Train_no_overlap,Train_phase4",train_grp,True,False,False,True,True,False,CS_2019353,0.319295
Tensor_Changsha_A2019354.1806.npz,2019,354,2019354,1806,CS,False,,"[64, 64]",111.13,156.65,,,,"Train,Train_no_overlap,Val_phase4",train_grp,True,False,False,True,False,True,CS_2019354,0.326774
Tensor_Changsha_A2019356.1724.npz,2019,356,2019356,1724,CS,False,,"[64, 64]",136.67,165.04,,,,"Train,Train_no_overlap,Train_phase4",train_grp,True,False,False,True,True,False,CS_2019356,0.308909
Tensor_Changsha_A2019358.1830.npz,2019,358,2019358,1830,CS,False,,"[64, 64]",162.66,151.59,,,,"Train,Train_no_overlap,Train_phase4",train_grp,True,False,False,True,True,False,CS_2019358,0.298073
Tensor_Changsha_A2019359.1812.npz,2019,359,2019359,1812,CS,False,,"[64, 64]",174.77,155.83,,,,"Train,Train_no_overlap,Val_phase4",train_grp,True,False,False,True,False,True,CS_2019359,0.312005
Tensor_Changsha_A2019360.1754.npz,2019,360,2019360,1754,CS,False,,"[64, 64]",173.38,160.04,,,,"Train,Train_no_overlap,Train_phase4",train_grp,True,False,False,True,True,False,CS_2019360,0.304527
Tensor_Changsha_A2019361.1730.npz,2019,361,2019361,1730,CS,False,,"[64, 64]",161.83,164.2,,,,"Train,Train_no_overlap,Train_phase4",train_grp,True,False,False,True,True,False,CS_2019361,0.333446
Tensor_Changsha_A2019362.1854.npz,2019,362,2019362,1854,CS,False,,"[64, 64]",149.41,146.5,,,,"Train,Train_no_overlap,Train_phase4",train_grp,True,False,False,True,True,False,CS_2019362,0.317479
Tensor_Changsha_A2019363.1836.npz,2019,363,2019363,1836,CS,False,,"[64, 64]",138.4,150.72,,,,"Train,Train_no_overlap,Train_phase4",train_grp,True,False,False,True,True,False,CS_2019363,0.295772
Tensor_Changsha_A2019364.1818.npz,2019,364,2019364,1818,CS,False,,"[64, 64]",127.6,154.93,,,,"Train,Train_no_overlap,Train_phase4",train_grp,True,False,False,True,True,False,CS_2019364,0.293343
Tensor_Changsha_A2019365.1800.npz,2019,365,2019365,1800,CS,False,,"[64, 64]",116.96,159.13,,,,"Train,Train_no_overlap,Train_phase4",train_grp,True,False,False,True,True,False,CS_2019365,0.304252
Tensor_Changsha_A2020001.1736.npz,2020,1,2020001,1736,CS,False,,"[64, 64]",106.4,163.25,,,,"Train,Train_no_overlap,Train_phase4",val_grp,True,False,False,True,True,False,CS_2020001,0.289132
Tensor_Changsha_A2020002.1718.npz,2020,2,2020002,1718,CS,False,,"[64, 64]",95.83,167.29,,,,"Train,Train_no_overlap,Train_phase4",train_grp,True,False,False,True,True,False,CS_2020002,0.304451
Tensor_Changsha_A2020002.1900.npz,2020,2,2020002,1900,CS,False,,"[64, 64]",94.92,145.56,,,,"Train,Train_no_overlap,Train_phase4",train_grp,True,False,False,True,True,False,CS_2020002,0.286958
Tensor_Changsha_A2020003.1842.npz,2020,3,2020003,1842,CS,False,,"[64, 64]",84.33,149.77,,,,"Train,Train_no_overlap,Train_phase4",train_grp,True,False,False,True,True,False,CS_2020003,0.267301
Tensor_Changsha_A2020004.1824.npz,2020,4,2020004,1824,CS,False,,"[64, 64]",73.56,153.95,,,,"Train,Train_no_overlap,Train_phase4",train_grp,True,False,False,True,True,False,CS_2020004,0.307419
Tensor_Changsha_A2020005.1806.npz,2020,5,2020005,1806,CS,False,,"[64, 64]",62.52,158.12,,,,"Train,Train_no_overlap,Train_phase4",train_grp,True,False,False,True,True,False,CS_2020005,0.325287
Tensor_Changsha_A2020007.1724.npz,2020,7,2020007,1724,CS,False,,"[64, 64]",39.36,166.23,,,,"Train,Train_no_overlap,Val_phase4",train_grp,True,False,False,True,False,True,CS_2020007,0.282967
Tensor_Changsha_A2020024.1848.npz,2020,24,2020024,1848,CS,False,,"[64, 64]",177.38,148.87,,,,"Train,Train_no_overlap,Train_phase4",val_grp,True,False,False,True,True,False,CS_2020024,0.295913
Tensor_Changsha_A2020025.1830.npz,2020,25,2020025,1830,CS,False,,"[64, 64]",169.38,152.85,,,,"Train,Train_no_overlap,Train_phase4",val_grp,True,False,False,True,True,False,CS_2020025,0.304869
Tensor_Changsha_A2020026.1812.npz,2020,26,2020026,1812,CS,False,,"[64, 64]",158.65,156.76,,,,"Train,Train_no_overlap,Train_phase4",train_grp,True,False,False,True,True,False,CS_2020026,0.298325
Tensor_Changsha_A2020031.1818.npz,2020,31,2020031,1818,CS,False,,"[64, 64]",104.9,154.99,,,,"Train,Train_no_overlap,Train_phase4",train_grp,True,False,False,True,True,False,CS_2020031,0.328088
Tensor_Changsha_A2020032.1800.npz,2020,32,2020032,1800,CS,False,,"[64, 64]",94.22,158.66,,,,"Train,Train_no_overlap,Train_phase4",train_grp,True,False,False,True,True,False,CS_2020032,0.304641
Tensor_Changsha_A2020033.1736.npz,2020,33,2020033,1736,CS,False,,"[64, 64]",83.29,162.04,,,,"Train,Train_no_overlap,Train_phase4",train_grp,True,False,False,True,True,False,CS_2020033,0.326773
Tensor_Changsha_A2020034.1718.npz,2020,34,2020034,1718,CS,False,,"[64, 64]",72.02,164.91,,,,"Train,Train_no_overlap,Val_phase4",train_grp,True,False,False,True,False,True,CS_2020034,0.319675
Tensor_Changsha_A2020035.1842.npz,2020,35,2020035,1842,CS,False,,"[64, 64]",59.57,149.29,,,,"Train,Train_no_overlap,Train_phase4",train_grp,True,False,False,True,True,False,CS_2020035,0.281859
Tensor_Changsha_A2020036.1824.npz,2020,36,2020036,1824,CS,False,,"[64, 64]",47.49,153.06,,,,"Train,Train_no_overlap,Train_phase4",train_grp,True,False,False,True,True,False,CS_2020036,0.316909
Tensor_Changsha_A2020037.1806.npz,2020,37,2020037,1806,CS,False,,"[64, 64]",34.9,156.65,,,,"Train,Train_no_overlap,Val_phase4",train_grp,True,False,False,True,False,True,CS_2020037,0.303592
Tensor_Changsha_A2020039.1724.npz,2020,39,2020039,1724,CS,False,,"[64, 64]",8.68,162.83,,,,"Train,Train_no_overlap,Train_phase4",train_grp,True,False,False,True,True,False,CS_2020039,0.319379
Tensor_Changsha_A2020040.1848.npz,2020,40,2020040,1848,CS,False,,"[64, 64]",7.18,147.28,,,,"Train,Train_no_overlap,Train_phase4",train_grp,True,False,False,True,True,False,CS_2020040,0.324617
Tensor_Changsha_A2020041.1830.npz,2020,41,2020041,1830,CS,False,,"[64, 64]",20.74,150.98,,,,"Train,Train_no_overlap,Train_phase4",val_grp,True,False,False,True,True,False,CS_2020041,0.313415
Tensor_Changsha_A2020042.1812.npz,2020,42,2020042,1812,CS,False,,"[64, 64]",34.68,154.52,,,,"Train,Train_no_overlap,Val_phase4",train_grp,True,False,False,True,False,True,CS_2020042,0.308041
Tensor_Changsha_A2020043.1754.npz,2020,43,2020043,1754,CS,False,,"[64, 64]",48.51,157.91,,,,"Train,Train_no_overlap,Train_phase4",train_grp,True,False,False,True,True,False,CS_2020043,0.291948
Tensor_Changsha_A2020044.1730.npz,2020,44,2020044,1730,CS,False,,"[64, 64]",62.06,160.6,,,,"Train,Train_no_overlap,Train_phase4",train_grp,True,False,False,True,True,False,CS_2020044,0.321329
Tensor_Changsha_A2020045.1712.npz,2020,45,2020045,1712,CS,False,,"[64, 64]",75.22,162.78,,,,"Train,Train_no_overlap,Val_phase4",train_grp,True,False,False,True,False,True,CS_2020045,0.317513
Tensor_Changsha_A2020045.1854.npz,2020,45,2020045,1854,CS,False,,"[64, 64]",75.93,145.11,,,,"Train,Train_no_overlap,Train_phase4",train_grp,True,False,False,True,True,False,CS_2020045,0.293786
Tensor_Changsha_A2020046.1836.npz,2020,46,2020046,1836,CS,False,,"[64, 64]",88.75,148.76,,,,"Train,Train_no_overlap,Train_phase4",train_grp,True,False,False,True,True,False,CS_2020046,0.306994
Tensor_Changsha_A2020047.1818.npz,2020,47,2020047,1818,CS,False,,"[64, 64]",101.18,152.24,,,,"Train,Train_no_overlap,Train_phase4",train_grp,True,False,False,True,True,False,CS_2020047,0.318271
Tensor_Changsha_A2020048.1800.npz,2020,48,2020048,1800,CS,False,,"[64, 64]",113.22,155.44,,,,"Train,Train_no_overlap,Train_phase4",val_grp,True,False,False,True,True,False,CS_2020048,0.322
Tensor_Changsha_A2020049.1736.npz,2020,49,2020049,1736,CS,False,,"[64, 64]",124.91,158.25,,,,"Train,Train_no_overlap,Train_phase4",train_grp,True,False,False,True,True,False,CS_2020049,0.302237
Tensor_Changsha_A2020050.1718.npz,2020,50,2020050,1718,CS,False,,"[64, 64]",136.31,160.48,,,,"Train,Train_no_overlap,Train_phase4",val_grp,True,False,False,True,True,False,CS_2020050,0.299461
Tensor_Changsha_A2020050.1900.npz,2020,50,2020050,1900,CS,False,,"[64, 64]",137.23,142.83,,,,"Train,Train_no_overlap,Train_phase4",val_grp,True,False,False,True,True,False,CS_2020050,0.286108
Tensor_Changsha_A2020052.1824.npz,2020,52,2020052,1824,CS,False,,"[64, 64]",159.27,149.83,,,,"Train,Train_no_overlap,Train_phase4",train_grp,True,False,False,True,True,False,CS_2020052,0.296235
Tensor_Changsha_A2020053.1806.npz,2020,53,2020053,1806,CS,False,,"[64, 64]",169.59,153.0,,,,"Train,Train_no_overlap,Train_phase4",train_grp,True,False,False,True,True,False,CS_2020053,0.329927
Tensor_Changsha_A2020055.1724.npz,2020,55,2020055,1724,CS,False,,"[64, 64]",167.2,158.07,,,,"Train,Train_no_overlap,Val_phase4",train_grp,True,False,False,True,False,True,CS_2020055,0.33908
Tensor_Changsha_A2020056.1848.npz,2020,56,2020056,1848,CS,False,,"[64, 64]",155.99,143.96,,,,"Train,Train_no_overlap,Train_phase4",train_grp,True,False,False,True,True,False,CS_2020056,0.298888
Tensor_Changsha_A2020057.1830.npz,2020,57,2020057,1830,CS,False,,"[64, 64]",145.66,147.33,,,,"Train,Train_no_overlap,Train_phase4",train_grp,True,False,False,True,True,False,CS_2020057,0.320874
Tensor_Changsha_A2020058.1812.npz,2020,58,2020058,1812,CS,False,,"[64, 64]",135.26,150.46,,,,"Train,Train_no_overlap,Val_phase4",train_grp,True,False,False,True,False,True,CS_2020058,0.327348
Tensor_Changsha_A2020059.1754.npz,2020,59,2020059,1754,CS,False,,"[64, 64]",124.77,153.28,,,,"Train,Train_no_overlap,Train_phase4",val_grp,True,False,False,True,True,False,CS_2020059,0.307196
Tensor_Changsha_A2020060.1730.npz,2020,60,2020060,1730,CS,False,,"[64, 64]",114.15,155.55,,,,"Train,Train_no_overlap,Val_phase4",train_grp,True,False,False,True,False,True,CS_2020060,0.321401
Tensor_Changsha_A2020061.1854.npz,2020,61,2020061,1854,CS,False,,"[64, 64]",102.33,141.41,,,,"Train,Train_no_overlap,Train_phase4",val_grp,True,False,False,True,True,False,CS_2020061,0.319057
Tensor_Changsha_A2020062.1836.npz,2020,62,2020062,1836,CS,False,,"[64, 64]",91.24,144.74,,,,"Train,Train_no_overlap,Train_phase4",train_grp,True,False,False,True,True,False,CS_2020062,0.320126
Tensor_Changsha_A2020063.1818.npz,2020,63,2020063,1818,CS,False,,"[64, 64]",79.77,147.83,,,,"Train,Train_no_overlap,Train_phase4",train_grp,True,False,False,True,True,False,CS_2020063,0.317075
Tensor_Changsha_A2020064.1800.npz,2020,64,2020064,1800,CS,False,,"[64, 64]",67.85,150.61,,,,"Train,Train_no_overlap,Train_phase4",train_grp,True,False,False,True,True,False,CS_2020064,0.317542
Tensor_Changsha_A2020065.1736.npz,2020,65,2020065,1736,CS,False,,"[64, 64]",55.42,152.92,,,,"Train,Train_no_overlap,Train_phase4",train_grp,True,False,False,True,True,False,CS_2020065,0.317485
Tensor_Changsha_A2020066.1718.npz,2020,66,2020066,1718,CS,False,,"[64, 64]",42.47,154.77,,,,"Train,Train_no_overlap,Val_phase4",train_grp,True,False,False,True,False,True,CS_2020066,0.335901
Tensor_Changsha_A2020066.1900.npz,2020,66,2020066,1900,CS,False,,"[64, 64]",41.67,138.78,,,,"Train,Train_no_overlap,Train_phase4",train_grp,True,False,False,True,True,False,CS_2020066,0.314438
Tensor_Changsha_A2020067.1842.npz,2020,67,2020067,1842,CS,False,,"[64, 64]",28.31,142.08,,,,"Train,Train_no_overlap,Val_phase4",val_grp,True,False,False,True,False,True,CS_2020067,0.298369
Tensor_Changsha_A2020068.1824.npz,2020,68,2020068,1824,CS,False,,"[64, 64]",14.72,145.14,,,,"Train,Train_no_overlap,Val_phase4",train_grp,True,False,False,True,False,True,CS_2020068,0.322432
Tensor_Changsha_A2020069.1806.npz,2020,69,2020069,1806,CS,False,,"[64, 64]",4.37,147.92,,,,"Train,Train_no_overlap,Train_phase4",train_grp,True,False,False,True,True,False,CS_2020069,0.303256
Tensor_Changsha_A2020071.1724.npz,2020,71,2020071,1724,CS,False,,"[64, 64]",29.05,152.2,,,,"Train,Train_no_overlap,Train_phase4",train_grp,True,False,False,True,True,False,CS_2020071,0.328043
Tensor_Changsha_A2020072.1848.npz,2020,72,2020072,1848,CS,False,,"[64, 64]",43.51,139.36,,,,"Train,Train_no_overlap,Train_phase4",train_grp,True,False,False,True,True,False,CS_2020072,0.301252
Tensor_Changsha_A2020073.1830.npz,2020,73,2020073,1830,CS,False,,"[64, 64]",57.01,142.41,,,,"Train,Train_no_overlap,Train_phase4",val_grp,True,False,False,True,True,False,CS_2020073,0.30805
Tensor_Changsha_A2020074.1812.npz,2020,74,2020074,1812,CS,False,,"[64, 64]",70.07,145.19,,,,"Train,Train_no_overlap,Val_phase4",val_grp,True,False,False,True,False,True,CS_2020074,0.296452
Tensor_Changsha_A2020075.1754.npz,2020,75,2020075,1754,CS,False,,"[64, 64]",82.63,147.62,,,,"Train,Train_no_overlap,Val_phase4",train_grp,True,False,False,True,False,True,CS_2020075,0.309466
Tensor_Changsha_A2020076.1730.npz,2020,76,2020076,1730,CS,False,,"[64, 64]",94.72,149.59,,,,"Train,Train_no_overlap,Train_phase4",train_grp,True,False,False,True,True,False,CS_2020076,0.32696
Tensor_Changsha_A2020077.1854.npz,2020,77,2020077,1854,CS,False,,"[64, 64]",107.14,136.61,,,,"Train,Train_no_overlap,Val_phase4",train_grp,True,False,False,True,False,True,CS_2020077,0.29495
Tensor_Changsha_A2020078.1836.npz,2020,78,2020078,1836,CS,False,,"[64, 64]",118.51,139.65,,,,"Train,Train_no_overlap,Train_phase4",train_grp,True,False,False,True,True,False,CS_2020078,0.300372
Tensor_Changsha_A2020079.1818.npz,2020,79,2020079,1818,CS,False,,"[64, 64]",129.58,142.44,,,,"Train,Train_no_overlap,Val_phase4",val_grp,True,False,False,True,False,True,CS_2020079,0.29758
Tensor_Changsha_A2020080.1800.npz,2020,80,2020080,1800,CS,False,,"[64, 64]",140.39,144.9,,,,"Train,Train_no_overlap,Train_phase4",train_grp,True,False,False,True,True,False,CS_2020080,0.317656
Tensor_Changsha_A2020081.1736.npz,2020,81,2020081,1736,CS,False,,"[64, 64]",150.97,146.8,,,,"Train,Train_no_overlap,Train_phase4",train_grp,True,False,False,True,True,False,CS_2020081,0.298763
Tensor_Changsha_A2020083.1842.npz,2020,83,2020083,1842,CS,False,,"[64, 64]",171.58,136.89,,,,"Train,Train_no_overlap,Train_phase4",train_grp,True,False,False,True,True,False,CS_2020083,0.320263
Tensor_Changsha_A2020084.1824.npz,2020,84,2020084,1824,CS,False,,"[64, 64]",173.12,139.68,,,,"Train,Train_no_overlap,Train_phase4",train_grp,True,False,False,True,True,False,CS_2020084,0.344786
Tensor_Changsha_A2020085.1806.npz,2020,85,2020085,1806,CS,False,,"[64, 64]",164.35,142.17,,,,"Train,Train_no_overlap,Train_phase4",train_grp,True,False,False,True,True,False,CS_2020085,0.353156
Tensor_Changsha_A2020087.1724.npz,2020,87,2020087,1724,CS,False,,"[64, 64]",143.78,145.96,,,,"Train,Train_no_overlap,Val_phase4",train_grp,True,False,False,True,False,True,CS_2020087,0.323595
Tensor_Changsha_A2020088.1848.npz,2020,88,2020088,1848,CS,False,,"[64, 64]",132.08,134.14,,,,Train,,True,False,False,False,False,False,CS_2020088,0.282526
Tensor_Changsha_A2020089.1830.npz,2020,89,2020089,1830,CS,False,,"[64, 64]",121.25,136.93,,,,Train,,True,False,False,False,False,False,CS_2020089,0.306123
Tensor_Changsha_A2020090.1812.npz,2020,90,2020090,1812,CS,False,,"[64, 64]",110.17,139.45,,,,Train,,True,False,False,False,False,False,CS_2020090,0.336207
Tensor_Changsha_A2020091.1754.npz,2020,91,2020091,1754,CS,False,,"[64, 64]",98.76,141.64,,,,Train,,True,False,False,False,False,False,CS_2020091,0.269342
Tensor_Changsha_A2020092.1730.npz,2020,92,2020092,1730,CS,False,,"[64, 64]",86.96,143.4,,,,"Train,Train_no_overlap,Train_phase4",val_grp,True,False,False,True,True,False,CS_2020092,0.3209
Tensor_Changsha_A2020093.1712.npz,2020,93,2020093,1712,CS,False,,"[64, 64]",74.71,144.7,,,,"Train,Train_no_overlap,Train_phase4",val_grp,True,False,False,True,True,False,CS_2020093,0.32128
Tensor_Changsha_A2020093.1854.npz,2020,93,2020093,1854,CS,False,,"[64, 64]",73.76,131.39,,,,"Train,Train_no_overlap,Train_phase4",val_grp,True,False,False,True,True,False,CS_2020093,0.305752
Tensor_Changsha_A2020094.1836.npz,2020,94,2020094,1836,CS,False,,"[64, 64]",61.08,134.21,,,,"Train,Train_no_overlap,Train_phase4",train_grp,True,False,False,True,True,False,CS_2020094,0.318358
Tensor_Changsha_A2020095.1818.npz,2020,95,2020095,1818,CS,False,,"[64, 64]",47.9,136.77,,,,"Train,Train_no_overlap,Val_phase4",train_grp,True,False,False,True,False,True,CS_2020095,0.340454
Tensor_Changsha_A2020096.1800.npz,2020,96,2020096,1800,CS,False,,"[64, 64]",34.27,139.01,,,,"Train,Train_no_overlap,Train_phase4",train_grp,True,False,False,True,True,False,CS_2020096,0.330121
Tensor_Changsha_A2020097.1736.npz,2020,97,2020097,1736,CS,False,,"[64, 64]",20.37,140.69,,,,"Train,Train_no_overlap,Train_phase4",train_grp,True,False,False,True,True,False,CS_2020097,0.299213
Tensor_Changsha_A2020098.1718.npz,2020,98,2020098,1718,CS,False,,"[64, 64]",7.05,142.29,,,,"Train,Train_no_overlap,Train_phase4",train_grp,True,False,False,True,True,False,CS_2020098,0.302723
Tensor_Changsha_A2020098.1900.npz,2020,98,2020098,1900,CS,False,,"[64, 64]",6.42,128.71,,,,"Train,Train_no_overlap,Train_phase4",train_grp,True,False,False,True,True,False,CS_2020098,0.29531
Tensor_Changsha_A2020099.1842.npz,2020,99,2020099,1842,CS,False,,"[64, 64]",10.21,131.55,,,,"Train,Train_no_overlap,Train_phase4",train_grp,True,False,False,True,True,False,CS_2020099,0.295405
Tensor_Changsha_A2020100.1824.npz,2020,100,2020100,1824,CS,False,,"[64, 64]",23.83,134.13,,,,Train,,True,False,False,False,False,False,CS_2020100,0.312712
Tensor_Changsha_A2020101.1806.npz,2020,101,2020101,1806,CS,False,,"[64, 64]",37.49,136.42,,,,Train,,True,False,False,False,False,False,CS_2020101,0.314168
Tensor_Changsha_A2020103.1724.npz,2020,103,2020103,1724,CS,False,,"[64, 64]",63.56,139.91,,,,"Train,Train_no_overlap,Train_phase4",train_grp,True,False,False,True,True,False,CS_2020103,0.313414
Tensor_Changsha_A2020104.1848.npz,2020,104,2020104,1848,CS,False,,"[64, 64]",76.47,128.94,,,,Train,,True,False,False,False,False,False,CS_2020104,0.31618
Tensor_Changsha_A2020105.1830.npz,2020,105,2020105,1830,CS,False,,"[64, 64]",88.32,131.55,,,,Train,,True,False,False,False,False,False,CS_2020105,0.284349
Tensor_Changsha_A2020106.1812.npz,2020,106,2020106,1812,CS,False,,"[64, 64]",99.77,133.9,,,,Train,,True,False,False,False,False,False,CS_2020106,0.297806
Tensor_Changsha_A2020107.1754.npz,2020,107,2020107,1754,CS,False,,"[64, 64]",110.87,135.92,,,,Train,,True,False,False,False,False,False,CS_2020107,0.326072
Tensor_Changsha_A2020108.1730.npz,2020,108,2020108,1730,CS,False,,"[64, 64]",121.71,137.57,,,,"Train,Train_no_overlap,Train_phase4",train_grp,True,False,False,True,True,False,CS_2020108,0.318758
Tensor_Changsha_A2020110.1836.npz,2020,110,2020110,1836,CS,False,,"[64, 64]",143.76,129.06,,,,"Train,Train_no_overlap,Train_phase4",train_grp,True,False,False,True,True,False,CS_2020110,0.325382
Tensor_Changsha_A2020111.1818.npz,2020,111,2020111,1818,CS,False,,"[64, 64]",154.21,131.45,,,,Train,,True,False,False,False,False,False,CS_2020111,0.329569
Tensor_Changsha_A2020112.1800.npz,2020,112,2020112,1800,CS,False,,"[64, 64]",164.47,133.54,,,,Train,,True,False,False,False,False,False,CS_2020112,0.304625
Tensor_Changsha_A2020113.1736.npz,2020,113,2020113,1736,CS,False,,"[64, 64]",173.61,135.09,,,,"Train,Train_no_overlap,Train_phase4",train_grp,True,False,False,True,True,False,CS_2020113,0.318751
Tensor_Changsha_A2020114.1718.npz,2020,114,2020114,1718,CS,False,,"[64, 64]",171.89,136.64,,,,"Train,Train_no_overlap,Train_phase4",val_grp,True,False,False,True,True,False,CS_2020114,0.303176
Tensor_Changsha_A2020114.1900.npz,2020,114,2020114,1900,CS,False,,"[64, 64]",170.95,123.96,,,,"Train,Train_no_overlap,Val_phase4",val_grp,True,False,False,True,False,True,CS_2020114,0.335509
Tensor_Changsha_A2020115.1842.npz,2020,115,2020115,1842,CS,False,,"[64, 64]",160.96,126.66,,,,Train,,True,False,False,False,False,False,CS_2020115,0.319188
Tensor_Changsha_A2020116.1824.npz,2020,116,2020116,1824,CS,False,,"[64, 64]",150.28,129.1,,,,Train,,True,False,False,False,False,False,CS_2020116,0.331741
Tensor_Changsha_A2020117.1806.npz,2020,117,2020117,1806,CS,False,,"[64, 64]",139.3,131.26,,,,Train,,True,False,False,False,False,False,CS_2020117,0.30844
Tensor_Changsha_A2020119.1724.npz,2020,119,2020119,1724,CS,False,,"[64, 64]",116.57,134.56,,,,"Train,Train_no_overlap,Train_phase4",val_grp,True,False,False,True,True,False,CS_2020119,0.331538
Tensor_Changsha_A2020120.1848.npz,2020,120,2020120,1848,CS,False,,"[64, 64]",103.68,124.36,,,,"Train,Train_no_overlap,Train_phase4",train_grp,True,False,False,True,True,False,CS_2020120,0.319467
Tensor_Changsha_A2020121.1830.npz,2020,121,2020121,1830,CS,False,,"[64, 64]",91.54,126.85,,,,Train,,True,False,False,False,False,False,CS_2020121,0.326271
Tensor_Changsha_A2020122.1812.npz,2020,122,2020122,1812,CS,False,,"[64, 64]",79.0,129.08,,,,Train,,True,False,False,False,False,False,CS_2020122,0.307823
Tensor_Changsha_A2020123.1754.npz,2020,123,2020123,1754,CS,False,,"[64, 64]",66.05,131.0,,,,Train,,True,False,False,False,False,False,CS_2020123,0.271476
Tensor_Changsha_A2020124.1730.npz,2020,124,2020124,1730,CS,False,,"[64, 64]",52.68,132.56,,,,"Train,Train_no_overlap,Train_phase4",val_grp,True,False,False,True,True,False,CS_2020124,0.324931
Tensor_Changsha_A2020125.1712.npz,2020,125,2020125,1712,CS,False,,"[64, 64]",38.96,133.75,,,,Train,,True,False,False,False,False,False,CS_2020125,0.312043
Tensor_Changsha_A2020125.1854.npz,2020,125,2020125,1854,CS,False,,"[64, 64]",38.15,122.17,,,,"Train,Train_no_overlap,Train_phase4",train_grp,True,False,False,True,True,False,CS_2020125,0.303485
Tensor_Changsha_A2020126.1836.npz,2020,126,2020126,1836,CS,False,,"[64, 64]",24.29,124.72,,,,Train,,True,False,False,False,False,False,CS_2020126,0.305255
Tensor_Changsha_A2020127.1818.npz,2020,127,2020127,1818,CS,False,,"[64, 64]",10.45,127.01,,,,Train,,True,False,False,False,False,False,CS_2020127,0.329344
Tensor_Changsha_A2020128.1800.npz,2020,128,2020128,1800,CS,False,,"[64, 64]",4.76,129.01,,,,Train,,True,False,False,False,False,False,CS_2020128,0.292467
Tensor_Changsha_A2020129.1736.npz,2020,129,2020129,1736,CS,False,,"[64, 64]",17.9,130.49,,,,"Train,Train_no_overlap,Train_phase4",train_grp,True,False,False,True,True,False,CS_2020129,0.330964
Tensor_Changsha_A2020130.1718.npz,2020,130,2020130,1718,CS,False,,"[64, 64]",31.24,131.98,,,,"Train,Train_no_overlap,Val_phase4",train_grp,True,False,False,True,False,True,CS_2020130,0.326017
Tensor_Changsha_A2020130.1900.npz,2020,130,2020130,1900,CS,False,,"[64, 64]",31.79,120.12,,,,"Train,Train_no_overlap,Train_phase4",train_grp,True,False,False,True,True,False,CS_2020130,0.313226
Tensor_Changsha_A2020131.1842.npz,2020,131,2020131,1842,CS,False,,"[64, 64]",44.73,122.71,,,,Train,,True,False,False,False,False,False,CS_2020131,0.287983
Tensor_Changsha_A2020132.1824.npz,2020,132,2020132,1824,CS,False,,"[64, 64]",57.21,125.07,,,,Train,,True,False,False,False,False,False,CS_2020132,0.292422
Tensor_Changsha_A2020133.1806.npz,2020,133,2020133,1806,CS,False,,"[64, 64]",69.23,127.14,,,,Train,,True,False,False,False,False,False,CS_2020133,0.335843
Tensor_Changsha_A2020135.1724.npz,2020,135,2020135,1724,CS,False,,"[64, 64]",92.05,130.32,,,,"Train,Train_no_overlap,Train_phase4",train_grp,True,False,False,True,True,False,CS_2020135,0.316355
Tensor_Changsha_A2020136.1848.npz,2020,136,2020136,1848,CS,False,,"[64, 64]",103.71,120.85,,,,Train,,True,False,False,False,False,False,CS_2020136,0.309622
Tensor_Changsha_A2020137.1830.npz,2020,137,2020137,1830,CS,False,,"[64, 64]",114.52,123.26,,,,Train,,True,False,False,False,False,False,CS_2020137,0.327416
Tensor_Changsha_A2020138.1812.npz,2020,138,2020138,1812,CS,False,,"[64, 64]",125.21,125.41,,,,Train,,True,False,False,False,False,False,CS_2020138,0.342401
Tensor_Changsha_A2020139.1754.npz,2020,139,2020139,1754,CS,False,,"[64, 64]",135.84,127.26,,,,Train,,True,False,False,False,False,False,CS_2020139,0.342426
Tensor_Changsha_A2020140.1730.npz,2020,140,2020140,1730,CS,False,,"[64, 64]",146.47,128.79,,,,"Train,Train_no_overlap,Train_phase4",train_grp,True,False,False,True,True,False,CS_2020140,0.309575
Tensor_Changsha_A2020141.1712.npz,2020,141,2020141,1712,CS,False,,"[64, 64]",157.13,129.95,,,,Train,,True,False,False,False,False,False,CS_2020141,0.32304
Tensor_Changsha_A2020141.1854.npz,2020,141,2020141,1854,CS,False,,"[64, 64]",158.12,119.12,,,,"Train,Train_no_overlap,Train_phase4",train_grp,True,False,False,True,True,False,CS_2020141,0.331838
Tensor_Changsha_A2020142.1836.npz,2020,142,2020142,1836,CS,False,,"[64, 64]",168.82,121.59,,,,Train,,True,False,False,False,False,False,CS_2020142,0.313988
Tensor_Changsha_A2020143.1818.npz,2020,143,2020143,1818,CS,False,,"[64, 64]",176.9,123.82,,,,Train,,True,False,False,False,False,False,CS_2020143,0.300792
Tensor_Changsha_A2020144.1800.npz,2020,144,2020144,1800,CS,False,,"[64, 64]",168.09,125.77,,,,Train,,True,False,False,False,False,False,CS_2020144,0.289784
Tensor_Changsha_A2020145.1736.npz,2020,145,2020145,1736,CS,False,,"[64, 64]",156.91,127.26,,,,"Train,Train_no_overlap,Train_phase4",train_grp,True,False,False,True,True,False,CS_2020145,0.318973
Tensor_Changsha_A2020146.1718.npz,2020,146,2020146,1718,CS,False,,"[64, 64]",145.4,128.67,,,,"Train,Train_no_overlap,Train_phase4",train_grp,True,False,False,True,True,False,CS_2020146,0.3378
Tensor_Changsha_A2020146.1900.npz,2020,146,2020146,1900,CS,False,,"[64, 64]",144.22,117.54,,,,"Train,Train_no_overlap,Train_phase4",train_grp,True,False,False,True,True,False,CS_2020146,0.31884
Tensor_Changsha_A2020147.1842.npz,2020,147,2020147,1842,CS,False,,"[64, 64]",132.45,120.08,,,,Train,,True,False,False,False,False,False,CS_2020147,0.29895
Tensor_Changsha_A2020148.1824.npz,2020,148,2020148,1824,CS,False,,"[64, 64]",120.45,122.37,,,,"Train,Train_no_overlap,Val_phase4",train_grp,True,False,False,True,False,True,CS_2020148,0.341289
Tensor_Changsha_A2020149.1806.npz,2020,149,2020149,1806,CS,False,,"[64, 64]",108.2,124.4,,,,"Train,Train_no_overlap,Val_phase4",val_grp,True,False,False,True,False,True,CS_2020149,0.331499
Tensor_Changsha_A2020151.1724.npz,2020,151,2020151,1724,CS,False,,"[64, 64]",82.84,127.52,,,,"Train,Train_no_overlap,Train_phase4",train_grp,True,False,False,True,True,False,CS_2020151,0.344105
Tensor_Changsha_A2020152.1848.npz,2020,152,2020152,1848,CS,False,,"[64, 64]",68.77,118.71,,,,Train,,True,False,False,False,False,False,CS_2020152,0.327725
Tensor_Changsha_A2020153.1830.npz,2020,153,2020153,1830,CS,False,,"[64, 64]",55.49,121.08,,,,"Train,Train_no_overlap,Train_phase4",train_grp,True,False,False,True,True,False,CS_2020153,0.323183
Tensor_Changsha_A2020155.1754.npz,2020,155,2020155,1754,CS,False,,"[64, 64]",28.37,125.04,,,,"Train,Train_no_overlap,Train_phase4",val_grp,True,False,False,True,True,False,CS_2020155,0.320357
Tensor_Changsha_A2020156.1730.npz,2020,156,2020156,1730,CS,False,,"[64, 64]",14.75,126.52,,,,"Train,Train_no_overlap,Train_phase4",train_grp,True,False,False,True,True,False,CS_2020156,0.320407
Tensor_Changsha_A2020157.1712.npz,2020,157,2020157,1712,CS,False,,"[64, 64]",1.32,127.68,,,,"Train,Train_no_overlap,Train_phase4",train_grp,True,False,False,True,True,False,CS_2020157,0.307525
Tensor_Changsha_A2020157.1854.npz,2020,157,2020157,1854,CS,False,,"[64, 64]",0.78,117.48,,,,"Train,Train_no_overlap,Train_phase4",train_grp,True,False,False,True,True,False,CS_2020157,0.305487
Tensor_Changsha_A2020158.1836.npz,2020,158,2020158,1836,CS,False,,"[64, 64]",12.57,119.93,,,,Train,,True,False,False,False,False,False,CS_2020158,0.347146
Tensor_Changsha_A2020159.1818.npz,2020,159,2020159,1818,CS,False,,"[64, 64]",25.46,122.13,,,,Train,,True,False,False,False,False,False,CS_2020159,0.347395
Tensor_Changsha_A2020160.1800.npz,2020,160,2020160,1800,CS,False,,"[64, 64]",37.97,124.06,,,,Train,,True,False,False,False,False,False,CS_2020160,0.339859
Tensor_Changsha_A2020161.1736.npz,2020,161,2020161,1736,CS,False,,"[64, 64]",50.07,125.64,,,,"Train,Train_no_overlap,Train_phase4",train_grp,True,False,False,True,True,False,CS_2020161,0.34142
Tensor_Changsha_A2020162.1718.npz,2020,162,2020162,1718,CS,False,,"[64, 64]",61.76,126.95,,,,"Train,Train_no_overlap,Train_phase4",train_grp,True,False,False,True,True,False,CS_2020162,0.351554
Tensor_Changsha_A2020162.1900.npz,2020,162,2020162,1900,CS,False,,"[64, 64]",62.29,116.4,,,,"Train,Train_no_overlap,Train_phase4",train_grp,True,False,False,True,True,False,CS_2020162,0.343161
Tensor_Changsha_A2020163.1842.npz,2020,163,2020163,1842,CS,False,,"[64, 64]",73.69,118.92,,,,"Train,Train_no_overlap,Train_phase4",train_grp,True,False,False,True,True,False,CS_2020163,0.32253
Tensor_Changsha_A2020164.1824.npz,2020,164,2020164,1824,CS,False,,"[64, 64]",84.8,121.21,,,,"Train,Train_no_overlap,Train_phase4",val_grp,True,False,False,True,True,False,CS_2020164,0.347297
Tensor_Changsha_A2020165.1806.npz,2020,165,2020165,1806,CS,False,,"[64, 64]",95.71,123.24,,,,Train,,True,False,False,False,False,False,CS_2020165,0.336429
Tensor_Changsha_A2020167.1724.npz,2020,167,2020167,1724,CS,False,,"[64, 64]",117.23,126.36,,,,"Train,Train_no_overlap,Val_phase4",val_grp,True,False,False,True,False,True,CS_2020167,0.341017
Tensor_Changsha_A2020168.1848.npz,2020,168,2020168,1848,CS,False,,"[64, 64]",128.87,118.06,,,,Train,,True,False,False,False,False,False,CS_2020168,0.320254
Tensor_Changsha_A2020169.1830.npz,2020,169,2020169,1830,CS,False,,"[64, 64]",139.82,120.44,,,,Train,,True,False,False,False,False,False,CS_2020169,0.339305
Tensor_Changsha_A2020170.1812.npz,2020,170,2020170,1812,CS,False,,"[64, 64]",150.91,122.56,,,,Train,,True,False,False,False,False,False,CS_2020170,0.336691
Tensor_Changsha_A2020171.1754.npz,2020,171,2020171,1754,CS,False,,"[64, 64]",162.19,124.55,,,,Train,,True,False,False,False,False,False,CS_2020171,0.316785
Tensor_Changsha_A2020174.1836.npz,2020,174,2020174,1836,CS,False,,"[64, 64]",161.42,119.8,,,,"Train,Train_no_overlap,Val_phase4",train_grp,True,False,False,True,False,True,CS_2020174,0.338385
Tensor_Changsha_A2020175.1818.npz,2020,175,2020175,1818,CS,False,,"[64, 64]",149.25,122.02,,,,"Train,Train_no_overlap,Train_phase4",train_grp,True,False,False,True,True,False,CS_2020175,0.345837
Tensor_Changsha_A2020176.1800.npz,2020,176,2020176,1800,CS,False,,"[64, 64]",136.89,123.97,,,,Train,,True,False,False,False,False,False,CS_2020176,0.335606
Tensor_Changsha_A2020177.1736.npz,2020,177,2020177,1736,CS,False,,"[64, 64]",124.36,125.62,,,,"Train,Train_no_overlap,Train_phase4",train_grp,True,False,False,True,True,False,CS_2020177,0.284007
Tensor_Changsha_A2020178.1718.npz,2020,178,2020178,1718,CS,False,,"[64, 64]",111.66,126.92,,,,"Train,Train_no_overlap,Train_phase4",val_grp,True,False,False,True,True,False,CS_2020178,0.349907
Tensor_Changsha_A2020178.1900.npz,2020,178,2020178,1900,CS,False,,"[64, 64]",110.49,116.7,,,,"Train,Train_no_overlap,Val_phase4",val_grp,True,False,False,True,False,True,CS_2020178,0.336678
Tensor_Changsha_A2020179.1842.npz,2020,179,2020179,1842,CS,False,,"[64, 64]",97.71,119.27,,,,Train,,True,False,False,False,False,False,CS_2020179,0.336196
Tensor_Changsha_A2020180.1824.npz,2020,180,2020180,1824,CS,False,,"[64, 64]",84.81,121.6,,,,Train,,True,False,False,False,False,False,CS_2020180,0.331413
Tensor_Changsha_A2020181.1806.npz,2020,181,2020181,1806,CS,False,,"[64, 64]",71.79,123.66,,,,Train,,True,False,False,False,False,False,CS_2020181,0.338332
Tensor_Changsha_A2020183.1724.npz,2020,183,2020183,1724,CS,False,,"[64, 64]",45.53,126.87,,,,"Train,Train_no_overlap,Train_phase4",train_grp,True,False,False,True,True,False,CS_2020183,0.327491
Tensor_Changsha_A2020184.1848.npz,2020,184,2020184,1848,CS,False,,"[64, 64]",31.7,118.84,,,,Train,,True,False,False,False,False,False,CS_2020184,0.329378
Tensor_Changsha_A2020185.1830.npz,2020,185,2020185,1830,CS,False,,"[64, 64]",18.78,121.28,,,,Train,,True,False,False,False,False,False,CS_2020185,0.337411
Tensor_Changsha_A2020186.1812.npz,2020,186,2020186,1812,CS,False,,"[64, 64]",6.19,123.47,,,,"Train,Train_no_overlap,Train_phase4",val_grp,True,False,False,True,True,False,CS_2020186,0.350129
Tensor_Changsha_A2020187.1754.npz,2020,187,2020187,1754,CS,False,,"[64, 64]",7.06,125.37,,,,Train,,True,False,False,False,False,False,CS_2020187,0.321061
Tensor_Changsha_A2020188.1730.npz,2020,188,2020188,1730,CS,False,,"[64, 64]",19.19,126.95,,,,"Train,Train_no_overlap,Train_phase4",train_grp,True,False,False,True,True,False,CS_2020188,0.322835
Tensor_Changsha_A2020189.1712.npz,2020,189,2020189,1712,CS,False,,"[64, 64]",31.15,128.18,,,,Train,,True,False,False,False,False,False,CS_2020189,0.334042
Tensor_Changsha_A2020189.1854.npz,2020,189,2020189,1854,CS,False,,"[64, 64]",31.63,118.5,,,,"Train,Train_no_overlap,Train_phase4",train_grp,True,False,False,True,True,False,CS_2020189,0.32364
Tensor_Changsha_A2020190.1836.npz,2020,190,2020190,1836,CS,False,,"[64, 64]",43.3,121.06,,,,Train,,True,False,False,False,False,False,CS_2020190,0.330935
Tensor_Changsha_A2020192.1800.npz,2020,192,2020192,1800,CS,False,,"[64, 64]",65.84,125.4,,,,Train,,True,False,False,False,False,False,CS_2020192,0.344037
Tensor_Changsha_A2020193.1736.npz,2020,193,2020193,1736,CS,False,,"[64, 64]",76.8,126.96,,,,"Train,Train_no_overlap,Train_phase4",train_grp,True,False,False,True,True,False,CS_2020193,0.325196
Tensor_Changsha_A2020194.1718.npz,2020,194,2020194,1718,CS,False,,"[64, 64]",87.64,128.51,,,,"Train,Train_no_overlap,Train_phase4",train_grp,True,False,False,True,True,False,CS_2020194,0.341715
Tensor_Changsha_A2020194.1900.npz,2020,194,2020194,1900,CS,False,,"[64, 64]",88.25,118.25,,,,"Train,Train_no_overlap,Val_phase4",train_grp,True,False,False,True,False,True,CS_2020194,0.333593
Tensor_Changsha_A2020195.1842.npz,2020,195,2020195,1842,CS,False,,"[64, 64]",99.13,120.91,,,,Train,,True,False,False,False,False,False,CS_2020195,0.314259
Tensor_Changsha_A2020196.1824.npz,2020,196,2020196,1824,CS,False,,"[64, 64]",110.05,123.34,,,,Train,,True,False,False,False,False,False,CS_2020196,0.31426
Tensor_Changsha_A2020197.1806.npz,2020,197,2020197,1806,CS,False,,"[64, 64]",121.08,125.52,,,,Train,,True,False,False,False,False,False,CS_2020197,0.316752
Tensor_Changsha_A2020199.1724.npz,2020,199,2020199,1724,CS,False,,"[64, 64]",143.72,128.94,,,,"Train,Train_no_overlap,Train_phase4",train_grp,True,False,False,True,True,False,CS_2020199,0.360122
Tensor_Changsha_A2020200.1848.npz,2020,200,2020200,1848,CS,False,,"[64, 64]",156.5,120.84,,,,Train,,True,False,False,False,False,False,CS_2020200,0.311602
Tensor_Changsha_A2020201.1830.npz,2020,201,2020201,1830,CS,False,,"[64, 64]",168.5,123.39,,,,Train,,True,False,False,False,False,False,CS_2020201,0.320591
Tensor_Changsha_A2020202.1812.npz,2020,202,2020202,1812,CS,False,,"[64, 64]",177.85,125.71,,,,Train,,True,False,False,False,False,False,CS_2020202,0.353957
Tensor_Changsha_A2020203.1754.npz,2020,203,2020203,1754,CS,False,,"[64, 64]",166.29,127.74,,,,Train,,True,False,False,False,False,False,CS_2020203,0.287983
Tensor_Changsha_A2020204.1730.npz,2020,204,2020204,1730,CS,False,,"[64, 64]",153.59,129.45,,,,"Train,Train_no_overlap,Train_phase4",train_grp,True,False,False,True,True,False,CS_2020204,0.303017
Tensor_Changsha_A2020205.1712.npz,2020,205,2020205,1712,CS,False,,"[64, 64]",140.7,130.79,,,,"Train,Train_no_overlap,Val_phase4",train_grp,True,False,False,True,False,True,CS_2020205,0.336504
Tensor_Changsha_A2020205.1854.npz,2020,205,2020205,1854,CS,False,,"[64, 64]",139.44,120.79,,,,"Train,Train_no_overlap,Train_phase4",train_grp,True,False,False,True,True,False,CS_2020205,0.332283
Tensor_Changsha_A2020206.1836.npz,2020,206,2020206,1836,CS,False,,"[64, 64]",126.49,123.49,,,,"Train,Train_no_overlap,Train_phase4",train_grp,True,False,False,True,True,False,CS_2020206,0.326697
Tensor_Changsha_A2020207.1818.npz,2020,207,2020207,1818,CS,False,,"[64, 64]",113.53,125.94,,,,"Train,Train_no_overlap,Train_phase4",train_grp,True,False,False,True,True,False,CS_2020207,0.319916
Tensor_Changsha_A2020208.1800.npz,2020,208,2020208,1800,CS,False,,"[64, 64]",100.59,128.13,,,,"Train,Train_no_overlap,Train_phase4",train_grp,True,False,False,True,True,False,CS_2020208,0.337508
Tensor_Changsha_A2020210.1718.npz,2020,210,2020210,1718,CS,False,,"[64, 64]",74.83,131.53,,,,"Train,Train_no_overlap,Train_phase4",train_grp,True,False,False,True,True,False,CS_2020210,0.353601
Tensor_Changsha_A2020210.1900.npz,2020,210,2020210,1900,CS,False,,"[64, 64]",73.87,120.77,,,,"Train,Train_no_overlap,Train_phase4",train_grp,True,False,False,True,True,False,CS_2020210,0.330914
Tensor_Changsha_A2020211.1842.npz,2020,211,2020211,1842,CS,False,,"[64, 64]",61.21,123.6,,,,Train,,True,False,False,False,False,False,CS_2020211,0.318356
Tensor_Changsha_A2020212.1824.npz,2020,212,2020212,1824,CS,False,,"[64, 64]",48.65,126.2,,,,Train,,True,False,False,False,False,False,CS_2020212,0.285018
Tensor_Changsha_A2020213.1806.npz,2020,213,2020213,1806,CS,False,,"[64, 64]",36.21,128.55,,,,Train,,True,False,False,False,False,False,CS_2020213,0.316959
Tensor_Changsha_A2020214.1748.npz,2020,214,2020214,1748,CS,False,,"[64, 64]",23.98,130.66,,,,Train,,True,False,False,False,False,False,CS_2020214,0.305786
Tensor_Changsha_A2020215.1724.npz,2020,215,2020215,1724,CS,False,,"[64, 64]",12.15,132.31,,,,"Train,Train_no_overlap,Val_phase4",train_grp,True,False,False,True,False,True,CS_2020215,0.307316
Tensor_Changsha_A2020216.1848.npz,2020,216,2020216,1848,CS,False,,"[64, 64]",4.2,123.71,,,,Train,,True,False,False,False,False,False,CS_2020216,0.309527
Tensor_Changsha_A2020217.1830.npz,2020,217,2020217,1830,CS,False,,"[64, 64]",13.46,126.46,,,,Train,,True,False,False,False,False,False,CS_2020217,0.290419
Tensor_Changsha_A2020218.1812.npz,2020,218,2020218,1812,CS,False,,"[64, 64]",24.69,128.98,,,,Train,,True,False,False,False,False,False,CS_2020218,0.335706
Tensor_Changsha_A2020219.1754.npz,2020,219,2020219,1754,CS,False,,"[64, 64]",35.89,131.21,,,,Train,,True,False,False,False,False,False,CS_2020219,0.330526
Tensor_Changsha_A2020220.1730.npz,2020,220,2020220,1730,CS,False,,"[64, 64]",46.95,133.05,,,,"Train,Train_no_overlap,Train_phase4",val_grp,True,False,False,True,True,False,CS_2020220,0.34617
Tensor_Changsha_A2020221.1712.npz,2020,221,2020221,1712,CS,False,,"[64, 64]",57.88,134.64,,,,"Train,Train_no_overlap,Train_phase4",train_grp,True,False,False,True,True,False,CS_2020221,0.348463
Tensor_Changsha_A2020221.1854.npz,2020,221,2020221,1854,CS,False,,"[64, 64]",58.37,123.81,,,,"Train,Train_no_overlap,Train_phase4",train_grp,True,False,False,True,True,False,CS_2020221,0.334973
Tensor_Changsha_A2020222.1836.npz,2020,222,2020222,1836,CS,False,,"[64, 64]",69.26,126.71,,,,Train,,True,False,False,False,False,False,CS_2020222,0.313486
Tensor_Changsha_A2020223.1818.npz,2020,223,2020223,1818,CS,False,,"[64, 64]",80.13,129.39,,,,Train,,True,False,False,False,False,False,CS_2020223,0.344927
Tensor_Changsha_A2020224.1800.npz,2020,224,2020224,1800,CS,False,,"[64, 64]",91.05,131.8,,,,Train,,True,False,False,False,False,False,CS_2020224,0.350115
Tensor_Changsha_A2020226.1718.npz,2020,226,2020226,1718,CS,False,,"[64, 64]",113.31,135.64,,,,"Train,Train_no_overlap,Train_phase4",train_grp,True,False,False,True,True,False,CS_2020226,0.330357
Tensor_Changsha_A2020226.1900.npz,2020,226,2020226,1900,CS,False,,"[64, 64]",114.1,123.87,,,,"Train,Train_no_overlap,Val_phase4",train_grp,True,False,False,True,False,True,CS_2020226,0.340306
Tensor_Changsha_A2020227.1842.npz,2020,227,2020227,1842,CS,False,,"[64, 64]",125.69,126.92,,,,Train,,True,False,False,False,False,False,CS_2020227,0.289371
Tensor_Changsha_A2020228.1824.npz,2020,228,2020228,1824,CS,False,,"[64, 64]",137.58,129.77,,,,"Train,Train_no_overlap,Train_phase4",val_grp,True,False,False,True,True,False,CS_2020228,0.314435
Tensor_Changsha_A2020229.1806.npz,2020,229,2020229,1806,CS,False,,"[64, 64]",149.78,132.36,,,,Train,,True,False,False,False,False,False,CS_2020229,0.339559
Tensor_Changsha_A2020230.1748.npz,2020,230,2020230,1748,CS,False,,"[64, 64]",162.2,134.67,,,,Train,,True,False,False,False,False,False,CS_2020230,0.31645
Tensor_Changsha_A2020231.1724.npz,2020,231,2020231,1724,CS,False,,"[64, 64]",174.13,136.62,,,,"Train,Train_no_overlap,Train_phase4",val_grp,True,False,False,True,True,False,CS_2020231,0.335087
Tensor_Changsha_A2020232.1848.npz,2020,232,2020232,1848,CS,False,,"[64, 64]",169.35,127.08,,,,Train,,True,False,False,False,False,False,CS_2020232,0.342541
Tensor_Changsha_A2020233.1830.npz,2020,233,2020233,1830,CS,False,,"[64, 64]",156.45,130.08,,,,Train,,True,False,False,False,False,False,CS_2020233,0.333088
Tensor_Changsha_A2020234.1812.npz,2020,234,2020234,1812,CS,False,,"[64, 64]",143.23,132.87,,,,Train,,True,False,False,False,False,False,CS_2020234,0.346419
Tensor_Changsha_A2020235.1754.npz,2020,235,2020235,1754,CS,False,,"[64, 64]",130.01,135.37,,,,Train,,True,False,False,False,False,False,CS_2020235,0.304308
Tensor_Changsha_A2020237.1712.npz,2020,237,2020237,1712,CS,False,,"[64, 64]",103.92,139.35,,,,"Train,Train_no_overlap,Train_phase4",train_grp,True,False,False,True,True,False,CS_2020237,0.305791
Tensor_Changsha_A2020237.1854.npz,2020,237,2020237,1854,CS,False,,"[64, 64]",102.79,127.17,,,,"Train,Train_no_overlap,Train_phase4",train_grp,True,False,False,True,True,False,CS_2020237,0.327943
Tensor_Changsha_A2020238.1836.npz,2020,238,2020238,1836,CS,False,,"[64, 64]",90.12,130.33,,,,Train,,True,False,False,False,False,False,CS_2020238,0.318917
Tensor_Changsha_A2020239.1818.npz,2020,239,2020239,1818,CS,False,,"[64, 64]",77.66,133.3,,,,Train,,True,False,False,False,False,False,CS_2020239,0.288543
Tensor_Changsha_A2020240.1800.npz,2020,240,2020240,1800,CS,False,,"[64, 64]",65.41,136.0,,,,"Train,Train_no_overlap,Val_phase4",train_grp,True,False,False,True,False,True,CS_2020240,0.300473
Tensor_Changsha_A2020241.1742.npz,2020,241,2020241,1742,CS,False,,"[64, 64]",53.34,138.57,,,,Train,,True,False,False,False,False,False,CS_2020241,0.302118
Tensor_Changsha_A2020242.1718.npz,2020,242,2020242,1718,CS,False,,"[64, 64]",41.47,140.45,,,,"Train,Train_no_overlap,Train_phase4",train_grp,True,False,False,True,True,False,CS_2020242,0.316118
Tensor_Changsha_A2020242.1900.npz,2020,242,2020242,1900,CS,False,,"[64, 64]",40.75,127.17,,,,"Train,Train_no_overlap,Train_phase4",train_grp,True,False,False,True,True,False,CS_2020242,0.31065
Tensor_Changsha_A2020243.1842.npz,2020,243,2020243,1842,CS,False,,"[64, 64]",29.18,130.49,,,,Train,,True,False,False,False,False,False,CS_2020243,0.290312
Tensor_Changsha_A2020244.1824.npz,2020,244,2020244,1824,CS,False,,"[64, 64]",17.93,133.62,,,,Train,,True,False,False,False,False,False,CS_2020244,0.283639
Tensor_Changsha_A2020245.1806.npz,2020,245,2020245,1806,CS,False,,"[64, 64]",7.76,136.53,,,,Train,,True,False,False,False,False,False,CS_2020245,0.302675
Tensor_Changsha_A2020246.1748.npz,2020,246,2020246,1748,CS,False,,"[64, 64]",7.65,139.17,,,,Train,,True,False,False,False,False,False,CS_2020246,0.293804
Tensor_Changsha_A2020247.1724.npz,2020,247,2020247,1724,CS,False,,"[64, 64]",17.52,141.45,,,,"Train,Train_no_overlap,Train_phase4",train_grp,True,False,False,True,True,False,CS_2020247,0.33492
Tensor_Changsha_A2020248.1848.npz,2020,248,2020248,1848,CS,False,,"[64, 64]",28.65,130.55,,,,Train,,True,False,False,False,False,False,CS_2020248,0.324994
Tensor_Changsha_A2020249.1830.npz,2020,249,2020249,1830,CS,False,,"[64, 64]",39.46,133.85,,,,Train,,True,False,False,False,False,False,CS_2020249,0.32563
Tensor_Changsha_A2020250.1812.npz,2020,250,2020250,1812,CS,False,,"[64, 64]",50.27,136.95,,,,"Train,Train_no_overlap,Train_phase4",train_grp,True,False,False,True,True,False,CS_2020250,0.340746
Tensor_Changsha_A2020251.1754.npz,2020,251,2020251,1754,CS,False,,"[64, 64]",61.1,139.79,,,,Train,,True,False,False,False,False,False,CS_2020251,0.314782
Tensor_Changsha_A2020253.1712.npz,2020,253,2020253,1712,CS,False,,"[64, 64]",83.01,144.49,,,,"Train,Train_no_overlap,Train_phase4",train_grp,True,False,False,True,True,False,CS_2020253,0.335287
Tensor_Changsha_A2020253.1854.npz,2020,253,2020253,1854,CS,False,,"[64, 64]",83.61,130.49,,,,"Train,Train_no_overlap,Train_phase4",train_grp,True,False,False,True,True,False,CS_2020253,0.328541
Tensor_Changsha_A2020254.1836.npz,2020,254,2020254,1836,CS,False,,"[64, 64]",94.91,133.95,,,,Train,,True,False,False,False,False,False,CS_2020254,0.314843
Tensor_Changsha_A2020255.1818.npz,2020,255,2020255,1818,CS,False,,"[64, 64]",106.47,137.24,,,,Train,,True,False,False,False,False,False,CS_2020255,0.339685
Tensor_Changsha_A2020256.1800.npz,2020,256,2020256,1800,CS,False,,"[64, 64]",118.34,140.3,,,,Train,,True,False,False,False,False,False,CS_2020256,0.336488
Tensor_Changsha_A2020257.1742.npz,2020,257,2020257,1742,CS,False,,"[64, 64]",130.57,143.13,,,,Train,,True,False,False,False,False,False,CS_2020257,0.321141
Tensor_Changsha_A2020258.1718.npz,2020,258,2020258,1718,CS,False,,"[64, 64]",143.16,145.51,,,,"Train,Train_no_overlap,Train_phase4",train_grp,True,False,False,True,True,False,CS_2020258,0.350325
Tensor_Changsha_A2020258.1900.npz,2020,258,2020258,1900,CS,False,,"[64, 64]",144.19,130.33,,,,"Train,Train_no_overlap,Val_phase4",train_grp,True,False,False,True,False,True,CS_2020258,0.330107
Tensor_Changsha_A2020259.1842.npz,2020,259,2020259,1842,CS,False,,"[64, 64]",157.15,133.94,,,,Train,,True,False,False,False,False,False,CS_2020259,0.320229
Tensor_Changsha_A2020260.1824.npz,2020,260,2020260,1824,CS,False,,"[64, 64]",169.92,137.39,,,,Train,,True,False,False,False,False,False,CS_2020260,0.32929
Tensor_Changsha_A2020261.1806.npz,2020,261,2020261,1806,CS,False,,"[64, 64]",173.41,140.65,,,,Train,,True,False,False,False,False,False,CS_2020261,0.340954
Tensor_Changsha_A2020262.1748.npz,2020,262,2020262,1748,CS,False,,"[64, 64]",161.08,143.67,,,,Train,,True,False,False,False,False,False,CS_2020262,0.331778
Tensor_Changsha_A2020263.1724.npz,2020,263,2020263,1724,CS,False,,"[64, 64]",147.7,146.36,,,,"Train,Train_no_overlap,Val_phase4",train_grp,True,False,False,True,False,True,CS_2020263,0.318363
Tensor_Changsha_A2020264.1848.npz,2020,264,2020264,1848,CS,False,,"[64, 64]",133.07,133.8,,,,"Train,Train_no_overlap,Train_phase4",train_grp,True,False,False,True,True,False,CS_2020264,0.317331
Tensor_Changsha_A2020265.1830.npz,2020,265,2020265,1830,CS,False,,"[64, 64]",120.0,137.41,,,,Train,,True,False,False,False,False,False,CS_2020265,0.323563
Tensor_Changsha_A2020266.1812.npz,2020,266,2020266,1812,CS,False,,"[64, 64]",107.23,140.86,,,,Train,,True,False,False,False,False,False,CS_2020266,0.34836
Tensor_Changsha_A2020267.1754.npz,2020,267,2020267,1754,CS,False,,"[64, 64]",94.78,144.09,,,,Train,,True,False,False,False,False,False,CS_2020267,0.32326
Tensor_Changsha_A2020269.1712.npz,2020,269,2020269,1712,CS,False,,"[64, 64]",70.75,149.63,,,,"Train,Train_no_overlap,Val_phase4",train_grp,True,False,False,True,False,True,CS_2020269,0.329497
Tensor_Changsha_A2020269.1854.npz,2020,269,2020269,1854,CS,False,,"[64, 64]",69.87,133.55,,,,"Train,Train_no_overlap,Train_phase4",train_grp,True,False,False,True,True,False,CS_2020269,0.318749
Tensor_Changsha_A2020270.1836.npz,2020,270,2020270,1836,CS,False,,"[64, 64]",58.34,137.3,,,,Train,,True,False,False,False,False,False,CS_2020270,0.331386
Tensor_Changsha_A2020271.1818.npz,2020,271,2020271,1818,CS,False,,"[64, 64]",47.0,140.91,,,,Train,,True,False,False,False,False,False,CS_2020271,0.310409
Tensor_Changsha_A2020272.1800.npz,2020,272,2020272,1800,CS,False,,"[64, 64]",35.84,144.34,,,,Train,,True,False,False,False,False,False,CS_2020272,0.320147
Tensor_Changsha_A2020273.1742.npz,2020,273,2020273,1742,CS,False,,"[64, 64]",24.86,147.55,,,,Train,,True,False,False,False,False,False,CS_2020273,0.335312
Tensor_Changsha_A2020274.1718.npz,2020,274,2020274,1718,CS,False,,"[64, 64]",14.23,150.41,,,,"Train,Train_no_overlap,Train_phase4",train_grp,True,False,False,True,True,False,CS_2020274,0.310442
Tensor_Changsha_A2020274.1900.npz,2020,274,2020274,1900,CS,False,,"[64, 64]",13.68,133.19,,,,"Train,Train_no_overlap,Train_phase4",train_grp,True,False,False,True,True,False,CS_2020274,0.329714
Tensor_Changsha_A2020275.1842.npz,2020,275,2020275,1842,CS,False,,"[64, 64]",5.32,137.06,,,,Train,,True,False,False,False,False,False,CS_2020275,0.312845
Tensor_Changsha_A2020276.1824.npz,2020,276,2020276,1824,CS,False,,"[64, 64]",10.39,140.81,,,,Train,,True,False,False,False,False,False,CS_2020276,0.310413
Tensor_Changsha_A2020277.1806.npz,2020,277,2020277,1806,CS,False,,"[64, 64]",20.61,144.42,,,,Train,,True,False,False,False,False,False,CS_2020277,0.322489
Tensor_Changsha_A2020278.1748.npz,2020,278,2020278,1748,CS,False,,"[64, 64]",31.27,147.84,,,,Train,,True,False,False,False,False,False,CS_2020278,0.329488
Tensor_Changsha_A2020279.1724.npz,2020,279,2020279,1724,CS,False,,"[64, 64]",42.07,150.98,,,,"Train,Train_no_overlap,Val_phase4",val_grp,True,False,False,True,False,True,CS_2020279,0.326136
Tensor_Changsha_A2020280.1848.npz,2020,280,2020280,1848,CS,False,,"[64, 64]",53.44,136.71,,,,"Train,Train_no_overlap,Train_phase4",train_grp,True,False,False,True,True,False,CS_2020280,0.294223
Tensor_Changsha_A2020281.1830.npz,2020,281,2020281,1830,CS,False,,"[64, 64]",64.53,140.58,,,,Train,,True,False,False,False,False,False,CS_2020281,0.290668
Tensor_Changsha_A2020282.1812.npz,2020,282,2020282,1812,CS,False,,"[64, 64]",75.81,144.35,,,,Train,,True,False,False,False,False,False,CS_2020282,0.291252
Tensor_Changsha_A2020283.1754.npz,2020,283,2020283,1754,CS,False,,"[64, 64]",87.33,147.96,,,,Train,,True,False,False,False,False,False,CS_2020283,0.30989
Tensor_Changsha_A2020285.1854.npz,2020,285,2020285,1854,CS,False,,"[64, 64]",112.13,136.25,,,,"Train,Train_no_overlap,Train_phase4",train_grp,True,False,False,True,True,False,CS_2020285,0.29797
Tensor_Changsha_A2020286.1836.npz,2020,286,2020286,1836,CS,False,,"[64, 64]",124.79,140.24,,,,Train,,True,False,False,False,False,False,CS_2020286,0.30691
Tensor_Changsha_A2020287.1818.npz,2020,287,2020287,1818,CS,False,,"[64, 64]",137.81,144.13,,,,Train,,True,False,False,False,False,False,CS_2020287,0.332779
Tensor_Changsha_A2020288.1800.npz,2020,288,2020288,1800,CS,False,,"[64, 64]",151.13,147.9,,,,Train,,True,False,False,False,False,False,CS_2020288,0.329881
Tensor_Changsha_A2020290.1718.npz,2020,290,2020290,1718,CS,False,,"[64, 64]",175.81,154.83,,,,"Train,Train_no_overlap,Train_phase4",train_grp,True,False,False,True,True,False,CS_2020290,0.326189
Tensor_Changsha_A2020290.1900.npz,2020,290,2020290,1900,CS,False,,"[64, 64]",175.83,135.72,,,,"Train,Train_no_overlap,Train_phase4",train_grp,True,False,False,True,True,False,CS_2020290,0.297032
Tensor_Changsha_A2020291.1842.npz,2020,291,2020291,1842,CS,False,,"[64, 64]",165.33,139.78,,,,"Train,Train_no_overlap,Train_phase4",train_grp,True,False,False,True,True,False,CS_2020291,0.286345
Tensor_Changsha_A2020292.1824.npz,2020,292,2020292,1824,CS,False,,"[64, 64]",151.94,143.78,,,,"Train,Train_no_overlap,Train_phase4",train_grp,True,False,False,True,True,False,CS_2020292,0.304479
Tensor_Changsha_A2020293.1806.npz,2020,293,2020293,1806,CS,False,,"[64, 64]",138.66,147.69,,,,"Train,Train_no_overlap,Train_phase4",val_grp,True,False,False,True,True,False,CS_2020293,0.329305
Tensor_Changsha_A2020294.1748.npz,2020,294,2020294,1748,CS,False,,"[64, 64]",125.69,151.46,,,,"Train,Train_no_overlap,Train_phase4",train_grp,True,False,False,True,True,False,CS_2020294,0.325481
Tensor_Changsha_A2020295.1724.npz,2020,295,2020295,1724,CS,False,,"[64, 64]",113.1,155.02,,,,"Train,Train_no_overlap,Train_phase4",train_grp,True,False,False,True,True,False,CS_2020295,0.336375
Tensor_Changsha_A2020296.1848.npz,2020,296,2020296,1848,CS,False,,"[64, 64]",99.82,139.25,,,,"Train,Train_no_overlap,Train_phase4",train_grp,True,False,False,True,True,False,CS_2020296,0.2898
Tensor_Changsha_A2020297.1830.npz,2020,297,2020297,1830,CS,False,,"[64, 64]",88.06,143.33,,,,"Train,Train_no_overlap,Train_phase4",val_grp,True,False,False,True,True,False,CS_2020297,0.327224
Tensor_Changsha_A2020298.1812.npz,2020,298,2020298,1812,CS,False,,"[64, 64]",76.61,147.34,,,,"Train,Train_no_overlap,Val_phase4",train_grp,True,False,False,True,False,True,CS_2020298,0.327259
Tensor_Changsha_A2020299.1754.npz,2020,299,2020299,1754,CS,False,,"[64, 64]",65.39,151.26,,,,"Train,Train_no_overlap,Val_phase4",train_grp,True,False,False,True,False,True,CS_2020299,0.302665
Tensor_Changsha_A2020300.1730.npz,2020,300,2020300,1730,CS,False,,"[64, 64]",54.35,154.9,,,,"Train,Train_no_overlap,Train_phase4",train_grp,True,False,False,True,True,False,CS_2020300,0.299819
Tensor_Changsha_A2020301.1712.npz,2020,301,2020301,1712,CS,False,,"[64, 64]",43.42,158.54,,,,"Train,Train_no_overlap,Val_phase4",train_grp,True,False,False,True,False,True,CS_2020301,0.324597
Tensor_Changsha_A2020301.1854.npz,2020,301,2020301,1854,CS,False,,"[64, 64]",42.76,138.64,,,,"Train,Train_no_overlap,Train_phase4",train_grp,True,False,False,True,True,False,CS_2020301,0.311361
Tensor_Changsha_A2020302.1836.npz,2020,302,2020302,1836,CS,False,,"[64, 64]",32.0,142.79,,,,"Train,Train_no_overlap,Train_phase4",train_grp,True,False,False,True,True,False,CS_2020302,0.316201
Tensor_Changsha_A2020303.1818.npz,2020,303,2020303,1818,CS,False,,"[64, 64]",21.3,146.89,,,,"Train,Train_no_overlap,Val_phase4",train_grp,True,False,False,True,False,True,CS_2020303,0.339749
Tensor_Changsha_A2020304.1800.npz,2020,304,2020304,1800,CS,False,,"[64, 64]",10.78,150.91,,,,"Train,Train_no_overlap,Train_phase4",train_grp,True,False,False,True,True,False,CS_2020304,0.318251
Tensor_Changsha_A2020306.1718.npz,2020,306,2020306,1718,CS,False,,"[64, 64]",12.15,158.56,,,,"Train,Train_no_overlap,Train_phase4",train_grp,True,False,False,True,True,False,CS_2020306,0.315381
Tensor_Changsha_A2020306.1900.npz,2020,306,2020306,1900,CS,False,,"[64, 64]",12.56,137.99,,,,"Train,Train_no_overlap,Train_phase4",train_grp,True,False,False,True,True,False,CS_2020306,0.306308
Tensor_Changsha_A2020307.1842.npz,2020,307,2020307,1842,CS,False,,"[64, 64]",23.31,142.18,,,,"Train,Train_no_overlap,Train_phase4",val_grp,True,False,False,True,True,False,CS_2020307,0.274474
Tensor_Changsha_A2020308.1824.npz,2020,308,2020308,1824,CS,False,,"[64, 64]",34.33,146.34,,,,"Train,Train_no_overlap,Val_phase4",val_grp,True,False,False,True,False,True,CS_2020308,0.314947
Tensor_Changsha_A2020309.1806.npz,2020,309,2020309,1806,CS,False,,"[64, 64]",45.52,150.45,,,,"Train,Train_no_overlap,Train_phase4",train_grp,True,False,False,True,True,False,CS_2020309,0.308862
Tensor_Changsha_A2020310.1748.npz,2020,310,2020310,1748,CS,False,,"[64, 64]",56.9,154.49,,,,"Train,Train_no_overlap,Train_phase4",val_grp,True,False,False,True,True,False,CS_2020310,0.331737
Tensor_Changsha_A2020311.1724.npz,2020,311,2020311,1724,CS,False,,"[64, 64]",68.47,158.38,,,,"Train,Train_no_overlap,Train_phase4",train_grp,True,False,False,True,True,False,CS_2020311,0.287277
Tensor_Changsha_A2020312.1848.npz,2020,312,2020312,1848,CS,False,,"[64, 64]",80.92,141.54,,,,"Train,Train_no_overlap,Train_phase4",train_grp,True,False,False,True,True,False,CS_2020312,0.274585
Tensor_Changsha_A2020313.1830.npz,2020,313,2020313,1830,CS,False,,"[64, 64]",93.13,145.73,,,,"Train,Train_no_overlap,Train_phase4",val_grp,True,False,False,True,True,False,CS_2020313,0.288933
Tensor_Changsha_A2020314.1812.npz,2020,314,2020314,1812,CS,False,,"[64, 64]",105.66,149.91,,,,"Train,Train_no_overlap,Train_phase4",val_grp,True,False,False,True,True,False,CS_2020314,0.295758
Tensor_Changsha_A2020315.1754.npz,2020,315,2020315,1754,CS,False,,"[64, 64]",118.53,154.03,,,,"Train,Train_no_overlap,Train_phase4",train_grp,True,False,False,True,True,False,CS_2020315,0.291891
Tensor_Changsha_A2020316.1730.npz,2020,316,2020316,1730,CS,False,,"[64, 64]",131.72,158.05,,,,"Train,Train_no_overlap,Train_phase4",train_grp,True,False,False,True,True,False,CS_2020316,0.279577
Tensor_Changsha_A2020317.1854.npz,2020,317,2020317,1854,CS,False,,"[64, 64]",146.32,140.86,,,,"Train,Train_no_overlap,Train_phase4",val_grp,True,False,False,True,True,False,CS_2020317,0.293774
Tensor_Changsha_A2020318.1836.npz,2020,318,2020318,1836,CS,False,,"[64, 64]",160.05,145.09,,,,"Train,Train_no_overlap,Train_phase4",train_grp,True,False,False,True,True,False,CS_2020318,0.290469
Tensor_Changsha_A2020319.1818.npz,2020,319,2020319,1818,CS,False,,"[64, 64]",173.58,149.3,,,,"Train,Train_no_overlap,Train_phase4",train_grp,True,False,False,True,True,False,CS_2020319,0.29082
Tensor_Changsha_A2020320.1800.npz,2020,320,2020320,1800,CS,False,,"[64, 64]",171.95,153.48,,,,"Train,Train_no_overlap,Train_phase4",train_grp,True,False,False,True,True,False,CS_2020320,0.333292
Tensor_Changsha_A2020322.1900.npz,2020,322,2020322,1900,CS,False,,"[64, 64]",144.25,140.17,,,,"Train,Train_no_overlap,Train_phase4",train_grp,True,False,False,True,True,False,CS_2020322,0.318911
Tensor_Changsha_A2020323.1842.npz,2020,323,2020323,1842,CS,False,,"[64, 64]",131.55,144.42,,,,"Train,Train_no_overlap,Val_phase4",train_grp,True,False,False,True,False,True,CS_2020323,0.30948
Tensor_Changsha_A2020324.1824.npz,2020,324,2020324,1824,CS,False,,"[64, 64]",119.28,148.65,,,,"Train,Train_no_overlap,Val_phase4",train_grp,True,False,False,True,False,True,CS_2020324,0.325769
Tensor_Changsha_A2020325.1806.npz,2020,325,2020325,1806,CS,False,,"[64, 64]",107.43,152.87,,,,"Train,Train_no_overlap,Val_phase4",train_grp,True,False,False,True,False,True,CS_2020325,0.326116
Tensor_Changsha_A2020327.1724.npz,2020,327,2020327,1724,CS,False,,"[64, 64]",84.71,161.16,,,,"Train,Train_no_overlap,Train_phase4",train_grp,True,False,False,True,True,False,CS_2020327,0.310494
Tensor_Changsha_A2020328.1848.npz,2020,328,2020328,1848,CS,False,,"[64, 64]",72.88,143.73,,,,"Train,Train_no_overlap,Val_phase4",train_grp,True,False,False,True,False,True,CS_2020328,0.288828
Tensor_Changsha_A2020329.1830.npz,2020,329,2020329,1830,CS,False,,"[64, 64]",62.11,147.97,,,,"Train,Train_no_overlap,Train_phase4",val_grp,True,False,False,True,True,False,CS_2020329,0.320798
Tensor_Changsha_A2020330.1812.npz,2020,330,2020330,1812,CS,False,,"[64, 64]",51.4,152.22,,,,"Train,Train_no_overlap,Train_phase4",train_grp,True,False,False,True,True,False,CS_2020330,0.306848
Tensor_Changsha_A2020331.1754.npz,2020,331,2020331,1754,CS,False,,"[64, 64]",40.68,156.44,,,,"Train,Train_no_overlap,Train_phase4",train_grp,True,False,False,True,True,False,CS_2020331,0.307615
Tensor_Changsha_A2020332.1730.npz,2020,332,2020332,1730,CS,False,,"[64, 64]",29.9,160.6,,,,"Train,Train_no_overlap,Train_phase4",train_grp,True,False,False,True,True,False,CS_2020332,0.322953
Tensor_Changsha_A2020333.1712.npz,2020,333,2020333,1712,CS,False,,"[64, 64]",19.03,164.69,,,,"Train,Train_no_overlap,Train_phase4",train_grp,True,False,False,True,True,False,CS_2020333,0.293175
Tensor_Changsha_A2020333.1854.npz,2020,333,2020333,1854,CS,False,,"[64, 64]",18.51,143.03,,,,"Train,Train_no_overlap,Train_phase4",train_grp,True,False,False,True,True,False,CS_2020333,0.311853
Tensor_Changsha_A2020334.1836.npz,2020,334,2020334,1836,CS,False,,"[64, 64]",7.6,147.29,,,,"Train,Train_no_overlap,Val_phase4",train_grp,True,False,False,True,False,True,CS_2020334,0.321275
Tensor_Changsha_A2020335.1818.npz,2020,335,2020335,1818,CS,False,,"[64, 64]",3.76,151.54,,,,"Train,Train_no_overlap,Train_phase4",train_grp,True,False,False,True,True,False,CS_2020335,0.311311
Tensor_Changsha_A2020336.1800.npz,2020,336,2020336,1800,CS,False,,"[64, 64]",14.93,155.78,,,,"Train,Train_no_overlap,Train_phase4",val_grp,True,False,False,True,True,False,CS_2020336,0.301979
Tensor_Changsha_A2020337.1736.npz,2020,337,2020337,1736,CS,False,,"[64, 64]",26.38,159.99,,,,"Train,Train_no_overlap,Val_phase4",val_grp,True,False,False,True,False,True,CS_2020337,0.299587
Tensor_Changsha_A2020338.1718.npz,2020,338,2020338,1718,CS,False,,"[64, 64]",38.0,164.14,,,,"Train,Train_no_overlap,Train_phase4",train_grp,True,False,False,True,True,False,CS_2020338,0.324663
Tensor_Changsha_A2020338.1900.npz,2020,338,2020338,1900,CS,False,,"[64, 64]",38.47,142.32,,,,"Train,Train_no_overlap,Train_phase4",train_grp,True,False,False,True,True,False,CS_2020338,0.311708
Tensor_Changsha_A2020339.1842.npz,2020,339,2020339,1842,CS,False,,"[64, 64]",50.32,146.58,,,,"Train,Train_no_overlap,Train_phase4",train_grp,True,False,False,True,True,False,CS_2020339,0.295045
Tensor_Changsha_A2020340.1824.npz,2020,340,2020340,1824,CS,False,,"[64, 64]",62.37,150.83,,,,"Train,Train_no_overlap,Train_phase4",val_grp,True,False,False,True,True,False,CS_2020340,0.30012
Tensor_Changsha_A2020341.1806.npz,2020,341,2020341,1806,CS,False,,"[64, 64]",74.64,155.08,,,,"Train,Train_no_overlap,Train_phase4",train_grp,True,False,False,True,True,False,CS_2020341,0.319947
Tensor_Changsha_A2020344.1848.npz,2020,344,2020344,1848,CS,False,,"[64, 64]",113.76,145.87,,,,"Train,Train_no_overlap,Val_phase4",train_grp,True,False,False,True,False,True,CS_2020344,0.273986
Tensor_Changsha_A2020345.1830.npz,2020,345,2020345,1830,CS,False,,"[64, 64]",127.05,150.11,,,,"Train,Train_no_overlap,Train_phase4",train_grp,True,False,False,True,True,False,CS_2020345,0.266592
Tensor_Changsha_A2020346.1812.npz,2020,346,2020346,1812,CS,False,,"[64, 64]",140.49,154.37,,,,"Train,Train_no_overlap,Train_phase4",train_grp,True,False,False,True,True,False,CS_2020346,0.321638
Tensor_Changsha_A2020347.1754.npz,2020,347,2020347,1754,CS,False,,"[64, 64]",154.0,158.65,,,,"Train,Train_no_overlap,Train_phase4",train_grp,True,False,False,True,True,False,CS_2020347,0.282471
Tensor_Changsha_A2020349.1854.npz,2020,349,2020349,1854,CS,False,,"[64, 64]",177.88,145.1,,,,"Train,Train_no_overlap,Train_phase4",train_grp,True,False,False,True,True,False,CS_2020349,0.301599
Tensor_Changsha_A2020350.1836.npz,2020,350,2020350,1836,CS,False,,"[64, 64]",164.81,149.35,,,,"Train,Train_no_overlap,Train_phase4",train_grp,True,False,False,True,True,False,CS_2020350,0.288234
Tensor_Changsha_A2020353.1736.npz,2020,353,2020353,1736,CS,False,,"[64, 64]",127.8,162.05,,,,"Train,Train_no_overlap,Val_phase4",train_grp,True,False,False,True,False,True,CS_2020353,0.307953
Tensor_Changsha_A2020355.1842.npz,2020,355,2020355,1842,CS,False,,"[64, 64]",103.98,148.54,,,,"Train,Train_no_overlap,Val_phase4",train_grp,True,False,False,True,False,True,CS_2020355,0.280743
Tensor_Changsha_A2020356.1824.npz,2020,356,2020356,1824,CS,False,,"[64, 64]",93.06,152.78,,,,"Train,Train_no_overlap,Val_phase4",train_grp,True,False,False,True,False,True,CS_2020356,0.274671
Tensor_Changsha_A2020357.1806.npz,2020,357,2020357,1806,CS,False,,"[64, 64]",82.3,157.01,,,,"Train,Train_no_overlap,Train_phase4",val_grp,True,False,False,True,True,False,CS_2020357,0.308903
Tensor_Changsha_A2020359.1724.npz,2020,359,2020359,1724,CS,False,,"[64, 64]",60.95,165.37,,,,"Train,Train_no_overlap,Train_phase4",train_grp,True,False,False,True,True,False,CS_2020359,0.29892
Tensor_Changsha_A2020360.1848.npz,2020,360,2020360,1848,CS,False,,"[64, 64]",49.54,147.69,,,,"Train,Train_no_overlap,Train_phase4",train_grp,True,False,False,True,True,False,CS_2020360,0.272605
Tensor_Changsha_A2020361.1830.npz,2020,361,2020361,1830,CS,False,,"[64, 64]",38.73,151.91,,,,"Train,Train_no_overlap,Train_phase4",train_grp,True,False,False,True,True,False,CS_2020361,0.299655
Tensor_Changsha_A2020362.1812.npz,2020,362,2020362,1812,CS,False,,"[64, 64]",27.72,156.13,,,,"Train,Train_no_overlap,Train_phase4",train_grp,True,False,False,True,True,False,CS_2020362,0.3106
Tensor_Changsha_A2020363.1754.npz,2020,363,2020363,1754,CS,False,,"[64, 64]",16.5,160.36,,,,"Train,Train_no_overlap,Train_phase4",val_grp,True,False,False,True,True,False,CS_2020363,0.322166
Tensor_Changsha_A2020364.1730.npz,2020,364,2020364,1730,CS,False,,"[64, 64]",5.18,164.45,,,,"Train,Train_no_overlap,Val_phase4",train_grp,True,False,False,True,False,True,CS_2020364,0.287087
Tensor_Changsha_A2020365.1712.npz,2020,365,2020365,1712,CS,False,,"[64, 64]",7.02,168.46,,,,"Train,Train_no_overlap,Train_phase4",train_grp,True,False,False,True,True,False,CS_2020365,0.305661
Tensor_Changsha_A2020365.1854.npz,2020,365,2020365,1854,CS,False,,"[64, 64]",7.49,146.77,,,,"Train,Train_no_overlap,Train_phase4",train_grp,True,False,False,True,True,False,CS_2020365,0.298771
Tensor_Changsha_A2022157.1848.npz,2022,157,2022157,1848,CS,True,0.0,"[64, 64]",99.82,118.31,272.01531982421875,3.1663756370544434,3.0,"Train,Train_no_overlap,Train_phase4",train_grp,True,False,False,True,True,False,CS_2022157,0.312377
Tensor_Changsha_A2022158.1830.npz,2022,158,2022158,1830,CS,True,0.0,"[64, 64]",88.52,120.68,290.02484130859375,1.973244309425354,2.0,"Train,Train_no_overlap,Val_phase4",val_grp,True,False,False,True,False,True,CS_2022158,0.310728
Tensor_Changsha_A2022179.1836.npz,2022,179,2022179,1836,CS,True,0.0,"[64, 64]",175.73,120.02,275.299072265625,5.6258368492126465,3.0,"Train,Train_no_overlap,Train_phase4",val_grp,True,False,False,True,True,False,CS_2022179,0.324901
Tensor_Changsha_A2022186.1806.npz,2022,186,2022186,1806,CS,True,0.0,"[64, 64]",106.2,124.1,284.413330078125,1.316759467124939,3.0,"Train,Train_no_overlap,Train_phase4",train_grp,True,False,False,True,True,False,CS_2022186,0.345462
Tensor_Changsha_A2022187.1748.npz,2022,187,2022187,1748,CS,True,0.0,"[64, 64]",94.63,125.91,287.5963134765625,1.1290761232376099,2.0,"Train,Train_no_overlap,Train_phase4",train_grp,True,False,False,True,True,False,CS_2022187,0.345422
Tensor_Changsha_A2022243.1836.npz,2022,243,2022243,1836,CS,True,0.0,"[64, 64]",127.53,131.47,284.2419738769531,0.4243365526199341,3.0,"Train,Train_no_overlap,Val_phase4",val_grp,True,False,False,True,False,True,CS_2022243,0.318844
Tensor_Changsha_A2022245.1800.npz,2022,245,2022245,1800,CS,True,0.0,"[64, 64]",103.33,137.4,291.2309875488281,0.49915823340415955,1.0,"Train,Train_no_overlap,Train_phase4",train_grp,True,False,False,True,True,False,CS_2022245,0.294942
Tensor_Changsha_A2022265.1824.npz,2022,265,2022265,1824,CS,True,1.0,"[64, 64]",143.85,138.47,266.1402893066406,0.6733903288841248,3.0,"Train,Train_no_overlap,Train_phase4",train_grp,True,False,False,True,True,False,CS_2022265,0.328178
Tensor_Changsha_A2022267.1748.npz,2022,267,2022267,1748,CS,True,0.0,"[64, 64]",166.11,145.04,272.01531982421875,1.824623703956604,3.0,"Train,Train_no_overlap,Train_phase4",train_grp,True,False,False,True,True,False,CS_2022267,0.325638
Tensor_Changsha_A2022268.1730.npz,2022,268,2022268,1730,CS,True,0.0,"[64, 64]",176.32,147.9,270.4508361816406,0.11709197610616684,3.0,"Train,Train_no_overlap,Train_phase4",train_grp,True,False,False,True,True,False,CS_2022268,0.324108
Tensor_Changsha_A2022269.1848.npz,2022,269,2022269,1848,CS,True,0.0,"[64, 64]",168.64,134.69,288.6741638183594,0.37266990542411804,2.0,"Train,Train_no_overlap,Train_phase4",train_grp,True,False,False,True,True,False,CS_2022269,0.315782
Tensor_Changsha_A2022270.1830.npz,2022,270,2022270,1830,CS,True,0.0,"[64, 64]",156.89,138.4,290.4064636230469,0.26627326011657715,0.0,"Train,Train_no_overlap,Val_phase4",val_grp,True,False,False,True,False,True,CS_2022270,0.279673
Tensor_Changsha_A2022271.1812.npz,2022,271,2022271,1812,CS,True,0.0,"[64, 64]",144.81,141.97,290.3489074707031,0.5224197506904602,0.0,"Train,Train_no_overlap,Train_phase4",train_grp,True,False,False,True,True,False,CS_2022271,0.295095
Tensor_Changsha_A2022272.1754.npz,2022,272,2022272,1754,CS,True,0.0,"[64, 64]",132.53,145.35,293.0328369140625,0.5731351971626282,0.0,"Train,Train_no_overlap,Train_phase4",train_grp,True,False,False,True,True,False,CS_2022272,0.299992
Tensor_Changsha_A2022273.1736.npz,2022,273,2022273,1736,CS,True,0.0,"[64, 64]",120.07,148.46,293.94140625,0.4633120000362396,0.0,"Train,Train_no_overlap,Train_phase4",train_grp,True,False,False,True,True,False,CS_2022273,0.304938
Tensor_Changsha_A2023205.1806.npz,2023,205,2023205,1806,CS,True,0.0,"[64, 64]",103.63,126.79,289.9808349609375,1.153817892074585,2.0,"Train,Train_no_overlap,Train_phase4",train_grp,True,False,False,True,True,False,CS_2023205,0.35515
Tensor_Changsha_A2023212.1736.npz,2023,212,2023212,1736,CS,True,0.0,"[64, 64]",16.35,131.1,278.81317138671875,4.072324275970459,3.0,"Train,Train_no_overlap,Val_phase4",train_grp,True,False,False,True,False,True,CS_2023212,0.339882
Tensor_Changsha_A2023240.1848.npz,2023,240,2023240,1848,CS,True,1.0,"[64, 64]",33.76,128.69,285.071044921875,0.5004594326019287,3.0,"Train,Train_no_overlap,Val_phase4",train_grp,True,False,False,True,False,True,CS_2023240,0.319015
Tensor_Changsha_A2023241.1830.npz,2023,241,2023241,1830,CS,True,0.0,"[64, 64]",19.96,131.86,276.3316955566406,0.15936578810214996,3.0,"Train,Train_no_overlap,Train_phase4",train_grp,True,False,False,True,True,False,CS_2023241,0.324845
Tensor_Changsha_A2023242.1812.npz,2023,242,2023242,1812,CS,True,1.0,"[64, 64]",6.78,134.82,286.62945556640625,2.7561190128326416,3.0,"Train,Train_no_overlap,Train_phase4",train_grp,True,False,False,True,True,False,CS_2023242,0.338915
Tensor_Changsha_A2023243.1754.npz,2023,243,2023243,1754,CS,True,0.0,"[64, 64]",9.96,137.52,291.9520568847656,0.32782402634620667,1.0,"Train,Train_no_overlap,Train_phase4",train_grp,True,False,False,True,True,False,CS_2023243,0.31347
Tensor_Changsha_A2023245.1854.npz,2023,245,2023245,1854,CS,True,1.0,"[64, 64]",37.8,128.72,255.97415161132812,1.6058896780014038,3.0,"Train,Train_no_overlap,Val_phase4",train_grp,True,False,False,True,False,True,CS_2023245,0.322529
Tensor_Changsha_A2023246.1836.npz,2023,246,2023246,1836,CS,True,1.0,"[64, 64]",51.13,132.05,285.75958251953125,0.07937711477279663,3.0,"Train,Train_no_overlap,Train_phase4",val_grp,True,False,False,True,True,False,CS_2023246,0.319517
Tensor_Changsha_A2023247.1818.npz,2023,247,2023247,1818,CS,True,0.0,"[64, 64]",64.0,135.19,291.5921325683594,0.5223891735076904,2.0,"Train,Train_no_overlap,Train_phase4",train_grp,True,False,False,True,True,False,CS_2023247,0.296348
Tensor_Changsha_A2023249.1742.npz,2023,249,2023249,1742,CS,True,1.0,"[64, 64]",88.31,140.71,289.1216735839844,1.9688524007797241,2.0,"Train,Train_no_overlap,Train_phase4",train_grp,True,False,False,True,True,False,CS_2023249,0.321489
Tensor_Changsha_A2023250.1724.npz,2023,250,2023250,1724,CS,True,1.0,"[64, 64]",99.82,142.97,288.9523620605469,0.1343182623386383,2.0,"Train,Train_no_overlap,Train_phase4",train_grp,True,False,False,True,True,False,CS_2023250,0.321902
Tensor_Changsha_A2023250.1900.npz,2023,250,2023250,1900,CS,True,1.0,"[64, 64]",100.51,128.65,288.2667236328125,0.1412477195262909,2.0,"Train,Train_no_overlap,Train_phase4",train_grp,True,False,False,True,True,False,CS_2023250,0.326148
Tensor_Changsha_A2023251.1842.npz,2023,251,2023251,1842,CS,True,1.0,"[64, 64]",111.75,132.13,276.6116638183594,0.6924847364425659,3.0,"Train,Train_no_overlap,Train_phase4",val_grp,True,False,False,True,True,False,CS_2023251,0.317538
Tensor_Changsha_A2023252.1824.npz,2023,252,2023252,1824,CS,True,0.0,"[64, 64]",122.73,135.44,294.808349609375,0.3610234558582306,0.0,"Train,Train_no_overlap,Train_phase4",train_grp,True,False,False,True,True,False,CS_2023252,0.293304
Tensor_Changsha_A2023253.1806.npz,2023,253,2023253,1806,CS,True,0.0,"[64, 64]",133.52,138.55,284.8938903808594,2.797637462615967,3.0,"Train,Train_no_overlap,Train_phase4",train_grp,True,False,False,True,True,False,CS_2023253,0.32142
Tensor_Changsha_A2023254.1748.npz,2023,254,2023254,1748,CS,True,1.0,"[64, 64]",144.18,141.4,212.80157470703125,2.2080180644989014,3.0,"Train,Train_no_overlap,Val_phase4",train_grp,True,False,False,True,False,True,CS_2023254,0.316163
Tensor_Changsha_A2023255.1730.npz,2023,255,2023255,1730,CS,True,1.0,"[64, 64]",154.76,143.91,284.44232177734375,1.3223270177841187,3.0,"Train,Train_no_overlap,Train_phase4",train_grp,True,False,False,True,True,False,CS_2023255,0.339361
Tensor_Changsha_A2023256.1848.npz,2023,256,2023256,1848,CS,True,1.0,"[64, 64]",166.21,132.11,241.46096801757812,0.9914904236793518,3.0,"Train,Train_no_overlap,Val_phase4",train_grp,True,False,False,True,False,True,CS_2023256,0.298421
Tensor_Changsha_A2023258.1812.npz,2023,258,2023258,1812,CS,True,0.0,"[64, 64]",171.74,138.88,292.2731018066406,0.18324661254882812,0.0,"Train,Train_no_overlap,Train_phase4",train_grp,True,False,False,True,True,False,CS_2023258,0.290433
Tensor_Changsha_A2023260.1736.npz,2023,260,2023260,1736,CS,True,1.0,"[64, 64]",150.33,144.71,292.8159484863281,2.0291342735290527,1.0,"Train,Train_no_overlap,Train_phase4",train_grp,True,False,False,True,True,False,CS_2023260,0.308498
Tensor_Changsha_A2023261.1854.npz,2023,261,2023261,1854,CS,True,0.0,"[64, 64]",138.18,131.96,289.6997985839844,1.0710031986236572,2.0,"Train,Train_no_overlap,Train_phase4",val_grp,True,False,False,True,True,False,CS_2023261,0.326506
Tensor_Changsha_A2023263.1818.npz,2023,263,2023263,1818,CS,True,1.0,"[64, 64]",115.47,139.06,275.9845275878906,0.9167413115501404,3.0,"Train,Train_no_overlap,Train_phase4",train_grp,True,False,False,True,True,False,CS_2023263,0.33033
Tensor_Changsha_A2023264.1800.npz,2023,264,2023264,1800,CS,True,1.0,"[64, 64]",103.7,142.33,267.1221008300781,3.1551918983459473,3.0,"Train,Train_no_overlap,Train_phase4",train_grp,True,False,False,True,True,False,CS_2023264,0.334735
Tensor_Changsha_A2023265.1742.npz,2023,265,2023265,1742,CS,True,1.0,"[64, 64]",91.59,145.33,285.584716796875,0.04408581182360649,3.0,"Train,Train_no_overlap,Val_phase4",val_grp,True,False,False,True,False,True,CS_2023265,0.300099
Tensor_Changsha_A2023267.1842.npz,2023,267,2023267,1842,CS,True,0.0,"[64, 64]",65.22,135.47,287.1761779785156,0.06451120227575302,3.0,"Train,Train_no_overlap,Train_phase4",train_grp,True,False,False,True,True,False,CS_2023267,0.290728
Tensor_Changsha_A2023269.1806.npz,2023,269,2023269,1806,CS,True,1.0,"[64, 64]",38.34,142.55,290.5215148925781,0.05623313784599304,2.0,"Train,Train_no_overlap,Train_phase4",train_grp,True,False,False,True,True,False,CS_2023269,0.314612
Tensor_Changsha_A2023270.1748.npz,2023,270,2023270,1748,CS,True,1.0,"[64, 64]",24.46,145.79,291.8304138183594,0.11840203404426575,0.0,"Train,Train_no_overlap,Val_phase4",train_grp,True,False,False,True,False,True,CS_2023270,0.300144
Tensor_Changsha_A2023272.1848.npz,2023,272,2023272,1848,CS,True,0.0,"[64, 64]",4.72,135.24,287.7818603515625,0.048643067479133606,2.0,"Train,Train_no_overlap,Train_phase4",train_grp,True,False,False,True,True,False,CS_2023272,0.328028
Tensor_Changsha_A2023273.1830.npz,2023,273,2023273,1830,CS,True,1.0,"[64, 64]",18.21,139.0,282.82232666015625,0.920441746711731,3.0,"Train,Train_no_overlap,Train_phase4",val_grp,True,False,False,True,True,False,CS_2023273,0.324088
Tensor_Changsha_A2023277.1712.npz,2023,277,2023277,1712,CS,True,1.0,"[64, 64]",69.18,152.11,283.0416259765625,0.17191319167613983,3.0,"Train,Train_no_overlap,Train_phase4",train_grp,True,False,False,True,True,False,CS_2023277,0.306102
Tensor_Changsha_A2023277.1854.npz,2023,277,2023277,1854,CS,True,0.0,"[64, 64]",69.75,134.89,283.12249755859375,0.08369974046945572,3.0,"Train,Train_no_overlap,Train_phase4",train_grp,True,False,False,True,True,False,CS_2023277,0.308594
Tensor_Changsha_A2023280.1800.npz,2023,280,2023280,1800,CS,True,1.0,"[64, 64]",103.74,146.18,280.1364440917969,3.364827871322632,3.0,"Train,Train_no_overlap,Train_phase4",train_grp,True,False,False,True,True,False,CS_2023280,0.348237
Tensor_Changsha_A2023281.1742.npz,2023,281,2023281,1742,CS,True,1.0,"[64, 64]",114.56,149.59,275.10137939453125,1.0996394157409668,3.0,"Train,Train_no_overlap,Train_phase4",train_grp,True,False,False,True,True,False,CS_2023281,0.329723
Tensor_Changsha_A2023283.1842.npz,2023,283,2023283,1842,CS,True,1.0,"[64, 64]",136.75,138.44,285.2801818847656,0.12973228096961975,0.0,"Train,Train_no_overlap,Train_phase4",train_grp,True,False,False,True,True,False,CS_2023283,0.290849
Tensor_Changsha_A2023284.1824.npz,2023,284,2023284,1824,CS,True,0.0,"[64, 64]",147.48,142.34,265.1899719238281,0.6219485998153687,3.0,"Train,Train_no_overlap,Train_phase4",val_grp,True,False,False,True,True,False,CS_2023284,0.313488
Tensor_Changsha_A2023288.1848.npz,2023,288,2023288,1848,CS,True,0.0,"[64, 64]",167.58,137.98,287.399169921875,0.6442384719848633,0.0,"Train,Train_no_overlap,Train_phase4",train_grp,True,False,False,True,True,False,CS_2023288,0.280765
Tensor_Changsha_A2023290.1812.npz,2023,290,2023290,1812,CS,True,0.0,"[64, 64]",144.69,145.87,288.7215270996094,0.718927264213562,0.0,"Train,Train_no_overlap,Train_phase4",train_grp,True,False,False,True,True,False,CS_2023290,0.297818
Tensor_Changsha_A2023294.1836.npz,2023,294,2023294,1836,CS,True,0.0,"[64, 64]",95.32,141.49,272.1109924316406,2.0679075717926025,3.0,"Train,Train_no_overlap,Train_phase4",val_grp,True,False,False,True,True,False,CS_2023294,0.318372
Tensor_Changsha_A2023295.1818.npz,2023,295,2023295,1818,CS,True,0.0,"[64, 64]",82.66,145.5,285.03533935546875,0.7642933130264282,0.0,"Train,Train_no_overlap,Val_phase4",train_grp,True,False,False,True,False,True,CS_2023295,0.300312
Tensor_Changsha_A2023317.1806.npz,2023,317,2023317,1806,CS,True,0.0,"[64, 64]",174.52,151.55,276.8312683105469,0.31841105222702026,2.0,"Train,Train_no_overlap,Train_phase4",train_grp,True,False,False,True,True,False,CS_2023317,0.315542
Tensor_Changsha_A2023318.1748.npz,2023,318,2023318,1748,CS,True,0.0,"[64, 64]",162.98,155.68,273.546875,0.037458837032318115,3.0,"Train,Train_no_overlap,Train_phase4",train_grp,True,False,False,True,True,False,CS_2023318,0.300283
Tensor_Changsha_A2023319.1730.npz,2023,319,2023319,1730,CS,True,1.0,"[64, 64]",150.95,159.79,266.143798828125,1.6803886890411377,3.0,"Train,Train_no_overlap,Train_phase4",val_grp,True,False,False,True,True,False,CS_2023319,0.331018
Tensor_Changsha_A2023320.1848.npz,2023,320,2023320,1848,CS,True,0.0,"[64, 64]",137.48,142.48,272.6598815917969,2.566485643386841,3.0,"Train,Train_no_overlap,Train_phase4",train_grp,True,False,False,True,True,False,CS_2023320,0.318349
Tensor_Changsha_A2023321.1830.npz,2023,321,2023321,1830,CS,True,0.0,"[64, 64]",125.08,146.71,253.35549926757812,1.419540286064148,3.0,"Train,Train_no_overlap,Val_phase4",train_grp,True,False,False,True,False,True,CS_2023321,0.323155
Tensor_Changsha_A2023322.1812.npz,2023,322,2023322,1812,CS,True,1.0,"[64, 64]",112.55,150.93,260.10015869140625,0.19711197912693024,3.0,"Train,Train_no_overlap,Train_phase4",val_grp,True,False,False,True,True,False,CS_2023322,0.323205
Tensor_Changsha_A2023325.1712.npz,2023,325,2023325,1712,CS,True,0.0,"[64, 64]",74.18,163.24,283.5624084472656,0.7065172791481018,0.0,"Train,Train_no_overlap,Train_phase4",train_grp,True,False,False,True,True,False,CS_2023325,0.303138
Tensor_Changsha_A2023325.1854.npz,2023,325,2023325,1854,CS,True,0.0,"[64, 64]",73.2,141.78,283.1489562988281,0.7177829742431641,0.0,"Train,Train_no_overlap,Train_phase4",train_grp,True,False,False,True,True,False,CS_2023325,0.311384
Tensor_Changsha_A2023326.1836.npz,2023,326,2023326,1836,CS,True,0.0,"[64, 64]",60.29,146.03,284.1634521484375,0.5820345282554626,0.0,"Train,Train_no_overlap,Train_phase4",train_grp,True,False,False,True,True,False,CS_2023326,0.285875
Tensor_Changsha_A2023327.1818.npz,2023,327,2023327,1818,CS,True,0.0,"[64, 64]",47.33,150.27,283.2077331542969,0.4061630666255951,0.0,"Train,Train_no_overlap,Train_phase4",train_grp,True,False,False,True,True,False,CS_2023327,0.302279
Tensor_Changsha_A2023328.1800.npz,2023,328,2023328,1800,CS,True,0.0,"[64, 64]",34.38,154.5,280.8034973144531,0.4377221465110779,0.0,"Train,Train_no_overlap,Val_phase4",train_grp,True,False,False,True,False,True,CS_2023328,0.297879
Tensor_Changsha_A2023329.1742.npz,2023,329,2023329,1742,CS,True,0.0,"[64, 64]",21.53,158.68,265.8258361816406,0.5446917414665222,3.0,"Train,Train_no_overlap,Train_phase4",train_grp,True,False,False,True,True,False,CS_2023329,0.323359
Tensor_Changsha_A2023330.1900.npz,2023,330,2023330,1900,CS,True,0.0,"[64, 64]",8.55,141.08,278.1416015625,0.42599254846572876,0.0,"Train,Train_no_overlap,Train_phase4",train_grp,True,False,False,True,True,False,CS_2023330,0.289022
Tensor_Changsha_A2023331.1842.npz,2023,331,2023331,1842,CS,True,0.0,"[64, 64]",5.74,145.33,280.3028869628906,0.6614176034927368,0.0,"Train,Train_no_overlap,Train_phase4",train_grp,True,False,False,True,True,False,CS_2023331,0.283045
Tensor_Changsha_A2023332.1824.npz,2023,332,2023332,1824,CS,True,0.0,"[64, 64]",17.28,149.58,276.0508728027344,2.0709521770477295,3.0,"Train,Train_no_overlap,Val_phase4",train_grp,True,False,False,True,False,True,CS_2023332,0.331917
Tensor_Changsha_A2023333.1806.npz,2023,333,2023333,1806,CS,True,0.0,"[64, 64]",29.14,153.83,274.232421875,5.353747844696045,3.0,"Train,Train_no_overlap,Train_phase4",val_grp,True,False,False,True,True,False,CS_2023333,0.332343
Tensor_Changsha_A2023334.1748.npz,2023,334,2023334,1748,CS,True,1.0,"[64, 64]",40.75,158.05,272.8595275878906,1.152451753616333,3.0,"Train,Train_no_overlap,Train_phase4",train_grp,True,False,False,True,True,False,CS_2023334,0.327058
Tensor_Changsha_A2025060.1818.npz,2025,60,2025060,1818,CS,True,0.0,"[64, 64]",156.28,148.3,288.5208435058594,0.5524086952209473,0.0,"Train,Train_no_overlap,Train_phase4",,True,False,False,True,True,False,CS_2025060,0.327023
Tensor_Changsha_A2025061.1800.npz,2025,61,2025061,1800,CS,True,0.0,"[64, 64]",142.88,151.16,250.19679260253906,1.1566054821014404,3.0,"Train,Train_no_overlap,Val_phase4",,True,False,False,True,False,True,CS_2025061,0.335847
Tensor_Changsha_A2025062.1742.npz,2025,62,2025062,1742,CS,True,0.0,"[64, 64]",129.54,153.6,267.9203796386719,0.08060666173696518,3.0,"Train,Train_no_overlap,Train_phase4",,True,False,False,True,True,False,CS_2025062,0.297883
Tensor_Changsha_A2025063.1900.npz,2025,63,2025063,1900,CS,True,1.0,"[64, 64]",115.17,139.19,273.3291931152344,0.07137564569711685,3.0,"Train,Train_no_overlap,Val_phase4",,True,False,False,True,False,True,CS_2025063,0.313767
Tensor_Changsha_A2025064.1842.npz,2025,64,2025064,1842,CS,True,1.0,"[64, 64]",102.28,142.53,263.5299987792969,1.7333623170852661,3.0,"Train,Train_no_overlap,Train_phase4",,True,False,False,True,True,False,CS_2025064,0.305752
Tensor_Changsha_A2025065.1824.npz,2025,65,2025065,1824,CS,True,1.0,"[64, 64]",89.64,145.66,259.9977722167969,3.0619561672210693,3.0,"Train,Train_no_overlap,Train_phase4",,True,False,False,True,True,False,CS_2025065,0.321353
Tensor_Changsha_A2025066.1806.npz,2025,66,2025066,1806,CS,True,0.0,"[64, 64]",77.23,148.51,265.068603515625,1.68013596534729,3.0,"Train,Train_no_overlap,Train_phase4",,True,False,False,True,True,False,CS_2025066,0.321614
Tensor_Changsha_A2025067.1748.npz,2025,67,2025067,1748,CS,True,1.0,"[64, 64]",65.03,150.97,276.0947570800781,1.3440178632736206,3.0,"Train,Train_no_overlap,Train_phase4",train_grp,True,False,False,True,True,False,CS_2025067,0.326225
Tensor_Changsha_A2025069.1848.npz,2025,69,2025069,1848,CS,True,1.0,"[64, 64]",40.52,139.87,277.225341796875,0.1095239445567131,3.0,"Train,Train_no_overlap,Train_phase4",val_grp,True,False,False,True,True,False,CS_2025069,0.298827
Tensor_Changsha_A2025070.1830.npz,2025,70,2025070,1830,CS,True,1.0,"[64, 64]",28.94,142.97,265.57415771484375,0.507980227470398,3.0,"Train,Train_no_overlap,Train_phase4",train_grp,True,False,False,True,True,False,CS_2025070,0.312531
Tensor_Changsha_A2025071.1812.npz,2025,71,2025071,1812,CS,True,1.0,"[64, 64]",17.5,145.81,260.693115234375,0.12474225461483002,3.0,"Train,Train_no_overlap,Train_phase4",train_grp,True,False,False,True,True,False,CS_2025071,0.343806
Tensor_Changsha_A2025072.1754.npz,2025,72,2025072,1754,CS,True,1.0,"[64, 64]",6.19,148.3,273.40399169921875,2.942152738571167,3.0,"Train,Train_no_overlap,Train_phase4",train_grp,True,False,False,True,True,False,CS_2025072,0.33783
Tensor_Changsha_A2025073.1736.npz,2025,73,2025073,1736,CS,True,1.0,"[64, 64]",4.99,150.34,275.3691101074219,0.03606973960995674,3.0,"Train,Train_no_overlap,Train_phase4",train_grp,True,False,False,True,True,False,CS_2025073,0.294965
Tensor_Changsha_A2025074.1712.npz,2025,74,2025074,1712,CS,True,0.0,"[64, 64]",16.04,151.83,274.94317626953125,0.869015634059906,2.0,"Train,Train_no_overlap,Train_phase4",train_grp,True,False,False,True,True,False,CS_2025074,0.317635
Tensor_Changsha_A2025074.1854.npz,2025,74,2025074,1854,CS,True,1.0,"[64, 64]",16.51,137.15,273.0685729980469,0.769171416759491,3.0,"Train,Train_no_overlap,Train_phase4",train_grp,True,False,False,True,True,False,CS_2025074,0.306869
Tensor_Changsha_A2025075.1836.npz,2025,75,2025075,1836,CS,True,1.0,"[64, 64]",27.45,140.25,256.7961730957031,3.8820934295654297,3.0,"Train,Train_no_overlap,Train_phase4",train_grp,True,False,False,True,True,False,CS_2025075,0.319925
Tensor_Changsha_A2025076.1818.npz,2025,76,2025076,1818,CS,True,1.0,"[64, 64]",38.32,143.09,278.07977294921875,0.5275191068649292,1.0,"Train,Train_no_overlap,Val_phase4",train_grp,True,False,False,True,False,True,CS_2025076,0.309349
Tensor_Changsha_A2025077.1800.npz,2025,77,2025077,1800,CS,True,1.0,"[64, 64]",49.15,145.6,252.54586791992188,0.21940991282463074,3.0,"Train,Train_no_overlap,Train_phase4",train_grp,True,False,False,True,True,False,CS_2025077,0.297353
Tensor_Changsha_A2025078.1742.npz,2025,78,2025078,1742,CS,True,1.0,"[64, 64]",60.0,147.7,279.6080627441406,0.8632957339286804,0.0,"Train,Train_no_overlap,Train_phase4",train_grp,True,False,False,True,True,False,CS_2025078,0.317163
Tensor_Changsha_A2025079.1718.npz,2025,79,2025079,1718,CS,True,0.0,"[64, 64]",70.91,149.31,279.79058837890625,1.2272634506225586,0.0,"Train,Train_no_overlap,Train_phase4",train_grp,True,False,False,True,True,False,CS_2025079,0.326755
Tensor_Changsha_A2025079.1900.npz,2025,79,2025079,1900,CS,True,0.0,"[64, 64]",71.45,134.43,269.7733459472656,4.82493257522583,3.0,"Train,Train_no_overlap,Train_phase4",train_grp,True,False,False,True,True,False,CS_2025079,0.335635
Tensor_Changsha_A2025080.1842.npz,2025,80,2025080,1842,CS,True,0.0,"[64, 64]",82.57,137.5,259.8686218261719,1.7616173028945923,3.0,"Train,Train_no_overlap,Val_phase4",train_grp,True,False,False,True,False,True,CS_2025080,0.315374
Tensor_Changsha_A2025082.1806.npz,2025,82,2025082,1806,CS,True,0.0,"[64, 64]",105.53,142.88,283.5536193847656,0.6105227470397949,0.0,"Train,Train_no_overlap,Val_phase4",train_grp,True,False,False,True,False,True,CS_2025082,0.302619
Tensor_Changsha_A2025083.1748.npz,2025,83,2025083,1748,CS,True,0.0,"[64, 64]",117.49,145.05,286.43902587890625,0.9405673742294312,0.0,"Train,Train_no_overlap,Train_phase4",train_grp,True,False,False,True,True,False,CS_2025083,0.27995
Tensor_Changsha_A2025084.1724.npz,2025,84,2025084,1724,CS,True,1.0,"[64, 64]",129.83,146.76,290.9668273925781,0.7771332263946533,0.0,"Train,Train_no_overlap,Val_phase4",val_grp,True,False,False,True,False,True,CS_2025084,0.292961
Tensor_Changsha_A2025085.1848.npz,2025,85,2025085,1848,CS,True,1.0,"[64, 64]",143.66,134.77,292.7274475097656,0.9114843606948853,0.0,"Train,Train_no_overlap,Train_phase4",train_grp,True,False,False,True,True,False,CS_2025085,0.285077
Tensor_Changsha_A2025086.1830.npz,2025,86,2025086,1830,CS,True,0.0,"[64, 64]",156.91,137.6,263.7986755371094,0.5252644419670105,3.0,"Train,Train_no_overlap,Train_phase4",train_grp,True,False,False,True,True,False,CS_2025086,0.308346
Tensor_Changsha_A2025087.1812.npz,2025,87,2025087,1812,CS,True,1.0,"[64, 64]",170.44,140.16,256.0140380859375,1.8921780586242676,3.0,"Train,Train_no_overlap,Val_phase4",train_grp,True,False,False,True,False,True,CS_2025087,0.321794
Tensor_Changsha_A2025088.1754.npz,2025,88,2025088,1754,CS,True,1.0,"[64, 64]",175.79,142.38,244.72662353515625,0.9120832085609436,3.0,"Train,Train_no_overlap,Train_phase4",train_grp,True,False,False,True,True,False,CS_2025088,0.309924
Tensor_Changsha_A2025090.1712.npz,2025,90,2025090,1712,CS,True,1.0,"[64, 64]",148.3,145.51,257.82830810546875,0.08804686367511749,3.0,"Train,Train_no_overlap,Train_phase4",train_grp,True,False,False,True,True,False,CS_2025090,0.325875
Tensor_Changsha_A2025090.1854.npz,2025,90,2025090,1854,CS,True,1.0,"[64, 64]",146.98,131.99,274.48333740234375,2.859072208404541,3.0,"Train,Train_no_overlap,Train_phase4",train_grp,True,False,False,True,True,False,CS_2025090,0.322168
Tensor_Changsha_A2025091.1836.npz,2025,91,2025091,1836,CS,True,0.0,"[64, 64]",133.5,134.84,261.1658935546875,2.275975227355957,3.0,"Train,Train_no_overlap,Train_phase4",train_grp,True,False,False,True,True,False,CS_2025091,0.317881
Tensor_Changsha_A2025093.1800.npz,2025,93,2025093,1800,CS,True,0.0,"[64, 64]",107.5,139.7,264.7107849121094,2.623561382293701,3.0,"Train,Train_no_overlap,Train_phase4",train_grp,True,False,False,True,True,False,CS_2025093,0.318657
Tensor_Changsha_A2025094.1742.npz,2025,94,2025094,1742,CS,True,1.0,"[64, 64]",95.03,141.6,256.9027404785156,1.2373374700546265,3.0,"Train,Train_no_overlap,Train_phase4",train_grp,True,False,False,True,True,False,CS_2025094,0.316637
Tensor_Changsha_A2025095.1718.npz,2025,95,2025095,1718,CS,True,1.0,"[64, 64]",82.88,142.96,283.91253662109375,0.770595133304596,0.0,"Train,Train_no_overlap,Train_phase4",train_grp,True,False,False,True,True,False,CS_2025095,0.304997
Tensor_Changsha_A2025095.1900.npz,2025,95,2025095,1900,CS,True,0.0,"[64, 64]",81.92,129.25,274.7336120605469,2.635349750518799,3.0,"Train,Train_no_overlap,Train_phase4",train_grp,True,False,False,True,True,False,CS_2025095,0.327113
Tensor_Changsha_A2025096.1842.npz,2025,96,2025096,1842,CS,True,1.0,"[64, 64]",70.17,132.12,284.73492431640625,0.5707096457481384,0.0,"Train,Train_no_overlap,Train_phase4",train_grp,True,False,False,True,True,False,CS_2025096,0.284283
Tensor_Changsha_A2025097.1824.npz,2025,97,2025097,1824,CS,True,1.0,"[64, 64]",58.67,134.74,274.5572204589844,1.4529114961624146,3.0,"Train,Train_no_overlap,Train_phase4",val_grp,True,False,False,True,True,False,CS_2025097,0.336003
Tensor_Changsha_A2025098.1806.npz,2025,98,2025098,1806,CS,True,1.0,"[64, 64]",47.35,137.06,268.7901611328125,0.9293345808982849,3.0,"Train,Train_no_overlap,Train_phase4",train_grp,True,False,False,True,True,False,CS_2025098,0.33873
Tensor_Changsha_A2025099.1748.npz,2025,99,2025099,1748,CS,True,1.0,"[64, 64]",36.19,139.04,281.5138244628906,1.1503204107284546,2.0,"Train,Train_no_overlap,Train_phase4",train_grp,True,False,False,True,True,False,CS_2025099,0.336542
Tensor_Changsha_A2025100.1730.npz,2025,100,2025100,1730,CS,True,1.0,"[64, 64]",25.16,140.75,290.4886474609375,0.4133051931858063,0.0,"Train,Train_no_overlap,Val_phase4",train_grp,True,False,False,True,False,True,CS_2025100,0.30475
Tensor_Changsha_A2025101.1848.npz,2025,101,2025101,1848,CS,True,1.0,"[64, 64]",13.8,129.45,226.19644165039062,0.8393891453742981,3.0,"Train,Train_no_overlap,Train_phase4",val_grp,True,False,False,True,True,False,CS_2025101,0.304302
Tensor_Changsha_A2025102.1830.npz,2025,102,2025102,1830,CS,True,1.0,"[64, 64]",3.93,132.1,273.0391845703125,2.107638120651245,3.0,"Train,Train_no_overlap,Train_phase4",train_grp,True,False,False,True,True,False,CS_2025102,0.31807
Tensor_Changsha_A2025103.1812.npz,2025,103,2025103,1812,CS,True,0.0,"[64, 64]",8.8,134.48,287.45269775390625,0.9862968921661377,0.0,"Train,Train_no_overlap,Train_phase4",train_grp,True,False,False,True,True,False,CS_2025103,0.293184
Tensor_Changsha_A2025104.1754.npz,2025,104,2025104,1754,CS,True,0.0,"[64, 64]",19.37,136.54,286.9810791015625,1.0429871082305908,0.0,"Train,Train_no_overlap,Train_phase4",train_grp,True,False,False,True,True,False,CS_2025104,0.290011
Tensor_Changsha_A2025105.1736.npz,2025,105,2025105,1736,CS,True,1.0,"[64, 64]",30.17,138.22,288.6825256347656,1.0610482692718506,0.0,"Train,Train_no_overlap,Val_phase4",train_grp,True,False,False,True,False,True,CS_2025105,0.321973
Tensor_Changsha_A2025106.1712.npz,2025,106,2025106,1712,CS,True,1.0,"[64, 64]",41.04,139.35,253.2397918701172,1.269926905632019,3.0,"Train,Train_no_overlap,Train_phase4",train_grp,True,False,False,True,True,False,CS_2025106,0.331152
Tensor_Changsha_A2025107.1836.npz,2025,107,2025107,1836,CS,True,1.0,"[64, 64]",52.51,129.54,290.4886474609375,0.5932506918907166,0.0,"Train,Train_no_overlap,Train_phase4",train_grp,True,False,False,True,True,False,CS_2025107,0.296166
Tensor_Changsha_A2025108.1818.npz,2025,108,2025108,1818,CS,True,1.0,"[64, 64]",63.66,131.97,289.1993103027344,1.6237590312957764,2.0,"Train,Train_no_overlap,Train_phase4",train_grp,True,False,False,True,True,False,CS_2025108,0.346983
Tensor_Changsha_A2025109.1800.npz,2025,109,2025109,1800,CS,True,1.0,"[64, 64]",75.02,134.1,262.0922546386719,1.7851638793945312,3.0,"Train,Train_no_overlap,Train_phase4",train_grp,True,False,False,True,True,False,CS_2025109,0.337185
Tensor_Changsha_A2025110.1742.npz,2025,110,2025110,1742,CS,True,1.0,"[64, 64]",86.62,135.88,275.3241882324219,2.623929738998413,3.0,"Train,Train_no_overlap,Val_phase4",train_grp,True,False,False,True,False,True,CS_2025110,0.325135
Tensor_Changsha_A2025111.1724.npz,2025,111,2025111,1724,CS,True,1.0,"[64, 64]",98.52,137.35,231.95523071289062,1.3793214559555054,3.0,"Train,Train_no_overlap,Train_phase4",train_grp,True,False,False,True,True,False,CS_2025111,0.318099
Tensor_Changsha_A2025111.1900.npz,2025,111,2025111,1900,CS,True,1.0,"[64, 64]",99.26,124.35,255.08334350585938,0.9999282956123352,3.0,"Train,Train_no_overlap,Train_phase4",train_grp,True,False,False,True,True,False,CS_2025111,0.332665
Tensor_Changsha_A2025112.1842.npz,2025,112,2025112,1842,CS,True,1.0,"[64, 64]",111.65,127.07,270.26641845703125,1.388851523399353,3.0,"Train,Train_no_overlap,Val_phase4",train_grp,True,False,False,True,False,True,CS_2025112,0.318496
Tensor_Changsha_A2025113.1824.npz,2025,113,2025113,1824,CS,True,1.0,"[64, 64]",124.41,129.55,266.393798828125,4.304736614227295,3.0,"Train,Train_no_overlap,Val_phase4",train_grp,True,False,False,True,False,True,CS_2025113,0.322329
Tensor_Changsha_A2025114.1806.npz,2025,114,2025114,1806,CS,True,1.0,"[64, 64]",137.56,131.74,261.1284484863281,0.3263881802558899,3.0,"Train,Train_no_overlap,Train_phase4",train_grp,True,False,False,True,True,False,CS_2025114,0.291607
Tensor_Changsha_A2025115.1748.npz,2025,115,2025115,1748,CS,True,1.0,"[64, 64]",151.02,133.61,273.14031982421875,2.280142307281494,3.0,"Train,Train_no_overlap,Train_phase4",train_grp,True,False,False,True,True,False,CS_2025115,0.338943
Tensor_Changsha_A2025116.1730.npz,2025,116,2025116,1730,CS,True,1.0,"[64, 64]",164.66,135.11,268.81396484375,1.2951433658599854,3.0,"Train,Train_no_overlap,Train_phase4",train_grp,True,False,False,True,True,False,CS_2025116,0.327134
Tensor_Changsha_A2025117.1848.npz,2025,117,2025117,1848,CS,True,1.0,"[64, 64]",177.44,124.7,285.9984130859375,0.1924983412027359,0.0,"Train,Train_no_overlap,Train_phase4",val_grp,True,False,False,True,True,False,CS_2025117,0.287991
Tensor_Changsha_A2025118.1830.npz,2025,118,2025118,1830,CS,True,0.0,"[64, 64]",165.76,127.22,281.40924072265625,1.921260118484497,3.0,"Train,Train_no_overlap,Train_phase4",val_grp,True,False,False,True,True,False,CS_2025118,0.32204
Tensor_Changsha_A2025119.1812.npz,2025,119,2025119,1812,CS,True,1.0,"[64, 64]",152.16,129.48,268.4783020019531,0.3272009491920471,3.0,"Train,Train_no_overlap,Train_phase4",train_grp,True,False,False,True,True,False,CS_2025119,0.32581
Tensor_Changsha_A2025120.1754.npz,2025,120,2025120,1754,CS,True,1.0,"[64, 64]",138.8,131.44,288.6351623535156,1.3882827758789062,0.0,"Train,Train_no_overlap,Train_phase4",val_grp,True,False,False,True,True,False,CS_2025120,0.313311
Tensor_Changsha_A2025121.1736.npz,2025,121,2025121,1736,CS,True,1.0,"[64, 64]",125.8,133.05,275.9180908203125,1.2055402994155884,3.0,"Train,Train_no_overlap,Train_phase4",train_grp,True,False,False,True,True,False,CS_2025121,0.320549
Tensor_Changsha_A2025122.1718.npz,2025,122,2025122,1718,CS,True,1.0,"[64, 64]",113.2,134.47,264.7394714355469,2.958580255508423,3.0,"Train,Train_no_overlap,Val_phase4",val_grp,True,False,False,True,False,True,CS_2025122,0.344971
Tensor_Changsha_A2025122.1854.npz,2025,122,2025122,1854,CS,True,1.0,"[64, 64]",112.05,122.44,245.337646484375,2.1875345706939697,3.0,"Train,Train_no_overlap,Train_phase4",val_grp,True,False,False,True,True,False,CS_2025122,0.316393
Tensor_Changsha_A2025123.1836.npz,2025,123,2025123,1836,CS,True,1.0,"[64, 64]",99.95,125.01,239.8721923828125,2.7418370246887207,3.0,"Train,Train_no_overlap,Train_phase4",train_grp,True,False,False,True,True,False,CS_2025123,0.314926
Tensor_Changsha_A2025124.1818.npz,2025,124,2025124,1818,CS,True,1.0,"[64, 64]",88.22,127.34,268.53662109375,3.7657558917999268,3.0,"Train,Train_no_overlap,Train_phase4",train_grp,True,False,False,True,True,False,CS_2025124,0.335925
Tensor_Changsha_A2025125.1800.npz,2025,125,2025125,1800,CS,True,1.0,"[64, 64]",76.79,129.37,255.77427673339844,3.5143373012542725,3.0,"Train,Train_no_overlap,Train_phase4",train_grp,True,False,False,True,True,False,CS_2025125,0.3415
Tensor_Changsha_A2025126.1742.npz,2025,126,2025126,1742,CS,True,1.0,"[64, 64]",65.61,131.08,257.7854309082031,2.3063552379608154,3.0,"Train,Train_no_overlap,Train_phase4",train_grp,True,False,False,True,True,False,CS_2025126,0.328552
Tensor_Changsha_A2025127.1724.npz,2025,127,2025127,1724,CS,True,1.0,"[64, 64]",54.6,132.42,246.4397735595703,1.3900474309921265,3.0,"Train,Train_no_overlap,Train_phase4",val_grp,True,False,False,True,True,False,CS_2025127,0.337118
Tensor_Changsha_A2025127.1900.npz,2025,127,2025127,1900,CS,True,0.0,"[64, 64]",53.89,120.31,214.17713928222656,0.7673632502555847,3.0,"Train,Train_no_overlap,Val_phase4",val_grp,True,False,False,True,False,True,CS_2025127,0.330635
Tensor_Changsha_A2025129.1824.npz,2025,129,2025129,1824,CS,True,0.0,"[64, 64]",32.4,125.31,288.9356689453125,0.4730169177055359,0.0,"Train,Train_no_overlap,Val_phase4",train_grp,True,False,False,True,False,True,CS_2025129,0.288838
Tensor_Changsha_A2025130.1806.npz,2025,130,2025130,1806,CS,True,1.0,"[64, 64]",21.8,127.43,285.9913330078125,0.714724063873291,0.0,"Train,Train_no_overlap,Train_phase4",val_grp,True,False,False,True,True,False,CS_2025130,0.314518
Tensor_Changsha_A2025131.1748.npz,2025,131,2025131,1748,CS,True,0.0,"[64, 64]",11.52,129.23,287.05462646484375,0.9929987788200378,0.0,"Train,Train_no_overlap,Train_phase4",train_grp,True,False,False,True,True,False,CS_2025131,0.306285
Tensor_Changsha_A2025132.1730.npz,2025,132,2025132,1730,CS,True,1.0,"[64, 64]",4.96,130.68,277.7952880859375,0.8240622878074646,3.0,"Train,Train_no_overlap,Train_phase4",train_grp,True,False,False,True,True,False,CS_2025132,0.348912
Tensor_Changsha_A2025133.1848.npz,2025,133,2025133,1848,CS,True,1.0,"[64, 64]",12.86,120.98,292.2569274902344,0.7346024513244629,0.0,"Train,Train_no_overlap,Train_phase4",train_grp,True,False,False,True,True,False,CS_2025133,0.289131
Tensor_Changsha_A2025134.1830.npz,2025,134,2025134,1830,CS,True,1.0,"[64, 64]",23.44,123.42,264.36224365234375,0.9379711747169495,3.0,"Train,Train_no_overlap,Val_phase4",val_grp,True,False,False,True,False,True,CS_2025134,0.331568
Tensor_Changsha_A2025135.1812.npz,2025,135,2025135,1812,CS,True,1.0,"[64, 64]",34.44,125.61,277.08477783203125,0.37905171513557434,3.0,"Train,Train_no_overlap,Train_phase4",train_grp,True,False,False,True,True,False,CS_2025135,0.352325
Tensor_Changsha_A2025136.1754.npz,2025,136,2025136,1754,CS,True,0.0,"[64, 64]",45.68,127.5,269.43438720703125,0.8643097877502441,3.0,"Train,Train_no_overlap,Train_phase4",train_grp,True,False,False,True,True,False,CS_2025136,0.33308
Tensor_Changsha_A2025156.1818.npz,2025,156,2025156,1818,CS,True,0.0,"[64, 64]",61.56,122.01,293.50006103515625,0.3565780520439148,1.0,"Train,Train_no_overlap,Train_phase4",train_grp,True,False,False,True,True,False,CS_2025156,0.298754
Tensor_Changsha_A2025157.1800.npz,2025,157,2025157,1800,CS,True,1.0,"[64, 64]",50.89,123.97,278.8407897949219,2.6622307300567627,3.0,"Train,Train_no_overlap,Train_phase4",train_grp,True,False,False,True,True,False,CS_2025157,0.331572
Tensor_Changsha_A2025158.1742.npz,2025,158,2025158,1742,CS,True,1.0,"[64, 64]",40.24,125.63,214.55776977539062,0.4555210471153259,3.0,"Train,Train_no_overlap,Train_phase4",train_grp,True,False,False,True,True,False,CS_2025158,0.2959
Tensor_Changsha_A2025159.1724.npz,2025,159,2025159,1724,CS,True,0.0,"[64, 64]",29.57,126.94,248.5059814453125,0.6572522521018982,3.0,"Train,Train_no_overlap,Train_phase4",train_grp,True,False,False,True,True,False,CS_2025159,0.333194
Tensor_Changsha_A2025159.1900.npz,2025,159,2025159,1900,CS,True,1.0,"[64, 64]",29.02,116.14,243.29383850097656,0.5223543047904968,3.0,"Train,Train_no_overlap,Train_phase4",train_grp,True,False,False,True,True,False,CS_2025159,0.343286
Tensor_Changsha_A2025160.1842.npz,2025,160,2025160,1842,CS,True,0.0,"[64, 64]",18.49,118.69,272.8955078125,1.5259636640548706,3.0,"Train,Train_no_overlap,Train_phase4",train_grp,True,False,False,True,True,False,CS_2025160,0.322605
Tensor_Changsha_A2025161.1824.npz,2025,161,2025161,1824,CS,True,1.0,"[64, 64]",8.7,121.0,266.4676208496094,1.2201226949691772,3.0,"Train,Train_no_overlap,Train_phase4",train_grp,True,False,False,True,True,False,CS_2025161,0.32715
Tensor_Changsha_A2025162.1806.npz,2025,162,2025162,1806,CS,True,1.0,"[64, 64]",7.38,123.06,256.2570495605469,1.5577456951141357,3.0,"Train,Train_no_overlap,Train_phase4",train_grp,True,False,False,True,True,False,CS_2025162,0.335002
Tensor_Changsha_A2025163.1748.npz,2025,163,2025163,1748,CS,True,1.0,"[64, 64]",17.04,124.83,258.5464172363281,3.172119617462158,3.0,"Train,Train_no_overlap,Train_phase4",train_grp,True,False,False,True,True,False,CS_2025163,0.350747
Tensor_Changsha_A2025164.1730.npz,2025,164,2025164,1730,CS,True,0.0,"[64, 64]",28.22,126.26,255.33277893066406,1.4440888166427612,3.0,"Train,Train_no_overlap,Val_phase4",val_grp,True,False,False,True,False,True,CS_2025164,0.363655
Tensor_Changsha_A2025165.1848.npz,2025,165,2025165,1848,CS,True,0.0,"[64, 64]",40.31,117.74,209.10543823242188,1.0919631719589233,3.0,"Train,Train_no_overlap,Train_phase4",train_grp,True,False,False,True,True,False,CS_2025165,0.302261
Tensor_Changsha_A2025166.1830.npz,2025,166,2025166,1830,CS,True,0.0,"[64, 64]",52.24,120.14,295.34942626953125,0.16041406989097595,0.0,"Train,Train_no_overlap,Val_phase4",train_grp,True,False,False,True,False,True,CS_2025166,0.283634
Tensor_Changsha_A2025167.1812.npz,2025,167,2025167,1812,CS,True,0.0,"[64, 64]",64.43,122.3,296.200439453125,0.28015121817588806,0.0,"Train,Train_no_overlap,Train_phase4",train_grp,True,False,False,True,True,False,CS_2025167,0.282067
Tensor_Changsha_A2025168.1754.npz,2025,168,2025168,1754,CS,True,0.0,"[64, 64]",76.86,124.17,293.9917907714844,0.8132594227790833,1.0,"Train,Train_no_overlap,Train_phase4",train_grp,True,False,False,True,True,False,CS_2025168,0.306636
Tensor_Changsha_A2025169.1736.npz,2025,169,2025169,1736,CS,True,1.0,"[64, 64]",89.52,125.73,209.61366271972656,0.7870646715164185,3.0,"Train,Train_no_overlap,Train_phase4",train_grp,True,False,False,True,True,False,CS_2025169,0.317156
Tensor_Changsha_A2025170.1718.npz,2025,170,2025170,1718,CS,True,0.0,"[64, 64]",102.41,126.94,235.52108764648438,1.4689463376998901,3.0,"Train,Train_no_overlap,Train_phase4",train_grp,True,False,False,True,True,False,CS_2025170,0.324442
Tensor_Changsha_A2025170.1854.npz,2025,170,2025170,1854,CS,True,0.0,"[64, 64]",103.27,116.92,205.67431640625,2.723353862762451,3.0,"Train,Train_no_overlap,Train_phase4",train_grp,True,False,False,True,True,False,CS_2025170,0.306605
Tensor_Changsha_A2026001.1742.npz,2026,1,2026001,1742,CS,False,,"[64, 64]",24.53,162.0,,,,"Train,Train_no_overlap,Train_phase4",train_grp,True,False,False,True,True,False,CS_2026001,0.322791
Tensor_Longmen_A2019001.1824.npz,2019,1,2019001,1824,LM,False,,"[64, 64]",131.87,152.23,,,,"Train,Train_no_overlap,Train_phase4",train_grp,True,False,False,True,True,False,LM_2019001,0.322504
Tensor_Longmen_A2019002.1806.npz,2019,2,2019002,1806,LM,False,,"[64, 64]",143.29,156.62,,,,"Train,Train_no_overlap,Train_phase4",train_grp,True,False,False,True,True,False,LM_2019002,0.321534
Tensor_Longmen_A2019003.1748.npz,2019,3,2019003,1748,LM,False,,"[64, 64]",154.47,161.01,,,,"Train,Train_no_overlap,Val_phase4",train_grp,True,False,False,True,False,True,LM_2019003,0.302118
Tensor_Longmen_A2019004.1730.npz,2019,4,2019004,1730,LM,False,,"[64, 64]",165.44,165.42,,,,"Train,Train_no_overlap,Train_phase4",train_grp,True,False,False,True,True,False,LM_2019004,0.327349
Tensor_Longmen_A2019005.1848.npz,2019,5,2019005,1848,LM,False,,"[64, 64]",177.21,146.9,,,,"Train,Train_no_overlap,Val_phase4",train_grp,True,False,False,True,False,True,LM_2019005,0.314714
Tensor_Longmen_A2019006.1830.npz,2019,6,2019006,1830,LM,False,,"[64, 64]",171.87,151.25,,,,"Train,Train_no_overlap,Train_phase4",train_grp,True,False,False,True,True,False,LM_2019006,0.297609
Tensor_Longmen_A2019007.1812.npz,2019,7,2019007,1812,LM,False,,"[64, 64]",161.32,155.62,,,,"Train,Train_no_overlap,Train_phase4",train_grp,True,False,False,True,True,False,LM_2019007,0.327926
Tensor_Longmen_A2019008.1754.npz,2019,8,2019008,1754,LM,False,,"[64, 64]",150.84,160.0,,,,"Train,Train_no_overlap,Train_phase4",train_grp,True,False,False,True,True,False,LM_2019008,0.298045
Tensor_Longmen_A2019009.1736.npz,2019,9,2019009,1736,LM,False,,"[64, 64]",140.38,164.38,,,,"Train,Train_no_overlap,Train_phase4",train_grp,True,False,False,True,True,False,LM_2019009,0.306348
Tensor_Longmen_A2019010.1718.npz,2019,10,2019010,1718,LM,False,,"[64, 64]",129.9,168.76,,,,"Train,Train_no_overlap,Train_phase4",train_grp,True,False,False,True,True,False,LM_2019010,0.331251
Tensor_Longmen_A2019011.1836.npz,2019,11,2019011,1836,LM,False,,"[64, 64]",118.32,150.2,,,,"Train,Train_no_overlap,Train_phase4",val_grp,True,False,False,True,True,False,LM_2019011,0.302084
Tensor_Longmen_A2019012.1818.npz,2019,12,2019012,1818,LM,False,,"[64, 64]",107.63,154.54,,,,"Train,Train_no_overlap,Val_phase4",train_grp,True,False,False,True,False,True,LM_2019012,0.307515
Tensor_Longmen_A2019013.1800.npz,2019,13,2019013,1800,LM,False,,"[64, 64]",96.72,158.9,,,,"Train,Train_no_overlap,Val_phase4",train_grp,True,False,False,True,False,True,LM_2019013,0.299493
Tensor_Longmen_A2019014.1742.npz,2019,14,2019014,1742,LM,False,,"[64, 64]",85.47,163.26,,,,"Train,Train_no_overlap,Train_phase4",train_grp,True,False,False,True,True,False,LM_2019014,0.310745
Tensor_Longmen_A2019015.1724.npz,2019,15,2019015,1724,LM,False,,"[64, 64]",73.8,167.56,,,,"Train,Train_no_overlap,Train_phase4",train_grp,True,False,False,True,True,False,LM_2019015,0.329727
Tensor_Longmen_A2019016.1842.npz,2019,16,2019016,1842,LM,False,,"[64, 64]",60.83,149.02,,,,"Train,Train_no_overlap,Train_phase4",train_grp,True,False,False,True,True,False,LM_2019016,0.284752
Tensor_Longmen_A2019017.1824.npz,2019,17,2019017,1824,LM,False,,"[64, 64]",48.2,153.35,,,,"Train,Train_no_overlap,Train_phase4",train_grp,True,False,False,True,True,False,LM_2019017,0.293238
Tensor_Longmen_A2019018.1806.npz,2019,18,2019018,1806,LM,False,,"[64, 64]",35.02,157.68,,,,"Train,Train_no_overlap,Train_phase4",val_grp,True,False,False,True,True,False,LM_2019018,0.335011
Tensor_Longmen_A2019019.1748.npz,2019,19,2019019,1748,LM,False,,"[64, 64]",21.33,161.99,,,,"Train,Train_no_overlap,Train_phase4",train_grp,True,False,False,True,True,False,LM_2019019,0.312992
Tensor_Longmen_A2019020.1730.npz,2019,20,2019020,1730,LM,False,,"[64, 64]",7.24,166.23,,,,"Train,Train_no_overlap,Train_phase4",train_grp,True,False,False,True,True,False,LM_2019020,0.319603
Tensor_Longmen_A2019022.1830.npz,2019,22,2019022,1830,LM,False,,"[64, 64]",22.02,152.02,,,,"Train,Train_no_overlap,Train_phase4",train_grp,True,False,False,True,True,False,LM_2019022,0.28085
Tensor_Longmen_A2019023.1812.npz,2019,23,2019023,1812,LM,False,,"[64, 64]",36.18,156.3,,,,"Train,Train_no_overlap,Val_phase4",train_grp,True,False,False,True,False,True,LM_2019023,0.27836
Tensor_Longmen_A2019024.1754.npz,2019,24,2019024,1754,LM,False,,"[64, 64]",50.01,160.56,,,,"Train,Train_no_overlap,Train_phase4",train_grp,True,False,False,True,True,False,LM_2019024,0.304474
Tensor_Longmen_A2019025.1736.npz,2019,25,2019025,1736,LM,False,,"[64, 64]",63.39,164.73,,,,"Train,Train_no_overlap,Train_phase4",train_grp,True,False,False,True,True,False,LM_2019025,0.293349
Tensor_Longmen_A2019026.1718.npz,2019,26,2019026,1718,LM,False,,"[64, 64]",76.28,168.74,,,,"Train,Train_no_overlap,Train_phase4",val_grp,True,False,False,True,True,False,LM_2019026,0.304404
Tensor_Longmen_A2019027.1836.npz,2019,27,2019027,1836,LM,False,,"[64, 64]",89.4,150.55,,,,"Train,Train_no_overlap,Val_phase4",train_grp,True,False,False,True,False,True,LM_2019027,0.279651
Tensor_Longmen_A2019028.1818.npz,2019,28,2019028,1818,LM,False,,"[64, 64]",101.41,154.78,,,,"Train,Train_no_overlap,Train_phase4",val_grp,True,False,False,True,True,False,LM_2019028,0.285685
Tensor_Longmen_A2019029.1800.npz,2019,29,2019029,1800,LM,False,,"[64, 64]",113.01,158.97,,,,"Train,Train_no_overlap,Train_phase4",train_grp,True,False,False,True,True,False,LM_2019029,0.302484
Tensor_Longmen_A2019032.1842.npz,2019,32,2019032,1842,LM,False,,"[64, 64]",147.05,148.92,,,,"Train,Train_no_overlap,Val_phase4",train_grp,True,False,False,True,False,True,LM_2019032,0.30053
Tensor_Longmen_A2019033.1824.npz,2019,33,2019033,1824,LM,False,,"[64, 64]",157.74,153.11,,,,"Train,Train_no_overlap,Train_phase4",train_grp,True,False,False,True,True,False,LM_2019033,0.326724
Tensor_Longmen_A2019034.1806.npz,2019,34,2019034,1806,LM,False,,"[64, 64]",168.27,157.23,,,,"Train,Train_no_overlap,Train_phase4",val_grp,True,False,False,True,True,False,LM_2019034,0.291409
Tensor_Longmen_A2019035.1748.npz,2019,35,2019035,1748,LM,False,,"[64, 64]",177.86,161.23,,,,"Train,Train_no_overlap,Train_phase4",train_grp,True,False,False,True,True,False,LM_2019035,0.302613
Tensor_Longmen_A2019036.1730.npz,2019,36,2019036,1730,LM,False,,"[64, 64]",170.39,165.01,,,,"Train,Train_no_overlap,Val_phase4",train_grp,True,False,False,True,False,True,LM_2019036,0.312314
Tensor_Longmen_A2019037.1848.npz,2019,37,2019037,1848,LM,False,,"[64, 64]",158.92,147.14,,,,"Train,Train_no_overlap,Train_phase4",train_grp,True,False,False,True,True,False,LM_2019037,0.306018
Tensor_Longmen_A2019038.1830.npz,2019,38,2019038,1830,LM,False,,"[64, 64]",148.43,151.26,,,,"Train,Train_no_overlap,Train_phase4",val_grp,True,False,False,True,True,False,LM_2019038,0.30111
Tensor_Longmen_A2019039.1812.npz,2019,39,2019039,1812,LM,False,,"[64, 64]",137.85,155.31,,,,"Train,Train_no_overlap,Train_phase4",train_grp,True,False,False,True,True,False,LM_2019039,0.320798
Tensor_Longmen_A2019047.1724.npz,2019,47,2019047,1724,LM,False,,"[64, 64]",41.94,163.85,,,,"Train,Train_no_overlap,Train_phase4",train_grp,True,False,False,True,True,False,LM_2019047,0.340506
Tensor_Longmen_A2019048.1842.npz,2019,48,2019048,1842,LM,False,,"[64, 64]",27.35,147.12,,,,"Train,Train_no_overlap,Train_phase4",train_grp,True,False,False,True,True,False,LM_2019048,0.314938
Tensor_Longmen_A2019049.1824.npz,2019,49,2019049,1824,LM,False,,"[64, 64]",13.31,151.04,,,,"Train,Train_no_overlap,Train_phase4",val_grp,True,False,False,True,True,False,LM_2019049,0.320047
Tensor_Longmen_A2019050.1806.npz,2019,50,2019050,1806,LM,False,,"[64, 64]",2.94,154.79,,,,"Train,Train_no_overlap,Train_phase4",val_grp,True,False,False,True,True,False,LM_2019050,0.334103
Tensor_Longmen_A2019051.1748.npz,2019,51,2019051,1748,LM,False,,"[64, 64]",15.85,158.31,,,,"Train,Train_no_overlap,Train_phase4",val_grp,True,False,False,True,True,False,LM_2019051,0.315804
Tensor_Longmen_A2019052.1730.npz,2019,52,2019052,1730,LM,False,,"[64, 64]",29.83,161.43,,,,"Train,Train_no_overlap,Train_phase4",train_grp,True,False,False,True,True,False,LM_2019052,0.309066
Tensor_Longmen_A2019053.1848.npz,2019,53,2019053,1848,LM,False,,"[64, 64]",44.05,144.85,,,,"Train,Train_no_overlap,Train_phase4",val_grp,True,False,False,True,True,False,LM_2019053,0.320821
Tensor_Longmen_A2019054.1830.npz,2019,54,2019054,1830,LM,False,,"[64, 64]",57.23,148.69,,,,"Train,Train_no_overlap,Train_phase4",train_grp,True,False,False,True,True,False,LM_2019054,0.305726
Tensor_Longmen_A2019055.1812.npz,2019,55,2019055,1812,LM,False,,"[64, 64]",69.89,152.37,,,,"Train,Train_no_overlap,Train_phase4",train_grp,True,False,False,True,True,False,LM_2019055,0.306049
Tensor_Longmen_A2019056.1754.npz,2019,56,2019056,1754,LM,False,,"[64, 64]",82.04,155.82,,,,"Train,Train_no_overlap,Val_phase4",train_grp,True,False,False,True,False,True,LM_2019056,0.321568
Tensor_Longmen_A2019057.1736.npz,2019,57,2019057,1736,LM,False,,"[64, 64]",93.72,158.91,,,,"Train,Train_no_overlap,Train_phase4",train_grp,True,False,False,True,True,False,LM_2019057,0.29646
Tensor_Longmen_A2019059.1836.npz,2019,59,2019059,1836,LM,False,,"[64, 64]",116.77,146.24,,,,"Train,Train_no_overlap,Train_phase4",val_grp,True,False,False,True,True,False,LM_2019059,0.291545
Tensor_Longmen_A2019060.1818.npz,2019,60,2019060,1818,LM,False,,"[64, 64]",127.56,149.86,,,,"Train,Train_no_overlap,Train_phase4",train_grp,True,False,False,True,True,False,LM_2019060,0.30947
Tensor_Longmen_A2019061.1800.npz,2019,61,2019061,1800,LM,False,,"[64, 64]",138.18,153.26,,,,"Train,Train_no_overlap,Train_phase4",train_grp,True,False,False,True,True,False,LM_2019061,0.324748
Tensor_Longmen_A2019062.1742.npz,2019,62,2019062,1742,LM,False,,"[64, 64]",148.66,156.31,,,,"Train,Train_no_overlap,Val_phase4",train_grp,True,False,False,True,False,True,LM_2019062,0.281813
Tensor_Longmen_A2019063.1724.npz,2019,63,2019063,1724,LM,False,,"[64, 64]",159.03,158.85,,,,"Train,Train_no_overlap,Val_phase4",train_grp,True,False,False,True,False,True,LM_2019063,0.310662
Tensor_Longmen_A2019064.1842.npz,2019,64,2019064,1842,LM,False,,"[64, 64]",170.03,143.69,,,,"Train,Train_no_overlap,Train_phase4",val_grp,True,False,False,True,True,False,LM_2019064,0.315037
Tensor_Longmen_A2019065.1824.npz,2019,65,2019065,1824,LM,False,,"[64, 64]",175.44,147.27,,,,"Train,Train_no_overlap,Train_phase4",val_grp,True,False,False,True,True,False,LM_2019065,0.324742
Tensor_Longmen_A2019066.1806.npz,2019,66,2019066,1806,LM,False,,"[64, 64]",167.04,150.61,,,,"Train,Train_no_overlap,Train_phase4",train_grp,True,False,False,True,True,False,LM_2019066,0.323697
Tensor_Longmen_A2019067.1748.npz,2019,67,2019067,1748,LM,False,,"[64, 64]",156.62,153.64,,,,"Train,Train_no_overlap,Train_phase4",train_grp,True,False,False,True,True,False,LM_2019067,0.305674
Tensor_Longmen_A2019068.1730.npz,2019,68,2019068,1730,LM,False,,"[64, 64]",145.86,156.2,,,,"Train,Train_no_overlap,Train_phase4",train_grp,True,False,False,True,True,False,LM_2019068,0.303211
Tensor_Longmen_A2019069.1706.npz,2019,69,2019069,1706,LM,False,,"[64, 64]",134.86,158.12,,,,"Train,Train_no_overlap,Train_phase4",train_grp,True,False,False,True,True,False,LM_2019069,0.311036
Tensor_Longmen_A2019069.1848.npz,2019,69,2019069,1848,LM,False,,"[64, 64]",133.75,141.08,,,,"Train,Train_no_overlap,Val_phase4",train_grp,True,False,False,True,False,True,LM_2019069,0.313216
Tensor_Longmen_A2019070.1830.npz,2019,70,2019070,1830,LM,False,,"[64, 64]",122.52,144.61,,,,"Train,Train_no_overlap,Train_phase4",val_grp,True,False,False,True,True,False,LM_2019070,0.277488
Tensor_Longmen_A2019071.1812.npz,2019,71,2019071,1812,LM,False,,"[64, 64]",111.02,147.91,,,,"Train,Train_no_overlap,Train_phase4",train_grp,True,False,False,True,True,False,LM_2019071,0.324643
Tensor_Longmen_A2019072.1754.npz,2019,72,2019072,1754,LM,False,,"[64, 64]",99.19,150.92,,,,"Train,Train_no_overlap,Train_phase4",train_grp,True,False,False,True,True,False,LM_2019072,0.329335
Tensor_Longmen_A2019073.1736.npz,2019,73,2019073,1736,LM,False,,"[64, 64]",86.98,153.51,,,,"Train,Train_no_overlap,Train_phase4",val_grp,True,False,False,True,True,False,LM_2019073,0.300307
Tensor_Longmen_A2019075.1836.npz,2019,75,2019075,1836,LM,False,,"[64, 64]",60.37,141.91,,,,"Train,Train_no_overlap,Val_phase4",train_grp,True,False,False,True,False,True,LM_2019075,0.297383
Tensor_Longmen_A2019076.1818.npz,2019,76,2019076,1818,LM,False,,"[64, 64]",46.96,145.18,,,,"Train,Train_no_overlap,Train_phase4",train_grp,True,False,False,True,True,False,LM_2019076,0.322122
Tensor_Longmen_A2019077.1800.npz,2019,77,2019077,1800,LM,False,,"[64, 64]",33.23,148.17,,,,"Train,Train_no_overlap,Train_phase4",train_grp,True,False,False,True,True,False,LM_2019077,0.308516
Tensor_Longmen_A2019078.1742.npz,2019,78,2019078,1742,LM,False,,"[64, 64]",19.37,150.8,,,,"Train,Train_no_overlap,Train_phase4",train_grp,True,False,False,True,True,False,LM_2019078,0.311094
Tensor_Longmen_A2019079.1724.npz,2019,79,2019079,1724,LM,False,,"[64, 64]",6.38,153.08,,,,"Train,Train_no_overlap,Train_phase4",train_grp,True,False,False,True,True,False,LM_2019079,0.320618
Tensor_Longmen_A2019080.1842.npz,2019,80,2019080,1842,LM,False,,"[64, 64]",10.65,139.18,,,,"Train,Train_no_overlap,Train_phase4",val_grp,True,False,False,True,True,False,LM_2019080,0.332084
Tensor_Longmen_A2019081.1824.npz,2019,81,2019081,1824,LM,False,,"[64, 64]",23.89,142.43,,,,"Train,Train_no_overlap,Train_phase4",train_grp,True,False,False,True,True,False,LM_2019081,0.332
Tensor_Longmen_A2019082.1806.npz,2019,82,2019082,1806,LM,False,,"[64, 64]",37.08,145.42,,,,"Train,Train_no_overlap,Val_phase4",train_grp,True,False,False,True,False,True,LM_2019082,0.327674
Tensor_Longmen_A2019083.1748.npz,2019,83,2019083,1748,LM,False,,"[64, 64]",49.86,148.06,,,,"Train,Train_no_overlap,Val_phase4",train_grp,True,False,False,True,False,True,LM_2019083,0.318476
Tensor_Longmen_A2019084.1730.npz,2019,84,2019084,1730,LM,False,,"[64, 64]",62.16,150.26,,,,"Train,Train_no_overlap,Train_phase4",train_grp,True,False,False,True,True,False,LM_2019084,0.29142
Tensor_Longmen_A2019085.1706.npz,2019,85,2019085,1706,LM,False,,"[64, 64]",73.98,151.9,,,,"Train,Train_no_overlap,Train_phase4",train_grp,True,False,False,True,True,False,LM_2019085,0.301544
Tensor_Longmen_A2019085.1848.npz,2019,85,2019085,1848,LM,False,,"[64, 64]",74.56,136.44,,,,"Train,Train_no_overlap,Train_phase4",train_grp,True,False,False,True,True,False,LM_2019085,0.290173
Tensor_Longmen_A2019086.1830.npz,2019,86,2019086,1830,LM,False,,"[64, 64]",86.02,139.68,,,,"Train,Train_no_overlap,Val_phase4",val_grp,True,False,False,True,False,True,LM_2019086,0.319849
Tensor_Longmen_A2019087.1812.npz,2019,87,2019087,1812,LM,False,,"[64, 64]",97.13,142.66,,,,"Train,Train_no_overlap,Train_phase4",train_grp,True,False,False,True,True,False,LM_2019087,0.335117
Tensor_Longmen_A2019088.1754.npz,2019,88,2019088,1754,LM,False,,"[64, 64]",107.97,145.33,,,,"Train,Train_no_overlap,Train_phase4",val_grp,True,False,False,True,True,False,LM_2019088,0.332573
Tensor_Longmen_A2019089.1736.npz,2019,89,2019089,1736,LM,False,,"[64, 64]",118.63,147.6,,,,"Train,Train_no_overlap,Train_phase4",train_grp,True,False,False,True,True,False,LM_2019089,0.330168
Tensor_Longmen_A2019090.1712.npz,2019,90,2019090,1712,LM,False,,"[64, 64]",129.16,149.21,,,,"Train,Train_no_overlap,Val_phase4",train_grp,True,False,False,True,False,True,LM_2019090,0.341289
Tensor_Longmen_A2019091.1836.npz,2019,91,2019091,1836,LM,False,,"[64, 64]",140.53,136.95,,,,"Train,Train_no_overlap,Train_phase4",val_grp,True,False,False,True,True,False,LM_2019091,0.278702
Tensor_Longmen_A2019092.1818.npz,2019,92,2019092,1818,LM,False,,"[64, 64]",151.04,139.94,,,,"Train,Train_no_overlap,Train_phase4",train_grp,True,False,False,True,True,False,LM_2019092,0.307071
Tensor_Longmen_A2019093.1800.npz,2019,93,2019093,1800,LM,False,,"[64, 64]",161.47,142.63,,,,"Train,Train_no_overlap,Train_phase4",train_grp,True,False,False,True,True,False,LM_2019093,0.335283
Tensor_Longmen_A2019094.1742.npz,2019,94,2019094,1742,LM,False,,"[64, 64]",171.25,144.96,,,,"Train,Train_no_overlap,Val_phase4",train_grp,True,False,False,True,False,True,LM_2019094,0.314043
Tensor_Longmen_A2019096.1842.npz,2019,96,2019096,1842,LM,False,,"[64, 64]",162.71,134.26,,,,"Train,Train_no_overlap,Val_phase4",train_grp,True,False,False,True,False,True,LM_2019096,0.321969
Tensor_Longmen_A2019097.1824.npz,2019,97,2019097,1824,LM,False,,"[64, 64]",151.72,137.25,,,,"Train,Train_no_overlap,Train_phase4",train_grp,True,False,False,True,True,False,LM_2019097,0.306023
Tensor_Longmen_A2019098.1806.npz,2019,98,2019098,1806,LM,False,,"[64, 64]",140.33,139.98,,,,"Train,Train_no_overlap,Train_phase4",train_grp,True,False,False,True,True,False,LM_2019098,0.311893
Tensor_Longmen_A2019099.1748.npz,2019,99,2019099,1748,LM,False,,"[64, 64]",128.65,142.35,,,,"Train,Train_no_overlap,Train_phase4",train_grp,True,False,False,True,True,False,LM_2019099,0.291281
Tensor_Longmen_A2019100.1730.npz,2019,100,2019100,1730,LM,False,,"[64, 64]",116.69,144.41,,,,"Train,Train_no_overlap,Train_phase4",train_grp,True,False,False,True,True,False,LM_2019100,0.32977
Tensor_Longmen_A2019101.1706.npz,2019,101,2019101,1706,LM,False,,"[64, 64]",104.44,145.79,,,,"Train,Train_no_overlap,Val_phase4",train_grp,True,False,False,True,False,True,LM_2019101,0.32223
Tensor_Longmen_A2019101.1848.npz,2019,101,2019101,1848,LM,False,,"[64, 64]",103.33,131.62,,,,"Train,Train_no_overlap,Val_phase4",train_grp,True,False,False,True,False,True,LM_2019101,0.309239
Tensor_Longmen_A2019102.1830.npz,2019,102,2019102,1830,LM,False,,"[64, 64]",90.84,134.62,,,,"Train,Train_no_overlap,Train_phase4",train_grp,True,False,False,True,True,False,LM_2019102,0.308247
Tensor_Longmen_A2019103.1812.npz,2019,103,2019103,1812,LM,False,,"[64, 64]",78.04,137.36,,,,"Train,Train_no_overlap,Val_phase4",train_grp,True,False,False,True,False,True,LM_2019103,0.325368
Tensor_Longmen_A2019104.1754.npz,2019,104,2019104,1754,LM,False,,"[64, 64]",64.95,139.79,,,,"Train,Train_no_overlap,Train_phase4",val_grp,True,False,False,True,True,False,LM_2019104,0.339569
Tensor_Longmen_A2019105.1736.npz,2019,105,2019105,1736,LM,False,,"[64, 64]",51.6,141.84,,,,"Train,Train_no_overlap,Train_phase4",train_grp,True,False,False,True,True,False,LM_2019105,0.310995
Tensor_Longmen_A2019106.1712.npz,2019,106,2019106,1712,LM,False,,"[64, 64]",38.07,143.4,,,,"Train,Train_no_overlap,Train_phase4",train_grp,True,False,False,True,True,False,LM_2019106,0.321587
Tensor_Longmen_A2019107.1836.npz,2019,107,2019107,1836,LM,False,,"[64, 64]",23.82,132.04,,,,"Train,Train_no_overlap,Train_phase4",train_grp,True,False,False,True,True,False,LM_2019107,0.320144
Tensor_Longmen_A2019108.1818.npz,2019,108,2019108,1818,LM,False,,"[64, 64]",10.75,134.82,,,,"Train,Train_no_overlap,Train_phase4",val_grp,True,False,False,True,True,False,LM_2019108,0.296129
Tensor_Longmen_A2019109.1800.npz,2019,109,2019109,1800,LM,False,,"[64, 64]",5.66,137.29,,,,"Train,Train_no_overlap,Train_phase4",train_grp,True,False,False,True,True,False,LM_2019109,0.318349
Tensor_Longmen_A2019110.1742.npz,2019,110,2019110,1742,LM,False,,"[64, 64]",17.35,139.43,,,,"Train,Train_no_overlap,Train_phase4",train_grp,True,False,False,True,True,False,LM_2019110,0.314906
Tensor_Longmen_A2019112.1842.npz,2019,112,2019112,1842,LM,False,,"[64, 64]",42.71,129.55,,,,"Train,Train_no_overlap,Val_phase4",train_grp,True,False,False,True,False,True,LM_2019112,0.329869
Tensor_Longmen_A2019113.1824.npz,2019,113,2019113,1824,LM,False,,"[64, 64]",54.63,132.36,,,,"Train,Train_no_overlap,Train_phase4",val_grp,True,False,False,True,True,False,LM_2019113,0.340099
Tensor_Longmen_A2019114.1806.npz,2019,114,2019114,1806,LM,False,,"[64, 64]",66.19,134.89,,,,"Train,Train_no_overlap,Train_phase4",train_grp,True,False,False,True,True,False,LM_2019114,0.306862
Tensor_Longmen_A2019115.1748.npz,2019,115,2019115,1748,LM,False,,"[64, 64]",77.4,137.1,,,,"Train,Train_no_overlap,Train_phase4",train_grp,True,False,False,True,True,False,LM_2019115,0.291749
Tensor_Longmen_A2019116.1730.npz,2019,116,2019116,1730,LM,False,,"[64, 64]",88.35,138.91,,,,"Train,Train_no_overlap,Train_phase4",train_grp,True,False,False,True,True,False,LM_2019116,0.28976
Tensor_Longmen_A2019117.1706.npz,2019,117,2019117,1706,LM,False,,"[64, 64]",99.09,140.3,,,,"Train,Train_no_overlap,Train_phase4",train_grp,True,False,False,True,True,False,LM_2019117,0.324436
Tensor_Longmen_A2019117.1848.npz,2019,117,2019117,1848,LM,False,,"[64, 64]",99.75,127.16,,,,"Train,Train_no_overlap,Val_phase4",train_grp,True,False,False,True,False,True,LM_2019117,0.303519
Tensor_Longmen_A2019118.1830.npz,2019,118,2019118,1830,LM,False,,"[64, 64]",110.47,130.0,,,,"Train,Train_no_overlap,Train_phase4",train_grp,True,False,False,True,True,False,LM_2019118,0.328855
Tensor_Longmen_A2019119.1812.npz,2019,119,2019119,1812,LM,False,,"[64, 64]",121.15,132.58,,,,"Train,Train_no_overlap,Train_phase4",train_grp,True,False,False,True,True,False,LM_2019119,0.334861
Tensor_Longmen_A2019120.1754.npz,2019,120,2019120,1754,LM,False,,"[64, 64]",131.86,134.86,,,,"Train,Train_no_overlap,Train_phase4",train_grp,True,False,False,True,True,False,LM_2019120,0.324241
Tensor_Longmen_A2019121.1736.npz,2019,121,2019121,1736,LM,False,,"[64, 64]",142.65,136.77,,,,"Train,Train_no_overlap,Train_phase4",train_grp,True,False,False,True,True,False,LM_2019121,0.296742
Tensor_Longmen_A2019123.1836.npz,2019,123,2019123,1836,LM,False,,"[64, 64]",165.38,127.76,,,,"Train,Train_no_overlap,Train_phase4",train_grp,True,False,False,True,True,False,LM_2019123,0.29575
Tensor_Longmen_A2019124.1818.npz,2019,124,2019124,1818,LM,False,,"[64, 64]",174.35,130.39,,,,"Train,Train_no_overlap,Train_phase4",train_grp,True,False,False,True,True,False,LM_2019124,0.319199
Tensor_Longmen_A2019125.1800.npz,2019,125,2019125,1800,LM,False,,"[64, 64]",169.09,132.73,,,,"Train,Train_no_overlap,Train_phase4",train_grp,True,False,False,True,True,False,LM_2019125,0.331539
Tensor_Longmen_A2019126.1742.npz,2019,126,2019126,1742,LM,False,,"[64, 64]",157.85,134.74,,,,"Train,Train_no_overlap,Train_phase4",train_grp,True,False,False,True,True,False,LM_2019126,0.315532
Tensor_Longmen_A2019127.1724.npz,2019,127,2019127,1724,LM,False,,"[64, 64]",145.91,136.45,,,,"Train,Train_no_overlap,Val_phase4",train_grp,True,False,False,True,False,True,LM_2019127,0.313734
Tensor_Longmen_A2019128.1842.npz,2019,128,2019128,1842,LM,False,,"[64, 64]",132.43,125.64,,,,"Train,Train_no_overlap,Train_phase4",train_grp,True,False,False,True,True,False,LM_2019128,0.298903
Tensor_Longmen_A2019129.1824.npz,2019,129,2019129,1824,LM,False,,"[64, 64]",119.98,128.31,,,,"Train,Train_no_overlap,Val_phase4",train_grp,True,False,False,True,False,True,LM_2019129,0.325487
Tensor_Longmen_A2019130.1806.npz,2019,130,2019130,1806,LM,False,,"[64, 64]",107.35,130.72,,,,"Train,Train_no_overlap,Train_phase4",train_grp,True,False,False,True,True,False,LM_2019130,0.302052
Tensor_Longmen_A2019131.1748.npz,2019,131,2019131,1748,LM,False,,"[64, 64]",94.56,132.82,,,,"Train,Train_no_overlap,Train_phase4",train_grp,True,False,False,True,True,False,LM_2019131,0.298038
Tensor_Longmen_A2019132.1730.npz,2019,132,2019132,1730,LM,False,,"[64, 64]",81.61,134.55,,,,"Train,Train_no_overlap,Train_phase4",train_grp,True,False,False,True,True,False,LM_2019132,0.313757
Tensor_Longmen_A2019133.1706.npz,2019,133,2019133,1706,LM,False,,"[64, 64]",68.52,135.87,,,,"Train,Train_no_overlap,Train_phase4",train_grp,True,False,False,True,True,False,LM_2019133,0.319409
Tensor_Longmen_A2019133.1848.npz,2019,133,2019133,1848,LM,False,,"[64, 64]",67.58,123.66,,,,"Train,Train_no_overlap,Train_phase4",train_grp,True,False,False,True,True,False,LM_2019133,0.29542
Tensor_Longmen_A2019134.1830.npz,2019,134,2019134,1830,LM,False,,"[64, 64]",54.52,126.38,,,,"Train,Train_no_overlap,Val_phase4",val_grp,True,False,False,True,False,True,LM_2019134,0.317046
Tensor_Longmen_A2019135.1812.npz,2019,135,2019135,1812,LM,False,,"[64, 64]",41.42,128.85,,,,"Train,Train_no_overlap,Train_phase4",train_grp,True,False,False,True,True,False,LM_2019135,0.336389
Tensor_Longmen_A2019136.1754.npz,2019,136,2019136,1754,LM,False,,"[64, 64]",28.37,131.02,,,,"Train,Train_no_overlap,Train_phase4",train_grp,True,False,False,True,True,False,LM_2019136,0.312695
Tensor_Longmen_A2019137.1736.npz,2019,137,2019137,1736,LM,False,,"[64, 64]",15.53,132.86,,,,"Train,Train_no_overlap,Train_phase4",train_grp,True,False,False,True,True,False,LM_2019137,0.340591
Tensor_Longmen_A2019139.1836.npz,2019,139,2019139,1836,LM,False,,"[64, 64]",11.21,124.58,,,,"Train,Train_no_overlap,Val_phase4",train_grp,True,False,False,True,False,True,LM_2019139,0.310524
Tensor_Longmen_A2019140.1818.npz,2019,140,2019140,1818,LM,False,,"[64, 64]",23.19,127.11,,,,"Train,Train_no_overlap,Train_phase4",train_grp,True,False,False,True,True,False,LM_2019140,0.328277
Tensor_Longmen_A2019141.1800.npz,2019,141,2019141,1800,LM,False,,"[64, 64]",35.03,129.37,,,,"Train,Train_no_overlap,Train_phase4",val_grp,True,False,False,True,True,False,LM_2019141,0.345102
Tensor_Longmen_A2019142.1742.npz,2019,142,2019142,1742,LM,False,,"[64, 64]",46.58,131.3,,,,"Train,Train_no_overlap,Val_phase4",val_grp,True,False,False,True,False,True,LM_2019142,0.322931
Tensor_Longmen_A2019143.1724.npz,2019,143,2019143,1724,LM,False,,"[64, 64]",57.85,132.87,,,,"Train,Train_no_overlap,Train_phase4",val_grp,True,False,False,True,True,False,LM_2019143,0.336545
Tensor_Longmen_A2019144.1842.npz,2019,144,2019144,1842,LM,False,,"[64, 64]",69.4,122.93,,,,"Train,Train_no_overlap,Train_phase4",train_grp,True,False,False,True,True,False,LM_2019144,0.324651
Tensor_Longmen_A2019145.1824.npz,2019,145,2019145,1824,LM,False,,"[64, 64]",80.31,125.52,,,,"Train,Train_no_overlap,Train_phase4",val_grp,True,False,False,True,True,False,LM_2019145,0.322763
Tensor_Longmen_A2019146.1806.npz,2019,146,2019146,1806,LM,False,,"[64, 64]",91.12,127.86,,,,"Train,Train_no_overlap,Train_phase4",train_grp,True,False,False,True,True,False,LM_2019146,0.350159
Tensor_Longmen_A2019147.1748.npz,2019,147,2019147,1748,LM,False,,"[64, 64]",101.91,129.89,,,,"Train,Train_no_overlap,Train_phase4",train_grp,True,False,False,True,True,False,LM_2019147,0.330054
Tensor_Longmen_A2019148.1730.npz,2019,148,2019148,1730,LM,False,,"[64, 64]",112.74,131.56,,,,"Train,Train_no_overlap,Train_phase4",train_grp,True,False,False,True,True,False,LM_2019148,0.324639
Tensor_Longmen_A2019149.1848.npz,2019,149,2019149,1848,LM,False,,"[64, 64]",124.55,121.42,,,,"Train,Train_no_overlap,Val_phase4",train_grp,True,False,False,True,False,True,LM_2019149,0.318585
Tensor_Longmen_A2019150.1830.npz,2019,150,2019150,1830,LM,False,,"[64, 64]",135.8,124.08,,,,"Train,Train_no_overlap,Train_phase4",train_grp,True,False,False,True,True,False,LM_2019150,0.308909
Tensor_Longmen_A2019151.1812.npz,2019,151,2019151,1812,LM,False,,"[64, 64]",147.26,126.49,,,,"Train,Train_no_overlap,Train_phase4",val_grp,True,False,False,True,True,False,LM_2019151,0.335942
Tensor_Longmen_A2019152.1754.npz,2019,152,2019152,1754,LM,False,,"[64, 64]",158.94,128.61,,,,"Train,Train_no_overlap,Train_phase4",train_grp,True,False,False,True,True,False,LM_2019152,0.316518
Tensor_Longmen_A2019153.1736.npz,2019,153,2019153,1736,LM,False,,"[64, 64]",170.58,130.4,,,,"Train,Train_no_overlap,Train_phase4",train_grp,True,False,False,True,True,False,LM_2019153,0.330467
Tensor_Longmen_A2019155.1836.npz,2019,155,2019155,1836,LM,False,,"[64, 64]",162.06,122.79,,,,"Train,Train_no_overlap,Train_phase4",train_grp,True,False,False,True,True,False,LM_2019155,0.318599
Tensor_Longmen_A2019156.1818.npz,2019,156,2019156,1818,LM,False,,"[64, 64]",149.42,125.27,,,,"Train,Train_no_overlap,Train_phase4",train_grp,True,False,False,True,True,False,LM_2019156,0.326667
Tensor_Longmen_A2019157.1800.npz,2019,157,2019157,1800,LM,False,,"[64, 64]",136.57,127.48,,,,"Train,Train_no_overlap,Val_phase4",train_grp,True,False,False,True,False,True,LM_2019157,0.329809
Tensor_Longmen_A2019158.1742.npz,2019,158,2019158,1742,LM,False,,"[64, 64]",123.62,129.38,,,,"Train,Train_no_overlap,Train_phase4",train_grp,True,False,False,True,True,False,LM_2019158,0.306993
Tensor_Longmen_A2019159.1724.npz,2019,159,2019159,1724,LM,False,,"[64, 64]",110.62,130.93,,,,"Train,Train_no_overlap,Train_phase4",train_grp,True,False,False,True,True,False,LM_2019159,0.342605
Tensor_Longmen_A2019160.1842.npz,2019,160,2019160,1842,LM,False,,"[64, 64]",96.5,121.63,,,,"Train,Train_no_overlap,Train_phase4",train_grp,True,False,False,True,True,False,LM_2019160,0.316737
Tensor_Longmen_A2019161.1824.npz,2019,161,2019161,1824,LM,False,,"[64, 64]",83.62,124.2,,,,"Train,Train_no_overlap,Train_phase4",train_grp,True,False,False,True,True,False,LM_2019161,0.319568
Tensor_Longmen_A2019162.1806.npz,2019,162,2019162,1806,LM,False,,"[64, 64]",70.79,126.51,,,,"Train,Train_no_overlap,Train_phase4",val_grp,True,False,False,True,True,False,LM_2019162,0.33529
Tensor_Longmen_A2019163.1748.npz,2019,163,2019163,1748,LM,False,,"[64, 64]",58.03,128.52,,,,"Train,Train_no_overlap,Train_phase4",train_grp,True,False,False,True,True,False,LM_2019163,0.307649
Tensor_Longmen_A2019164.1730.npz,2019,164,2019164,1730,LM,False,,"[64, 64]",45.36,130.18,,,,"Train,Train_no_overlap,Val_phase4",val_grp,True,False,False,True,False,True,LM_2019164,0.32832
Tensor_Longmen_A2019165.1848.npz,2019,165,2019165,1848,LM,False,,"[64, 64]",32.16,120.61,,,,"Train,Train_no_overlap,Train_phase4",train_grp,True,False,False,True,True,False,LM_2019165,0.297023
Tensor_Longmen_A2019166.1830.npz,2019,166,2019166,1830,LM,False,,"[64, 64]",19.86,123.26,,,,"Train,Train_no_overlap,Train_phase4",train_grp,True,False,False,True,True,False,LM_2019166,0.317281
Tensor_Longmen_A2019167.1812.npz,2019,167,2019167,1812,LM,False,,"[64, 64]",7.78,125.66,,,,"Train,Train_no_overlap,Train_phase4",train_grp,True,False,False,True,True,False,LM_2019167,0.31159
Tensor_Longmen_A2019168.1754.npz,2019,168,2019168,1754,LM,False,,"[64, 64]",4.44,127.78,,,,"Train,Train_no_overlap,Val_phase4",train_grp,True,False,False,True,False,True,LM_2019168,0.340777
Tensor_Longmen_A2019169.1736.npz,2019,169,2019169,1736,LM,False,,"[64, 64]",16.03,129.57,,,,"Train,Train_no_overlap,Val_phase4",val_grp,True,False,False,True,False,True,LM_2019169,0.338442
Tensor_Longmen_A2019170.1718.npz,2019,170,2019170,1718,LM,False,,"[64, 64]",27.5,131.04,,,,"Train,Train_no_overlap,Train_phase4",train_grp,True,False,False,True,True,False,LM_2019170,0.332577
Tensor_Longmen_A2019171.1836.npz,2019,171,2019171,1836,LM,False,,"[64, 64]",39.18,122.46,,,,"Train,Train_no_overlap,Train_phase4",train_grp,True,False,False,True,True,False,LM_2019171,0.320839
Tensor_Longmen_A2019172.1818.npz,2019,172,2019172,1818,LM,False,,"[64, 64]",50.27,124.95,,,,"Train,Train_no_overlap,Train_phase4",val_grp,True,False,False,True,True,False,LM_2019172,0.335491
Tensor_Longmen_A2019173.1800.npz,2019,173,2019173,1800,LM,False,,"[64, 64]",61.22,127.18,,,,"Train,Train_no_overlap,Train_phase4",val_grp,True,False,False,True,True,False,LM_2019173,0.348457
Tensor_Longmen_A2019174.1742.npz,2019,174,2019174,1742,LM,False,,"[64, 64]",72.08,129.09,,,,"Train,Train_no_overlap,Val_phase4",train_grp,True,False,False,True,False,True,LM_2019174,0.316692
Tensor_Longmen_A2019175.1724.npz,2019,175,2019175,1724,LM,False,,"[64, 64]",82.93,130.65,,,,"Train,Train_no_overlap,Train_phase4",train_grp,True,False,False,True,True,False,LM_2019175,0.34618
Tensor_Longmen_A2019176.1842.npz,2019,176,2019176,1842,LM,False,,"[64, 64]",94.51,121.77,,,,"Train,Train_no_overlap,Val_phase4",val_grp,True,False,False,True,False,True,LM_2019176,0.326086
Tensor_Longmen_A2019177.1824.npz,2019,177,2019177,1824,LM,False,,"[64, 64]",105.65,124.37,,,,"Train,Train_no_overlap,Train_phase4",train_grp,True,False,False,True,True,False,LM_2019177,0.32169
Tensor_Longmen_A2019178.1806.npz,2019,178,2019178,1806,LM,False,,"[64, 64]",117.0,126.71,,,,"Train,Train_no_overlap,Train_phase4",train_grp,True,False,False,True,True,False,LM_2019178,0.293222
Tensor_Longmen_A2019179.1748.npz,2019,179,2019179,1748,LM,False,,"[64, 64]",128.63,128.75,,,,"Train,Train_no_overlap,Train_phase4",train_grp,True,False,False,True,True,False,LM_2019179,0.328977
Tensor_Longmen_A2019180.1730.npz,2019,180,2019180,1730,LM,False,,"[64, 64]",140.57,130.44,,,,"Train,Train_no_overlap,Train_phase4",val_grp,True,False,False,True,True,False,LM_2019180,0.327577
Tensor_Longmen_A2019181.1848.npz,2019,181,2019181,1848,LM,False,,"[64, 64]",153.99,121.19,,,,"Train,Train_no_overlap,Train_phase4",train_grp,True,False,False,True,True,False,LM_2019181,0.320455
Tensor_Longmen_A2019182.1830.npz,2019,182,2019182,1830,LM,False,,"[64, 64]",166.69,123.89,,,,"Train,Train_no_overlap,Train_phase4",train_grp,True,False,False,True,True,False,LM_2019182,0.307525
Tensor_Longmen_A2019183.1812.npz,2019,183,2019183,1812,LM,False,,"[64, 64]",178.66,126.34,,,,"Train,Train_no_overlap,Train_phase4",train_grp,True,False,False,True,True,False,LM_2019183,0.32226
Tensor_Longmen_A2019184.1754.npz,2019,184,2019184,1754,LM,False,,"[64, 64]",166.95,128.51,,,,"Train,Train_no_overlap,Train_phase4",train_grp,True,False,False,True,True,False,LM_2019184,0.325833
Tensor_Longmen_A2019185.1736.npz,2019,185,2019185,1736,LM,False,,"[64, 64]",153.64,130.35,,,,"Train,Train_no_overlap,Train_phase4",train_grp,True,False,False,True,True,False,LM_2019185,0.326476
Tensor_Longmen_A2019186.1718.npz,2019,186,2019186,1718,LM,False,,"[64, 64]",140.27,131.83,,,,"Train,Train_no_overlap,Train_phase4",train_grp,True,False,False,True,True,False,LM_2019186,0.331635
Tensor_Longmen_A2019187.1836.npz,2019,187,2019187,1836,LM,False,,"[64, 64]",125.67,123.51,,,,"Train,Train_no_overlap,Train_phase4",train_grp,True,False,False,True,True,False,LM_2019187,0.32415
Tensor_Longmen_A2019188.1818.npz,2019,188,2019188,1818,LM,False,,"[64, 64]",112.54,126.08,,,,"Train,Train_no_overlap,Train_phase4",val_grp,True,False,False,True,True,False,LM_2019188,0.328359
Tensor_Longmen_A2019189.1800.npz,2019,189,2019189,1800,LM,False,,"[64, 64]",99.59,128.38,,,,"Train,Train_no_overlap,Train_phase4",train_grp,True,False,False,True,True,False,LM_2019189,0.340837
Tensor_Longmen_A2019190.1742.npz,2019,190,2019190,1742,LM,False,,"[64, 64]",86.84,130.37,,,,"Train,Train_no_overlap,Train_phase4",train_grp,True,False,False,True,True,False,LM_2019190,0.321596
Tensor_Longmen_A2019191.1724.npz,2019,191,2019191,1724,LM,False,,"[64, 64]",74.28,132.0,,,,"Train,Train_no_overlap,Train_phase4",train_grp,True,False,False,True,True,False,LM_2019191,0.324419
Tensor_Longmen_A2019192.1842.npz,2019,192,2019192,1842,LM,False,,"[64, 64]",61.09,123.2,,,,"Train,Train_no_overlap,Train_phase4",train_grp,True,False,False,True,True,False,LM_2019192,0.325474
Tensor_Longmen_A2019193.1824.npz,2019,193,2019193,1824,LM,False,,"[64, 64]",49.02,125.9,,,,"Train,Train_no_overlap,Train_phase4",train_grp,True,False,False,True,True,False,LM_2019193,0.333929
Tensor_Longmen_A2019194.1806.npz,2019,194,2019194,1806,LM,False,,"[64, 64]",37.11,128.33,,,,"Train,Train_no_overlap,Train_phase4",train_grp,True,False,False,True,True,False,LM_2019194,0.330628
Tensor_Longmen_A2019195.1748.npz,2019,195,2019195,1748,LM,False,,"[64, 64]",25.35,130.47,,,,"Train,Train_no_overlap,Train_phase4",train_grp,True,False,False,True,True,False,LM_2019195,0.317026
Tensor_Longmen_A2019196.1730.npz,2019,196,2019196,1730,LM,False,,"[64, 64]",13.77,132.26,,,,"Train,Train_no_overlap,Val_phase4",train_grp,True,False,False,True,False,True,LM_2019196,0.331521
Tensor_Longmen_A2019197.1848.npz,2019,197,2019197,1848,LM,False,,"[64, 64]",2.13,122.95,,,,"Train,Train_no_overlap,Train_phase4",train_grp,True,False,False,True,True,False,LM_2019197,0.333079
Tensor_Longmen_A2019198.1830.npz,2019,198,2019198,1830,LM,False,,"[64, 64]",9.54,125.76,,,,"Train,Train_no_overlap,Train_phase4",train_grp,True,False,False,True,True,False,LM_2019198,0.322384
Tensor_Longmen_A2019199.1812.npz,2019,199,2019199,1812,LM,False,,"[64, 64]",20.63,128.34,,,,"Train,Train_no_overlap,Train_phase4",train_grp,True,False,False,True,True,False,LM_2019199,0.331145
Tensor_Longmen_A2019200.1754.npz,2019,200,2019200,1754,LM,False,,"[64, 64]",31.65,130.63,,,,"Train,Train_no_overlap,Train_phase4",train_grp,True,False,False,True,True,False,LM_2019200,0.332618
Tensor_Longmen_A2019201.1736.npz,2019,201,2019201,1736,LM,False,,"[64, 64]",42.57,132.6,,,,"Train,Train_no_overlap,Train_phase4",train_grp,True,False,False,True,True,False,LM_2019201,0.33839
Tensor_Longmen_A2019202.1718.npz,2019,202,2019202,1718,LM,False,,"[64, 64]",53.45,134.19,,,,"Train,Train_no_overlap,Val_phase4",val_grp,True,False,False,True,False,True,LM_2019202,0.334361
Tensor_Longmen_A2019203.1836.npz,2019,203,2019203,1836,LM,False,,"[64, 64]",64.85,125.68,,,,"Train,Train_no_overlap,Train_phase4",train_grp,True,False,False,True,True,False,LM_2019203,0.335257
Tensor_Longmen_A2019204.1818.npz,2019,204,2019204,1818,LM,False,,"[64, 64]",75.86,128.4,,,,"Train,Train_no_overlap,Train_phase4",train_grp,True,False,False,True,True,False,LM_2019204,0.295333
Tensor_Longmen_A2019205.1800.npz,2019,205,2019205,1800,LM,False,,"[64, 64]",87.01,130.84,,,,"Train,Train_no_overlap,Train_phase4",train_grp,True,False,False,True,True,False,LM_2019205,0.308458
Tensor_Longmen_A2019206.1742.npz,2019,206,2019206,1742,LM,False,,"[64, 64]",98.37,132.98,,,,"Train,Train_no_overlap,Train_phase4",train_grp,True,False,False,True,True,False,LM_2019206,0.295541
Tensor_Longmen_A2019207.1724.npz,2019,207,2019207,1724,LM,False,,"[64, 64]",110.01,134.76,,,,"Train,Train_no_overlap,Val_phase4",train_grp,True,False,False,True,False,True,LM_2019207,0.338849
Tensor_Longmen_A2019208.1842.npz,2019,208,2019208,1842,LM,False,,"[64, 64]",122.91,125.61,,,,"Train,Train_no_overlap,Train_phase4",val_grp,True,False,False,True,True,False,LM_2019208,0.321904
Tensor_Longmen_A2019209.1824.npz,2019,209,2019209,1824,LM,False,,"[64, 64]",135.38,128.48,,,,"Train,Train_no_overlap,Train_phase4",train_grp,True,False,False,True,True,False,LM_2019209,0.310329
Tensor_Longmen_A2019210.1806.npz,2019,210,2019210,1806,LM,False,,"[64, 64]",148.23,131.09,,,,"Train,Train_no_overlap,Train_phase4",train_grp,True,False,False,True,True,False,LM_2019210,0.334367
Tensor_Longmen_A2019211.1748.npz,2019,211,2019211,1748,LM,False,,"[64, 64]",161.41,133.41,,,,"Train,Train_no_overlap,Train_phase4",train_grp,True,False,False,True,True,False,LM_2019211,0.310938
Tensor_Longmen_A2019212.1730.npz,2019,212,2019212,1730,LM,False,,"[64, 64]",174.78,135.37,,,,"Train,Train_no_overlap,Train_phase4",train_grp,True,False,False,True,True,False,LM_2019212,0.315816
Tensor_Longmen_A2019213.1848.npz,2019,213,2019213,1848,LM,False,,"[64, 64]",169.98,125.55,,,,"Train,Train_no_overlap,Train_phase4",train_grp,True,False,False,True,True,False,LM_2019213,0.328471
Tensor_Longmen_A2019214.1830.npz,2019,214,2019214,1830,LM,False,,"[64, 64]",156.31,128.55,,,,"Train,Train_no_overlap,Val_phase4",train_grp,True,False,False,True,False,True,LM_2019214,0.319137
Tensor_Longmen_A2019215.1812.npz,2019,215,2019215,1812,LM,False,,"[64, 64]",142.71,131.33,,,,"Train,Train_no_overlap,Train_phase4",val_grp,True,False,False,True,True,False,LM_2019215,0.326847
Tensor_Longmen_A2019216.1754.npz,2019,216,2019216,1754,LM,False,,"[64, 64]",129.32,133.83,,,,"Train,Train_no_overlap,Train_phase4",train_grp,True,False,False,True,True,False,LM_2019216,0.329057
Tensor_Longmen_A2019217.1736.npz,2019,217,2019217,1736,LM,False,,"[64, 64]",116.19,136.0,,,,"Train,Train_no_overlap,Train_phase4",train_grp,True,False,False,True,True,False,LM_2019217,0.335486
Tensor_Longmen_A2019218.1718.npz,2019,218,2019218,1718,LM,False,,"[64, 64]",103.37,137.79,,,,"Train,Train_no_overlap,Train_phase4",train_grp,True,False,False,True,True,False,LM_2019218,0.31754
Tensor_Longmen_A2019219.1836.npz,2019,219,2019219,1836,LM,False,,"[64, 64]",89.86,128.61,,,,"Train,Train_no_overlap,Train_phase4",val_grp,True,False,False,True,True,False,LM_2019219,0.31978
Tensor_Longmen_A2019220.1818.npz,2019,220,2019220,1818,LM,False,,"[64, 64]",77.76,131.55,,,,"Train,Train_no_overlap,Train_phase4",train_grp,True,False,False,True,True,False,LM_2019220,0.287232
Tensor_Longmen_A2019221.1800.npz,2019,221,2019221,1800,LM,False,,"[64, 64]",65.93,134.23,,,,"Train,Train_no_overlap,Train_phase4",train_grp,True,False,False,True,True,False,LM_2019221,0.292686
Tensor_Longmen_A2019222.1742.npz,2019,222,2019222,1742,LM,False,,"[64, 64]",54.32,136.61,,,,"Train,Train_no_overlap,Train_phase4",train_grp,True,False,False,True,True,False,LM_2019222,0.325158
Tensor_Longmen_A2019223.1724.npz,2019,223,2019223,1724,LM,False,,"[64, 64]",42.9,138.62,,,,"Train,Train_no_overlap,Val_phase4",train_grp,True,False,False,True,False,True,LM_2019223,0.336621
Tensor_Longmen_A2019224.1842.npz,2019,224,2019224,1842,LM,False,,"[64, 64]",31.05,128.62,,,,"Train,Train_no_overlap,Train_phase4",train_grp,True,False,False,True,True,False,LM_2019224,0.324569
Tensor_Longmen_A2019225.1824.npz,2019,225,2019225,1824,LM,False,,"[64, 64]",20.03,131.72,,,,"Train,Train_no_overlap,Train_phase4",train_grp,True,False,False,True,True,False,LM_2019225,0.337757
Tensor_Longmen_A2019226.1806.npz,2019,226,2019226,1806,LM,False,,"[64, 64]",9.35,134.59,,,,"Train,Train_no_overlap,Train_phase4",train_grp,True,False,False,True,True,False,LM_2019226,0.333256
Tensor_Longmen_A2019227.1748.npz,2019,227,2019227,1748,LM,False,,"[64, 64]",4.14,137.17,,,,"Train,Train_no_overlap,Train_phase4",train_grp,True,False,False,True,True,False,LM_2019227,0.321046
Tensor_Longmen_A2019228.1730.npz,2019,228,2019228,1730,LM,False,,"[64, 64]",13.66,139.41,,,,"Train,Train_no_overlap,Train_phase4",train_grp,True,False,False,True,True,False,LM_2019228,0.322041
Tensor_Longmen_A2019229.1712.npz,2019,229,2019229,1712,LM,False,,"[64, 64]",24.37,141.42,,,,"Train,Train_no_overlap,Train_phase4",train_grp,True,False,False,True,True,False,LM_2019229,0.319682
Tensor_Longmen_A2019229.1848.npz,2019,229,2019229,1848,LM,False,,"[64, 64]",24.77,128.57,,,,"Train,Train_no_overlap,Train_phase4",train_grp,True,False,False,True,True,False,LM_2019229,0.334
Tensor_Longmen_A2019230.1830.npz,2019,230,2019230,1830,LM,False,,"[64, 64]",35.61,131.83,,,,"Train,Train_no_overlap,Train_phase4",train_grp,True,False,False,True,True,False,LM_2019230,0.306287
Tensor_Longmen_A2019231.1812.npz,2019,231,2019231,1812,LM,False,,"[64, 64]",46.52,134.88,,,,"Train,Train_no_overlap,Train_phase4",train_grp,True,False,False,True,True,False,LM_2019231,0.314766
Tensor_Longmen_A2019232.1754.npz,2019,232,2019232,1754,LM,False,,"[64, 64]",57.54,137.67,,,,"Train,Train_no_overlap,Train_phase4",train_grp,True,False,False,True,True,False,LM_2019232,0.306783
Tensor_Longmen_A2019233.1736.npz,2019,233,2019233,1736,LM,False,,"[64, 64]",68.69,140.15,,,,"Train,Train_no_overlap,Val_phase4",train_grp,True,False,False,True,False,True,LM_2019233,0.3166
Tensor_Longmen_A2019234.1718.npz,2019,234,2019234,1718,LM,False,,"[64, 64]",80.04,142.23,,,,"Train,Train_no_overlap,Val_phase4",train_grp,True,False,False,True,False,True,LM_2019234,0.331268
Tensor_Longmen_A2019235.1836.npz,2019,235,2019235,1836,LM,False,,"[64, 64]",92.35,131.86,,,,"Train,Train_no_overlap,Val_phase4",train_grp,True,False,False,True,False,True,LM_2019235,0.279735
Tensor_Longmen_A2019236.1818.npz,2019,236,2019236,1818,LM,False,,"[64, 64]",104.37,135.09,,,,"Train,Train_no_overlap,Train_phase4",train_grp,True,False,False,True,True,False,LM_2019236,0.315806
Tensor_Longmen_A2019237.1800.npz,2019,237,2019237,1800,LM,False,,"[64, 64]",116.76,138.08,,,,"Train,Train_no_overlap,Train_phase4",val_grp,True,False,False,True,True,False,LM_2019237,0.319071
Tensor_Longmen_A2019238.1742.npz,2019,238,2019238,1742,LM,False,,"[64, 64]",129.52,140.79,,,,"Train,Train_no_overlap,Train_phase4",train_grp,True,False,False,True,True,False,LM_2019238,0.328481
Tensor_Longmen_A2019239.1724.npz,2019,239,2019239,1724,LM,False,,"[64, 64]",142.64,143.13,,,,"Train,Train_no_overlap,Train_phase4",train_grp,True,False,False,True,True,False,LM_2019239,0.323791
Tensor_Longmen_A2019240.1842.npz,2019,240,2019240,1842,LM,False,,"[64, 64]",157.24,131.79,,,,"Train,Train_no_overlap,Train_phase4",train_grp,True,False,False,True,True,False,LM_2019240,0.323203
Tensor_Longmen_A2019241.1824.npz,2019,241,2019241,1824,LM,False,,"[64, 64]",170.64,135.19,,,,"Train,Train_no_overlap,Val_phase4",train_grp,True,False,False,True,False,True,LM_2019241,0.32865
Tensor_Longmen_A2019242.1806.npz,2019,242,2019242,1806,LM,False,,"[64, 64]",173.7,138.39,,,,"Train,Train_no_overlap,Val_phase4",train_grp,True,False,False,True,False,True,LM_2019242,0.33684
Tensor_Longmen_A2019243.1748.npz,2019,243,2019243,1748,LM,False,,"[64, 64]",160.63,141.32,,,,"Train,Train_no_overlap,Train_phase4",train_grp,True,False,False,True,True,False,LM_2019243,0.338336
Tensor_Longmen_A2019244.1730.npz,2019,244,2019244,1730,LM,False,,"[64, 64]",147.14,143.93,,,,"Train,Train_no_overlap,Train_phase4",train_grp,True,False,False,True,True,False,LM_2019244,0.327466
Tensor_Longmen_A2019245.1712.npz,2019,245,2019245,1712,LM,False,,"[64, 64]",133.87,146.29,,,,"Train,Train_no_overlap,Val_phase4",train_grp,True,False,False,True,False,True,LM_2019245,0.334802
Tensor_Longmen_A2019245.1848.npz,2019,245,2019245,1848,LM,False,,"[64, 64]",132.59,131.61,,,,"Train,Train_no_overlap,Train_phase4",train_grp,True,False,False,True,True,False,LM_2019245,0.324574
Tensor_Longmen_A2019246.1830.npz,2019,246,2019246,1830,LM,False,,"[64, 64]",119.74,135.18,,,,"Train,Train_no_overlap,Val_phase4",train_grp,True,False,False,True,False,True,LM_2019246,0.295309
Tensor_Longmen_A2019247.1812.npz,2019,247,2019247,1812,LM,False,,"[64, 64]",107.29,138.56,,,,"Train,Train_no_overlap,Val_phase4",train_grp,True,False,False,True,False,True,LM_2019247,0.337719
Tensor_Longmen_A2019248.1754.npz,2019,248,2019248,1754,LM,False,,"[64, 64]",95.22,141.71,,,,"Train,Train_no_overlap,Val_phase4",train_grp,True,False,False,True,False,True,LM_2019248,0.328711
Tensor_Longmen_A2019249.1736.npz,2019,249,2019249,1736,LM,False,,"[64, 64]",83.48,144.58,,,,"Train,Train_no_overlap,Train_phase4",train_grp,True,False,False,True,True,False,LM_2019249,0.306969
Tensor_Longmen_A2019250.1718.npz,2019,250,2019250,1718,LM,False,,"[64, 64]",72.03,147.07,,,,"Train,Train_no_overlap,Train_phase4",train_grp,True,False,False,True,True,False,LM_2019250,0.306417
Tensor_Longmen_A2019251.1836.npz,2019,251,2019251,1836,LM,False,,"[64, 64]",60.04,135.04,,,,"Train,Train_no_overlap,Train_phase4",train_grp,True,False,False,True,True,False,LM_2019251,0.319555
Tensor_Longmen_A2019252.1818.npz,2019,252,2019252,1818,LM,False,,"[64, 64]",49.09,138.59,,,,"Train,Train_no_overlap,Train_phase4",train_grp,True,False,False,True,True,False,LM_2019252,0.328797
Tensor_Longmen_A2019253.1800.npz,2019,253,2019253,1800,LM,False,,"[64, 64]",38.25,141.96,,,,"Train,Train_no_overlap,Train_phase4",val_grp,True,False,False,True,True,False,LM_2019253,0.313064
Tensor_Longmen_A2019254.1742.npz,2019,254,2019254,1742,LM,False,,"[64, 64]",27.51,145.07,,,,"Train,Train_no_overlap,Train_phase4",train_grp,True,False,False,True,True,False,LM_2019254,0.317087
Tensor_Longmen_A2019255.1724.npz,2019,255,2019255,1724,LM,False,,"[64, 64]",16.95,147.85,,,,"Train,Train_no_overlap,Train_phase4",val_grp,True,False,False,True,True,False,LM_2019255,0.324792
Tensor_Longmen_A2019256.1842.npz,2019,256,2019256,1842,LM,False,,"[64, 64]",6.87,134.76,,,,"Train,Train_no_overlap,Train_phase4",train_grp,True,False,False,True,True,False,LM_2019256,0.316053
Tensor_Longmen_A2019257.1824.npz,2019,257,2019257,1824,LM,False,,"[64, 64]",7.7,138.48,,,,"Train,Train_no_overlap,Train_phase4",train_grp,True,False,False,True,True,False,LM_2019257,0.31673
Tensor_Longmen_A2019258.1806.npz,2019,258,2019258,1806,LM,False,,"[64, 64]",17.6,142.04,,,,"Train,Train_no_overlap,Train_phase4",train_grp,True,False,False,True,True,False,LM_2019258,0.327149
Tensor_Longmen_A2019259.1748.npz,2019,259,2019259,1748,LM,False,,"[64, 64]",28.36,145.39,,,,"Train,Train_no_overlap,Train_phase4",val_grp,True,False,False,True,True,False,LM_2019259,0.315072
Tensor_Longmen_A2019260.1730.npz,2019,260,2019260,1730,LM,False,,"[64, 64]",39.38,148.43,,,,"Train,Train_no_overlap,Train_phase4",train_grp,True,False,False,True,True,False,LM_2019260,0.325908
Tensor_Longmen_A2019261.1712.npz,2019,261,2019261,1712,LM,False,,"[64, 64]",50.58,151.27,,,,"Train,Train_no_overlap,Train_phase4",train_grp,True,False,False,True,True,False,LM_2019261,0.33105
Tensor_Longmen_A2019261.1848.npz,2019,261,2019261,1848,LM,False,,"[64, 64]",51.04,134.36,,,,"Train,Train_no_overlap,Val_phase4",train_grp,True,False,False,True,False,True,LM_2019261,0.30442
Tensor_Longmen_A2019262.1830.npz,2019,262,2019262,1830,LM,False,,"[64, 64]",62.5,138.23,,,,"Train,Train_no_overlap,Train_phase4",val_grp,True,False,False,True,True,False,LM_2019262,0.279458
Tensor_Longmen_A2019263.1812.npz,2019,263,2019263,1812,LM,False,,"[64, 64]",74.19,141.96,,,,"Train,Train_no_overlap,Train_phase4",train_grp,True,False,False,True,True,False,LM_2019263,0.287338
Tensor_Longmen_A2019264.1754.npz,2019,264,2019264,1754,LM,False,,"[64, 64]",86.17,145.51,,,,"Train,Train_no_overlap,Val_phase4",train_grp,True,False,False,True,False,True,LM_2019264,0.280949
Tensor_Longmen_A2019265.1736.npz,2019,265,2019265,1736,LM,False,,"[64, 64]",98.45,148.83,,,,"Train,Train_no_overlap,Val_phase4",train_grp,True,False,False,True,False,True,LM_2019265,0.292754
Tensor_Longmen_A2019266.1718.npz,2019,266,2019266,1718,LM,False,,"[64, 64]",111.06,151.81,,,,"Train,Train_no_overlap,Train_phase4",train_grp,True,False,False,True,True,False,LM_2019266,0.300436
Tensor_Longmen_A2019267.1836.npz,2019,267,2019267,1836,LM,False,,"[64, 64]",124.98,137.83,,,,"Train,Train_no_overlap,Train_phase4",val_grp,True,False,False,True,True,False,LM_2019267,0.290205
Tensor_Longmen_A2019268.1818.npz,2019,268,2019268,1818,LM,False,,"[64, 64]",138.34,141.72,,,,"Train,Train_no_overlap,Train_phase4",train_grp,True,False,False,True,True,False,LM_2019268,0.292987
Tensor_Longmen_A2019269.1800.npz,2019,269,2019269,1800,LM,False,,"[64, 64]",151.88,145.46,,,,"Train,Train_no_overlap,Train_phase4",train_grp,True,False,False,True,True,False,LM_2019269,0.288761
Tensor_Longmen_A2019270.1742.npz,2019,270,2019270,1742,LM,False,,"[64, 64]",165.31,149.02,,,,"Train,Train_no_overlap,Train_phase4",val_grp,True,False,False,True,True,False,LM_2019270,0.285242
Tensor_Longmen_A2019271.1724.npz,2019,271,2019271,1724,LM,False,,"[64, 64]",175.34,152.28,,,,"Train,Train_no_overlap,Train_phase4",val_grp,True,False,False,True,True,False,LM_2019271,0.304531
Tensor_Longmen_A2019272.1842.npz,2019,272,2019272,1842,LM,False,,"[64, 64]",164.39,137.31,,,,"Train,Train_no_overlap,Train_phase4",train_grp,True,False,False,True,True,False,LM_2019272,0.294528
Tensor_Longmen_A2019273.1824.npz,2019,273,2019273,1824,LM,False,,"[64, 64]",151.35,141.33,,,,"Train,Train_no_overlap,Train_phase4",val_grp,True,False,False,True,True,False,LM_2019273,0.305528
Tensor_Longmen_A2019274.1806.npz,2019,274,2019274,1806,LM,False,,"[64, 64]",138.47,145.24,,,,"Train,Train_no_overlap,Train_phase4",train_grp,True,False,False,True,True,False,LM_2019274,0.287813
Tensor_Longmen_A2019275.1748.npz,2019,275,2019275,1748,LM,False,,"[64, 64]",125.95,148.99,,,,"Train,Train_no_overlap,Train_phase4",train_grp,True,False,False,True,True,False,LM_2019275,0.283566
Tensor_Longmen_A2019276.1730.npz,2019,276,2019276,1730,LM,False,,"[64, 64]",113.83,152.52,,,,"Train,Train_no_overlap,Train_phase4",train_grp,True,False,False,True,True,False,LM_2019276,0.287607
Tensor_Longmen_A2019277.1848.npz,2019,277,2019277,1848,LM,False,,"[64, 64]",101.04,136.68,,,,"Train,Train_no_overlap,Train_phase4",train_grp,True,False,False,True,True,False,LM_2019277,0.297132
Tensor_Longmen_A2019278.1830.npz,2019,278,2019278,1830,LM,False,,"[64, 64]",89.72,140.79,,,,"Train,Train_no_overlap,Train_phase4",train_grp,True,False,False,True,True,False,LM_2019278,0.319071
Tensor_Longmen_A2019279.1812.npz,2019,279,2019279,1812,LM,False,,"[64, 64]",78.67,144.83,,,,"Train,Train_no_overlap,Train_phase4",val_grp,True,False,False,True,True,False,LM_2019279,0.332345
Tensor_Longmen_A2019280.1754.npz,2019,280,2019280,1754,LM,False,,"[64, 64]",67.8,148.76,,,,"Train,Train_no_overlap,Train_phase4",train_grp,True,False,False,True,True,False,LM_2019280,0.321371
Tensor_Longmen_A2019281.1736.npz,2019,281,2019281,1736,LM,False,,"[64, 64]",57.05,152.53,,,,"Train,Train_no_overlap,Train_phase4",train_grp,True,False,False,True,True,False,LM_2019281,0.323653
Tensor_Longmen_A2019282.1718.npz,2019,282,2019282,1718,LM,False,,"[64, 64]",46.36,156.04,,,,"Train,Train_no_overlap,Train_phase4",train_grp,True,False,False,True,True,False,LM_2019282,0.324027
Tensor_Longmen_A2019283.1836.npz,2019,283,2019283,1836,LM,False,,"[64, 64]",35.08,140.15,,,,"Train,Train_no_overlap,Train_phase4",train_grp,True,False,False,True,True,False,LM_2019283,0.269617
Tensor_Longmen_A2019284.1818.npz,2019,284,2019284,1818,LM,False,,"[64, 64]",24.48,144.29,,,,"Train,Train_no_overlap,Val_phase4",train_grp,True,False,False,True,False,True,LM_2019284,0.2959
Tensor_Longmen_A2019285.1800.npz,2019,285,2019285,1800,LM,False,,"[64, 64]",14.03,148.36,,,,"Train,Train_no_overlap,Val_phase4",train_grp,True,False,False,True,False,True,LM_2019285,0.328135
Tensor_Longmen_A2019286.1742.npz,2019,286,2019286,1742,LM,False,,"[64, 64]",5.51,152.31,,,,"Train,Train_no_overlap,Train_phase4",train_grp,True,False,False,True,True,False,LM_2019286,0.326041
Tensor_Longmen_A2019287.1724.npz,2019,287,2019287,1724,LM,False,,"[64, 64]",10.44,156.07,,,,"Train,Train_no_overlap,Train_phase4",train_grp,True,False,False,True,True,False,LM_2019287,0.334823
Tensor_Longmen_A2019288.1842.npz,2019,288,2019288,1842,LM,False,,"[64, 64]",21.46,139.39,,,,"Train,Train_no_overlap,Train_phase4",train_grp,True,False,False,True,True,False,LM_2019288,0.321989
Tensor_Longmen_A2019289.1824.npz,2019,289,2019289,1824,LM,False,,"[64, 64]",32.75,143.63,,,,"Train,Train_no_overlap,Train_phase4",train_grp,True,False,False,True,True,False,LM_2019289,0.299369
Tensor_Longmen_A2019290.1806.npz,2019,290,2019290,1806,LM,False,,"[64, 64]",44.34,147.81,,,,"Train,Train_no_overlap,Val_phase4",val_grp,True,False,False,True,False,True,LM_2019290,0.298708
Tensor_Longmen_A2019291.1748.npz,2019,291,2019291,1748,LM,False,,"[64, 64]",56.17,151.9,,,,"Train,Train_no_overlap,Train_phase4",train_grp,True,False,False,True,True,False,LM_2019291,0.288139
Tensor_Longmen_A2019292.1730.npz,2019,292,2019292,1730,LM,False,,"[64, 64]",68.22,155.87,,,,"Train,Train_no_overlap,Train_phase4",train_grp,True,False,False,True,True,False,LM_2019292,0.294556
Tensor_Longmen_A2019293.1848.npz,2019,293,2019293,1848,LM,False,,"[64, 64]",81.16,138.58,,,,"Train,Train_no_overlap,Val_phase4",train_grp,True,False,False,True,False,True,LM_2019293,0.293747
Tensor_Longmen_A2019294.1830.npz,2019,294,2019294,1830,LM,False,,"[64, 64]",93.81,142.87,,,,"Train,Train_no_overlap,Train_phase4",train_grp,True,False,False,True,True,False,LM_2019294,0.29247
Tensor_Longmen_A2019295.1812.npz,2019,295,2019295,1812,LM,False,,"[64, 64]",106.71,147.13,,,,"Train,Train_no_overlap,Val_phase4",train_grp,True,False,False,True,False,True,LM_2019295,0.305674
Tensor_Longmen_A2019296.1754.npz,2019,296,2019296,1754,LM,False,,"[64, 64]",119.84,151.34,,,,"Train,Train_no_overlap,Val_phase4",train_grp,True,False,False,True,False,True,LM_2019296,0.317907
Tensor_Longmen_A2019297.1736.npz,2019,297,2019297,1736,LM,False,,"[64, 64]",133.15,155.46,,,,"Train,Train_no_overlap,Train_phase4",train_grp,True,False,False,True,True,False,LM_2019297,0.288649
Tensor_Longmen_A2019298.1718.npz,2019,298,2019298,1718,LM,False,,"[64, 64]",146.55,159.45,,,,"Train,Train_no_overlap,Val_phase4",val_grp,True,False,False,True,False,True,LM_2019298,0.318362
Tensor_Longmen_A2019299.1836.npz,2019,299,2019299,1836,LM,False,,"[64, 64]",161.05,142.05,,,,"Train,Train_no_overlap,Train_phase4",train_grp,True,False,False,True,True,False,LM_2019299,0.301093
Tensor_Longmen_A2019300.1818.npz,2019,300,2019300,1818,LM,False,,"[64, 64]",173.32,146.36,,,,"Train,Train_no_overlap,Train_phase4",train_grp,True,False,False,True,True,False,LM_2019300,0.292404
Tensor_Longmen_A2019301.1800.npz,2019,301,2019301,1800,LM,False,,"[64, 64]",170.46,150.65,,,,"Train,Train_no_overlap,Train_phase4",val_grp,True,False,False,True,True,False,LM_2019301,0.290477
Tensor_Longmen_A2019302.1742.npz,2019,302,2019302,1742,LM,False,,"[64, 64]",158.16,154.88,,,,"Train,Train_no_overlap,Train_phase4",train_grp,True,False,False,True,True,False,LM_2019302,0.31767
Tensor_Longmen_A2019303.1724.npz,2019,303,2019303,1724,LM,False,,"[64, 64]",145.73,159.03,,,,"Train,Train_no_overlap,Train_phase4",val_grp,True,False,False,True,True,False,LM_2019303,0.338221
Tensor_Longmen_A2019304.1842.npz,2019,304,2019304,1842,LM,False,,"[64, 64]",132.41,141.17,,,,"Train,Train_no_overlap,Train_phase4",train_grp,True,False,False,True,True,False,LM_2019304,0.318701
Tensor_Longmen_A2019305.1824.npz,2019,305,2019305,1824,LM,False,,"[64, 64]",120.71,145.53,,,,"Train,Train_no_overlap,Train_phase4",train_grp,True,False,False,True,True,False,LM_2019305,0.309356
Tensor_Longmen_A2019306.1806.npz,2019,306,2019306,1806,LM,False,,"[64, 64]",109.36,149.87,,,,"Train,Train_no_overlap,Train_phase4",train_grp,True,False,False,True,True,False,LM_2019306,0.328867
Tensor_Longmen_A2019307.1748.npz,2019,307,2019307,1748,LM,False,,"[64, 64]",98.29,154.18,,,,"Train,Train_no_overlap,Train_phase4",train_grp,True,False,False,True,True,False,LM_2019307,0.303885
Tensor_Longmen_A2019308.1730.npz,2019,308,2019308,1730,LM,False,,"[64, 64]",87.43,158.44,,,,"Train,Train_no_overlap,Train_phase4",train_grp,True,False,False,True,True,False,LM_2019308,0.299497
Tensor_Longmen_A2019309.1848.npz,2019,309,2019309,1848,LM,False,,"[64, 64]",75.86,140.27,,,,"Train,Train_no_overlap,Train_phase4",train_grp,True,False,False,True,True,False,LM_2019309,0.282683
Tensor_Longmen_A2019310.1830.npz,2019,310,2019310,1830,LM,False,,"[64, 64]",65.28,144.65,,,,"Train,Train_no_overlap,Train_phase4",train_grp,True,False,False,True,True,False,LM_2019310,0.294003
Tensor_Longmen_A2019311.1812.npz,2019,311,2019311,1812,LM,False,,"[64, 64]",54.67,149.02,,,,"Train,Train_no_overlap,Train_phase4",train_grp,True,False,False,True,True,False,LM_2019311,0.287033
Tensor_Longmen_A2019312.1754.npz,2019,312,2019312,1754,LM,False,,"[64, 64]",43.96,153.38,,,,"Train,Train_no_overlap,Train_phase4",train_grp,True,False,False,True,True,False,LM_2019312,0.293661
Tensor_Longmen_A2019313.1736.npz,2019,313,2019313,1736,LM,False,,"[64, 64]",33.12,157.72,,,,"Train,Train_no_overlap,Train_phase4",train_grp,True,False,False,True,True,False,LM_2019313,0.304363
Tensor_Longmen_A2019314.1718.npz,2019,314,2019314,1718,LM,False,,"[64, 64]",22.13,162.03,,,,"Train,Train_no_overlap,Train_phase4",train_grp,True,False,False,True,True,False,LM_2019314,0.311199
Tensor_Longmen_A2019315.1836.npz,2019,315,2019315,1836,LM,False,,"[64, 64]",10.68,143.76,,,,"Train,Train_no_overlap,Train_phase4",train_grp,True,False,False,True,True,False,LM_2019315,0.277125
Tensor_Longmen_A2019316.1818.npz,2019,316,2019316,1818,LM,False,,"[64, 64]",4.22,148.14,,,,"Train,Train_no_overlap,Train_phase4",train_grp,True,False,False,True,True,False,LM_2019316,0.285726
Tensor_Longmen_A2019317.1800.npz,2019,317,2019317,1800,LM,False,,"[64, 64]",13.94,152.53,,,,"Train,Train_no_overlap,Train_phase4",train_grp,True,False,False,True,True,False,LM_2019317,0.289251
Tensor_Longmen_A2019318.1742.npz,2019,318,2019318,1742,LM,False,,"[64, 64]",25.7,156.92,,,,"Train,Train_no_overlap,Val_phase4",train_grp,True,False,False,True,False,True,LM_2019318,0.289172
Tensor_Longmen_A2019319.1724.npz,2019,319,2019319,1724,LM,False,,"[64, 64]",37.83,161.27,,,,"Train,Train_no_overlap,Train_phase4",train_grp,True,False,False,True,True,False,LM_2019319,0.303006
Tensor_Longmen_A2019320.1842.npz,2019,320,2019320,1842,LM,False,,"[64, 64]",50.7,142.86,,,,"Train,Train_no_overlap,Train_phase4",train_grp,True,False,False,True,True,False,LM_2019320,0.275447
Tensor_Longmen_A2019321.1824.npz,2019,321,2019321,1824,LM,False,,"[64, 64]",63.29,147.25,,,,"Train,Train_no_overlap,Train_phase4",train_grp,True,False,False,True,True,False,LM_2019321,0.290688
Tensor_Longmen_A2019322.1806.npz,2019,322,2019322,1806,LM,False,,"[64, 64]",76.05,151.66,,,,"Train,Train_no_overlap,Train_phase4",train_grp,True,False,False,True,True,False,LM_2019322,0.303879
Tensor_Longmen_A2019323.1748.npz,2019,323,2019323,1748,LM,False,,"[64, 64]",88.93,156.07,,,,"Train,Train_no_overlap,Train_phase4",train_grp,True,False,False,True,True,False,LM_2019323,0.293407
Tensor_Longmen_A2019324.1730.npz,2019,324,2019324,1730,LM,False,,"[64, 64]",101.92,160.47,,,,"Train,Train_no_overlap,Train_phase4",train_grp,True,False,False,True,True,False,LM_2019324,0.28882
Tensor_Longmen_A2019325.1848.npz,2019,325,2019325,1848,LM,False,,"[64, 64]",115.91,141.98,,,,"Train,Train_no_overlap,Train_phase4",val_grp,True,False,False,True,True,False,LM_2019325,0.280429
Tensor_Longmen_A2019326.1830.npz,2019,326,2019326,1830,LM,False,,"[64, 64]",129.12,146.37,,,,"Train,Train_no_overlap,Train_phase4",val_grp,True,False,False,True,True,False,LM_2019326,0.279095
Tensor_Longmen_A2019327.1812.npz,2019,327,2019327,1812,LM,False,,"[64, 64]",142.31,150.78,,,,"Train,Train_no_overlap,Train_phase4",val_grp,True,False,False,True,True,False,LM_2019327,0.28864
Tensor_Longmen_A2019328.1754.npz,2019,328,2019328,1754,LM,False,,"[64, 64]",155.37,155.19,,,,"Train,Train_no_overlap,Train_phase4",train_grp,True,False,False,True,True,False,LM_2019328,0.310682
Tensor_Longmen_A2019329.1736.npz,2019,329,2019329,1736,LM,False,,"[64, 64]",168.13,159.61,,,,"Train,Train_no_overlap,Train_phase4",train_grp,True,False,False,True,True,False,LM_2019329,0.32678
Tensor_Longmen_A2019331.1836.npz,2019,331,2019331,1836,LM,False,,"[64, 64]",164.82,145.51,,,,"Train,Train_no_overlap,Train_phase4",val_grp,True,False,False,True,True,False,LM_2019331,0.28251
Tensor_Longmen_A2019332.1818.npz,2019,332,2019332,1818,LM,False,,"[64, 64]",152.87,149.91,,,,"Train,Train_no_overlap,Train_phase4",train_grp,True,False,False,True,True,False,LM_2019332,0.278299
Tensor_Longmen_A2019333.1800.npz,2019,333,2019333,1800,LM,False,,"[64, 64]",141.19,154.31,,,,"Train,Train_no_overlap,Train_phase4",train_grp,True,False,False,True,True,False,LM_2019333,0.294711
Tensor_Longmen_A2019334.1742.npz,2019,334,2019334,1742,LM,False,,"[64, 64]",129.83,158.75,,,,"Train,Train_no_overlap,Train_phase4",train_grp,True,False,False,True,True,False,LM_2019334,0.298247
Tensor_Longmen_A2019337.1824.npz,2019,337,2019337,1824,LM,False,,"[64, 64]",96.22,149.05,,,,"Train,Train_no_overlap,Train_phase4",train_grp,True,False,False,True,True,False,LM_2019337,0.303065
Tensor_Longmen_A2019338.1806.npz,2019,338,2019338,1806,LM,False,,"[64, 64]",85.65,153.46,,,,"Train,Train_no_overlap,Train_phase4",train_grp,True,False,False,True,True,False,LM_2019338,0.310474
Tensor_Longmen_A2019339.1748.npz,2019,339,2019339,1748,LM,False,,"[64, 64]",75.05,157.88,,,,"Train,Train_no_overlap,Val_phase4",val_grp,True,False,False,True,False,True,LM_2019339,0.328624
Tensor_Longmen_A2019340.1730.npz,2019,340,2019340,1730,LM,False,,"[64, 64]",64.34,162.3,,,,"Train,Train_no_overlap,Val_phase4",train_grp,True,False,False,True,False,True,LM_2019340,0.288313
Tensor_Longmen_A2019341.1706.npz,2019,341,2019341,1706,LM,False,,"[64, 64]",53.45,166.73,,,,"Train,Train_no_overlap,Train_phase4",train_grp,True,False,False,True,True,False,LM_2019341,0.300545
Tensor_Longmen_A2019341.1848.npz,2019,341,2019341,1848,LM,False,,"[64, 64]",52.75,143.82,,,,"Train,Train_no_overlap,Train_phase4",train_grp,True,False,False,True,True,False,LM_2019341,0.269887
Tensor_Longmen_A2019342.1830.npz,2019,342,2019342,1830,LM,False,,"[64, 64]",41.68,148.21,,,,"Train,Train_no_overlap,Val_phase4",train_grp,True,False,False,True,False,True,LM_2019342,0.328448
Tensor_Longmen_A2019343.1812.npz,2019,343,2019343,1812,LM,False,,"[64, 64]",30.31,152.6,,,,"Train,Train_no_overlap,Train_phase4",train_grp,True,False,False,True,True,False,LM_2019343,0.339267
Tensor_Longmen_A2019344.1754.npz,2019,344,2019344,1754,LM,False,,"[64, 64]",18.61,157.02,,,,"Train,Train_no_overlap,Train_phase4",train_grp,True,False,False,True,True,False,LM_2019344,0.294616
Tensor_Longmen_A2019345.1736.npz,2019,345,2019345,1736,LM,False,,"[64, 64]",6.67,161.44,,,,"Train,Train_no_overlap,Train_phase4",train_grp,True,False,False,True,True,False,LM_2019345,0.291987
Tensor_Longmen_A2019347.1836.npz,2019,347,2019347,1836,LM,False,,"[64, 64]",19.17,147.39,,,,"Train,Train_no_overlap,Val_phase4",train_grp,True,False,False,True,False,True,LM_2019347,0.280047
Tensor_Longmen_A2019348.1818.npz,2019,348,2019348,1818,LM,False,,"[64, 64]",32.03,151.77,,,,"Train,Train_no_overlap,Train_phase4",train_grp,True,False,False,True,True,False,LM_2019348,0.286177
Tensor_Longmen_A2019349.1800.npz,2019,349,2019349,1800,LM,False,,"[64, 64]",45.05,156.17,,,,"Train,Train_no_overlap,Train_phase4",train_grp,True,False,False,True,True,False,LM_2019349,0.281295
Tensor_Longmen_A2019350.1742.npz,2019,350,2019350,1742,LM,False,,"[64, 64]",58.15,160.59,,,,"Train,Train_no_overlap,Val_phase4",train_grp,True,False,False,True,False,True,LM_2019350,0.289587
Tensor_Longmen_A2019351.1724.npz,2019,351,2019351,1724,LM,False,,"[64, 64]",71.26,165.03,,,,"Train,Train_no_overlap,Val_phase4",val_grp,True,False,False,True,False,True,LM_2019351,0.329484
Tensor_Longmen_A2019352.1842.npz,2019,352,2019352,1842,LM,False,,"[64, 64]",85.06,146.56,,,,"Train,Train_no_overlap,Train_phase4",train_grp,True,False,False,True,True,False,LM_2019352,0.309762
Tensor_Longmen_A2019353.1824.npz,2019,353,2019353,1824,LM,False,,"[64, 64]",98.15,150.93,,,,"Train,Train_no_overlap,Train_phase4",val_grp,True,False,False,True,True,False,LM_2019353,0.295615
Tensor_Longmen_A2019354.1806.npz,2019,354,2019354,1806,LM,False,,"[64, 64]",111.14,155.34,,,,"Train,Train_no_overlap,Train_phase4",train_grp,True,False,False,True,True,False,LM_2019354,0.32116
Tensor_Longmen_A2019355.1748.npz,2019,355,2019355,1748,LM,False,,"[64, 64]",124.0,159.75,,,,"Train,Train_no_overlap,Train_phase4",train_grp,True,False,False,True,True,False,LM_2019355,0.318854
Tensor_Longmen_A2019356.1730.npz,2019,356,2019356,1730,LM,False,,"[64, 64]",136.7,164.17,,,,"Train,Train_no_overlap,Val_phase4",val_grp,True,False,False,True,False,True,LM_2019356,0.300979
Tensor_Longmen_A2019358.1830.npz,2019,358,2019358,1830,LM,False,,"[64, 64]",162.7,150.09,,,,"Train,Train_no_overlap,Train_phase4",train_grp,True,False,False,True,True,False,LM_2019358,0.284208
Tensor_Longmen_A2019359.1812.npz,2019,359,2019359,1812,LM,False,,"[64, 64]",174.8,154.47,,,,"Train,Train_no_overlap,Train_phase4",train_grp,True,False,False,True,True,False,LM_2019359,0.284639
Tensor_Longmen_A2019360.1754.npz,2019,360,2019360,1754,LM,False,,"[64, 64]",173.34,158.89,,,,"Train,Train_no_overlap,Train_phase4",train_grp,True,False,False,True,True,False,LM_2019360,0.319449
Tensor_Longmen_A2019361.1736.npz,2019,361,2019361,1736,LM,False,,"[64, 64]",161.79,163.3,,,,"Train,Train_no_overlap,Train_phase4",val_grp,True,False,False,True,True,False,LM_2019361,0.295284
Tensor_Longmen_A2019363.1836.npz,2019,363,2019363,1836,LM,False,,"[64, 64]",138.36,149.23,,,,"Train,Train_no_overlap,Train_phase4",train_grp,True,False,False,True,True,False,LM_2019363,0.290052
Tensor_Longmen_A2019364.1818.npz,2019,364,2019364,1818,LM,False,,"[64, 64]",127.57,153.6,,,,"Train,Train_no_overlap,Train_phase4",train_grp,True,False,False,True,True,False,LM_2019364,0.306114
Tensor_Longmen_A2019365.1800.npz,2019,365,2019365,1800,LM,False,,"[64, 64]",116.94,157.99,,,,"Train,Train_no_overlap,Train_phase4",train_grp,True,False,False,True,True,False,LM_2019365,0.300741
Tensor_Longmen_A2021001.1818.npz,2021,1,2021001,1818,LM,False,,"[64, 64]",31.5,153.88,,,,"Train,Train_no_overlap,Train_phase4",train_grp,True,False,False,True,True,False,LM_2021001,0.284407
Tensor_Longmen_A2021002.1800.npz,2021,2,2021002,1800,LM,False,,"[64, 64]",43.87,158.27,,,,"Train,Train_no_overlap,Val_phase4",train_grp,True,False,False,True,False,True,LM_2021002,0.290432
Tensor_Longmen_A2021003.1742.npz,2021,3,2021003,1742,LM,False,,"[64, 64]",56.42,162.68,,,,"Train,Train_no_overlap,Train_phase4",train_grp,True,False,False,True,True,False,LM_2021003,0.318951
Tensor_Longmen_A2021005.1842.npz,2021,5,2021005,1842,LM,False,,"[64, 64]",82.59,148.53,,,,"Train,Train_no_overlap,Val_phase4",train_grp,True,False,False,True,False,True,LM_2021005,0.28151
Tensor_Longmen_A2021006.1824.npz,2021,6,2021006,1824,LM,False,,"[64, 64]",95.57,152.89,,,,"Train,Train_no_overlap,Train_phase4",train_grp,True,False,False,True,True,False,LM_2021006,0.301326
Tensor_Longmen_A2021007.1806.npz,2021,7,2021007,1806,LM,False,,"[64, 64]",108.62,157.27,,,,"Train,Train_no_overlap,Train_phase4",train_grp,True,False,False,True,True,False,LM_2021007,0.286858
Tensor_Longmen_A2021008.1748.npz,2021,8,2021008,1748,LM,False,,"[64, 64]",121.71,161.64,,,,"Train,Train_no_overlap,Val_phase4",train_grp,True,False,False,True,False,True,LM_2021008,0.292279
Tensor_Longmen_A2021009.1730.npz,2021,9,2021009,1730,LM,False,,"[64, 64]",134.79,166.02,,,,"Train,Train_no_overlap,Val_phase4",train_grp,True,False,False,True,False,True,LM_2021009,0.282962
Tensor_Longmen_A2021010.1848.npz,2021,10,2021010,1848,LM,False,,"[64, 64]",148.94,147.47,,,,"Train,Train_no_overlap,Train_phase4",val_grp,True,False,False,True,True,False,LM_2021010,0.268513
Tensor_Longmen_A2021011.1830.npz,2021,11,2021011,1830,LM,False,,"[64, 64]",161.83,151.81,,,,"Train,Train_no_overlap,Train_phase4",val_grp,True,False,False,True,True,False,LM_2021011,0.287512
Tensor_Longmen_A2021012.1812.npz,2021,12,2021012,1812,LM,False,,"[64, 64]",174.08,156.16,,,,"Train,Train_no_overlap,Train_phase4",train_grp,True,False,False,True,True,False,LM_2021012,0.297669
Tensor_Longmen_A2021013.1754.npz,2021,13,2021013,1754,LM,False,,"[64, 64]",172.08,160.52,,,,"Train,Train_no_overlap,Train_phase4",train_grp,True,False,False,True,True,False,LM_2021013,0.324305
Tensor_Longmen_A2021014.1736.npz,2021,14,2021014,1736,LM,False,,"[64, 64]",160.23,164.86,,,,"Train,Train_no_overlap,Train_phase4",train_grp,True,False,False,True,True,False,LM_2021014,0.300489
Tensor_Longmen_A2021016.1836.npz,2021,16,2021016,1836,LM,False,,"[64, 64]",135.8,150.63,,,,"Train,Train_no_overlap,Train_phase4",val_grp,True,False,False,True,True,False,LM_2021016,0.297972
Tensor_Longmen_A2021017.1818.npz,2021,17,2021017,1818,LM,False,,"[64, 64]",124.64,154.95,,,,"Train,Train_no_overlap,Train_phase4",val_grp,True,False,False,True,True,False,LM_2021017,0.274612
Tensor_Longmen_A2021018.1800.npz,2021,18,2021018,1800,LM,False,,"[64, 64]",113.73,159.27,,,,"Train,Train_no_overlap,Train_phase4",train_grp,True,False,False,True,True,False,LM_2021018,0.286338
Tensor_Longmen_A2021019.1742.npz,2021,19,2021019,1742,LM,False,,"[64, 64]",102.99,163.56,,,,"Train,Train_no_overlap,Val_phase4",train_grp,True,False,False,True,False,True,LM_2021019,0.309263
Tensor_Longmen_A2021021.1842.npz,2021,21,2021021,1842,LM,False,,"[64, 64]",80.91,149.31,,,,"Train,Train_no_overlap,Train_phase4",train_grp,True,False,False,True,True,False,LM_2021021,0.31102
Tensor_Longmen_A2021022.1824.npz,2021,22,2021022,1824,LM,False,,"[64, 64]",70.29,153.6,,,,"Train,Train_no_overlap,Train_phase4",train_grp,True,False,False,True,True,False,LM_2021022,0.296899
Tensor_Longmen_A2021023.1806.npz,2021,23,2021023,1806,LM,False,,"[64, 64]",59.53,157.88,,,,"Train,Train_no_overlap,Train_phase4",train_grp,True,False,False,True,True,False,LM_2021023,0.282786
Tensor_Longmen_A2021024.1748.npz,2021,24,2021024,1748,LM,False,,"[64, 64]",48.54,162.1,,,,"Train,Train_no_overlap,Train_phase4",val_grp,True,False,False,True,True,False,LM_2021024,0.316736
Tensor_Longmen_A2021025.1730.npz,2021,25,2021025,1730,LM,False,,"[64, 64]",37.27,166.23,,,,"Train,Train_no_overlap,Train_phase4",train_grp,True,False,False,True,True,False,LM_2021025,0.303889
Tensor_Longmen_A2021026.1706.npz,2021,26,2021026,1706,LM,False,,"[64, 64]",25.73,170.09,,,,"Train,Train_no_overlap,Train_phase4",train_grp,True,False,False,True,True,False,LM_2021026,0.300913
Tensor_Longmen_A2021026.1848.npz,2021,26,2021026,1848,LM,False,,"[64, 64]",25.14,147.85,,,,"Train,Train_no_overlap,Train_phase4",train_grp,True,False,False,True,True,False,LM_2021026,0.295851
Tensor_Longmen_A2021027.1830.npz,2021,27,2021027,1830,LM,False,,"[64, 64]",13.45,152.1,,,,"Train,Train_no_overlap,Train_phase4",train_grp,True,False,False,True,True,False,LM_2021027,0.297262
Tensor_Longmen_A2021028.1812.npz,2021,28,2021028,1812,LM,False,,"[64, 64]",3.83,156.32,,,,"Train,Train_no_overlap,Train_phase4",train_grp,True,False,False,True,True,False,LM_2021028,0.289526
Tensor_Longmen_A2021029.1754.npz,2021,29,2021029,1754,LM,False,,"[64, 64]",12.55,160.48,,,,"Train,Train_no_overlap,Train_phase4",train_grp,True,False,False,True,True,False,LM_2021029,0.300912
Tensor_Longmen_A2021030.1736.npz,2021,30,2021030,1736,LM,False,,"[64, 64]",25.08,164.51,,,,"Train,Train_no_overlap,Val_phase4",train_grp,True,False,False,True,False,True,LM_2021030,0.299737
Tensor_Longmen_A2021031.1712.npz,2021,31,2021031,1712,LM,False,,"[64, 64]",37.98,168.22,,,,"Train,Train_no_overlap,Train_phase4",train_grp,True,False,False,True,True,False,LM_2021031,0.296081
Tensor_Longmen_A2021032.1836.npz,2021,32,2021032,1836,LM,False,,"[64, 64]",51.6,150.44,,,,"Train,Train_no_overlap,Val_phase4",val_grp,True,False,False,True,False,True,LM_2021032,0.28558
Tensor_Longmen_A2021033.1818.npz,2021,33,2021033,1818,LM,False,,"[64, 64]",64.73,154.6,,,,"Train,Train_no_overlap,Train_phase4",train_grp,True,False,False,True,True,False,LM_2021033,0.284825
Tensor_Longmen_A2021034.1800.npz,2021,34,2021034,1800,LM,False,,"[64, 64]",77.83,158.68,,,,"Train,Train_no_overlap,Train_phase4",train_grp,True,False,False,True,True,False,LM_2021034,0.287156
Tensor_Longmen_A2021035.1742.npz,2021,35,2021035,1742,LM,False,,"[64, 64]",90.85,162.62,,,,"Train,Train_no_overlap,Train_phase4",train_grp,True,False,False,True,True,False,LM_2021035,0.283651
Tensor_Longmen_A2021037.1842.npz,2021,37,2021037,1842,LM,False,,"[64, 64]",117.47,148.62,,,,"Train,Train_no_overlap,Train_phase4",train_grp,True,False,False,True,True,False,LM_2021037,0.276569
Tensor_Longmen_A2021038.1824.npz,2021,38,2021038,1824,LM,False,,"[64, 64]",130.16,152.72,,,,"Train,Train_no_overlap,Val_phase4",val_grp,True,False,False,True,False,True,LM_2021038,0.330321
Tensor_Longmen_A2021039.1806.npz,2021,39,2021039,1806,LM,False,,"[64, 64]",142.64,156.73,,,,"Train,Train_no_overlap,Train_phase4",val_grp,True,False,False,True,True,False,LM_2021039,0.331021
Tensor_Longmen_A2021040.1748.npz,2021,40,2021040,1748,LM,False,,"[64, 64]",154.85,160.58,,,,"Train,Train_no_overlap,Train_phase4",train_grp,True,False,False,True,True,False,LM_2021040,0.325181
Tensor_Longmen_A2021041.1730.npz,2021,41,2021041,1730,LM,False,,"[64, 64]",166.56,164.12,,,,"Train,Train_no_overlap,Train_phase4",train_grp,True,False,False,True,True,False,LM_2021041,0.32576
Tensor_Longmen_A2021043.1830.npz,2021,43,2021043,1830,LM,False,,"[64, 64]",166.98,150.69,,,,"Train,Train_no_overlap,Train_phase4",val_grp,True,False,False,True,True,False,LM_2021043,0.296507
Tensor_Longmen_A2021044.1812.npz,2021,44,2021044,1812,LM,False,,"[64, 64]",156.06,154.62,,,,"Train,Train_no_overlap,Train_phase4",train_grp,True,False,False,True,True,False,LM_2021044,0.305214
Tensor_Longmen_A2021045.1754.npz,2021,45,2021045,1754,LM,False,,"[64, 64]",145.12,158.38,,,,"Train,Train_no_overlap,Train_phase4",train_grp,True,False,False,True,True,False,LM_2021045,0.287306
Tensor_Longmen_A2021046.1736.npz,2021,46,2021046,1736,LM,False,,"[64, 64]",134.31,161.84,,,,"Train,Train_no_overlap,Val_phase4",val_grp,True,False,False,True,False,True,LM_2021046,0.290099
Tensor_Longmen_A2021047.1712.npz,2021,47,2021047,1712,LM,False,,"[64, 64]",123.64,164.75,,,,"Train,Train_no_overlap,Train_phase4",train_grp,True,False,False,True,True,False,LM_2021047,0.343819
Tensor_Longmen_A2021048.1836.npz,2021,48,2021048,1836,LM,False,,"[64, 64]",112.08,148.52,,,,"Train,Train_no_overlap,Train_phase4",train_grp,True,False,False,True,True,False,LM_2021048,0.286196
Tensor_Longmen_A2021049.1818.npz,2021,49,2021049,1818,LM,False,,"[64, 64]",101.57,152.37,,,,"Train,Train_no_overlap,Train_phase4",train_grp,True,False,False,True,True,False,LM_2021049,0.286758
Tensor_Longmen_A2021050.1800.npz,2021,50,2021050,1800,LM,False,,"[64, 64]",91.01,156.05,,,,"Train,Train_no_overlap,Train_phase4",train_grp,True,False,False,True,True,False,LM_2021050,0.293022
Tensor_Longmen_A2021051.1742.npz,2021,51,2021051,1742,LM,False,,"[64, 64]",80.3,159.44,,,,"Train,Train_no_overlap,Train_phase4",train_grp,True,False,False,True,True,False,LM_2021051,0.315332
Tensor_Longmen_A2021053.1842.npz,2021,53,2021053,1842,LM,False,,"[64, 64]",57.38,146.2,,,,"Train,Train_no_overlap,Train_phase4",train_grp,True,False,False,True,True,False,LM_2021053,0.286263
Tensor_Longmen_A2021054.1824.npz,2021,54,2021054,1824,LM,False,,"[64, 64]",45.84,149.99,,,,"Train,Train_no_overlap,Train_phase4",train_grp,True,False,False,True,True,False,LM_2021054,0.289135
Tensor_Longmen_A2021055.1806.npz,2021,55,2021055,1806,LM,False,,"[64, 64]",33.9,153.6,,,,"Train,Train_no_overlap,Train_phase4",val_grp,True,False,False,True,True,False,LM_2021055,0.31824
Tensor_Longmen_A2021056.1748.npz,2021,56,2021056,1748,LM,False,,"[64, 64]",21.63,156.93,,,,"Train,Train_no_overlap,Train_phase4",train_grp,True,False,False,True,True,False,LM_2021056,0.300191
Tensor_Longmen_A2021057.1730.npz,2021,57,2021057,1730,LM,False,,"[64, 64]",9.48,159.83,,,,"Train,Train_no_overlap,Train_phase4",train_grp,True,False,False,True,True,False,LM_2021057,0.306659
Tensor_Longmen_A2021058.1706.npz,2021,58,2021058,1706,LM,False,,"[64, 64]",6.89,162.07,,,,"Train,Train_no_overlap,Train_phase4",train_grp,True,False,False,True,True,False,LM_2021058,0.295536
Tensor_Longmen_A2021058.1848.npz,2021,58,2021058,1848,LM,False,,"[64, 64]",7.22,143.78,,,,"Train,Train_no_overlap,Val_phase4",train_grp,True,False,False,True,False,True,LM_2021058,0.274338
Tensor_Longmen_A2021059.1830.npz,2021,59,2021059,1830,LM,False,,"[64, 64]",19.61,147.51,,,,"Train,Train_no_overlap,Val_phase4",val_grp,True,False,False,True,False,True,LM_2021059,0.295658
Tensor_Longmen_A2021060.1812.npz,2021,60,2021060,1812,LM,False,,"[64, 64]",32.99,151.05,,,,"Train,Train_no_overlap,Train_phase4",train_grp,True,False,False,True,True,False,LM_2021060,0.330962
Tensor_Longmen_A2021061.1754.npz,2021,61,2021061,1754,LM,False,,"[64, 64]",46.51,154.33,,,,"Train,Train_no_overlap,Val_phase4",train_grp,True,False,False,True,False,True,LM_2021061,0.320684
Tensor_Longmen_A2021062.1736.npz,2021,62,2021062,1736,LM,False,,"[64, 64]",59.95,157.22,,,,"Train,Train_no_overlap,Train_phase4",train_grp,True,False,False,True,True,False,LM_2021062,0.305816
Tensor_Longmen_A2021063.1712.npz,2021,63,2021063,1712,LM,False,,"[64, 64]",73.19,159.53,,,,"Train,Train_no_overlap,Train_phase4",train_grp,True,False,False,True,True,False,LM_2021063,0.32818
Tensor_Longmen_A2021064.1836.npz,2021,64,2021064,1836,LM,False,,"[64, 64]",86.95,144.94,,,,"Train,Train_no_overlap,Val_phase4",train_grp,True,False,False,True,False,True,LM_2021064,0.308055
Tensor_Longmen_A2021065.1818.npz,2021,65,2021065,1818,LM,False,,"[64, 64]",99.74,148.43,,,,"Train,Train_no_overlap,Train_phase4",val_grp,True,False,False,True,True,False,LM_2021065,0.302403
Tensor_Longmen_A2021066.1800.npz,2021,66,2021066,1800,LM,False,,"[64, 64]",112.24,151.67,,,,"Train,Train_no_overlap,Train_phase4",train_grp,True,False,False,True,True,False,LM_2021066,0.298009
Tensor_Longmen_A2021067.1742.npz,2021,67,2021067,1742,LM,False,,"[64, 64]",124.45,154.54,,,,"Train,Train_no_overlap,Train_phase4",train_grp,True,False,False,True,True,False,LM_2021067,0.300941
Tensor_Longmen_A2021069.1842.npz,2021,69,2021069,1842,LM,False,,"[64, 64]",149.02,142.3,,,,"Train,Train_no_overlap,Train_phase4",train_grp,True,False,False,True,True,False,LM_2021069,0.30192
Tensor_Longmen_A2021070.1824.npz,2021,70,2021070,1824,LM,False,,"[64, 64]",160.33,145.74,,,,"Train,Train_no_overlap,Val_phase4",val_grp,True,False,False,True,False,True,LM_2021070,0.31351
Tensor_Longmen_A2021071.1806.npz,2021,71,2021071,1806,LM,False,,"[64, 64]",170.73,148.96,,,,"Train,Train_no_overlap,Train_phase4",train_grp,True,False,False,True,True,False,LM_2021071,0.331503
Tensor_Longmen_A2021072.1748.npz,2021,72,2021072,1748,LM,False,,"[64, 64]",173.62,151.82,,,,"Train,Train_no_overlap,Val_phase4",train_grp,True,False,False,True,False,True,LM_2021072,0.308278
Tensor_Longmen_A2021073.1730.npz,2021,73,2021073,1730,LM,False,,"[64, 64]",164.57,154.31,,,,"Train,Train_no_overlap,Train_phase4",val_grp,True,False,False,True,True,False,LM_2021073,0.321869
Tensor_Longmen_A2021074.1706.npz,2021,74,2021074,1706,LM,False,,"[64, 64]",154.17,156.04,,,,"Train,Train_no_overlap,Train_phase4",train_grp,True,False,False,True,True,False,LM_2021074,0.303411
Tensor_Longmen_A2021074.1848.npz,2021,74,2021074,1848,LM,False,,"[64, 64]",153.08,139.61,,,,"Train,Train_no_overlap,Train_phase4",train_grp,True,False,False,True,True,False,LM_2021074,0.288763
Tensor_Longmen_A2021075.1830.npz,2021,75,2021075,1830,LM,False,,"[64, 64]",142.6,143.02,,,,"Train,Train_no_overlap,Val_phase4",train_grp,True,False,False,True,False,True,LM_2021075,0.290655
Tensor_Longmen_A2021076.1812.npz,2021,76,2021076,1812,LM,False,,"[64, 64]",132.13,146.21,,,,"Train,Train_no_overlap,Train_phase4",train_grp,True,False,False,True,True,False,LM_2021076,0.313265
Tensor_Longmen_A2021077.1754.npz,2021,77,2021077,1754,LM,False,,"[64, 64]",121.67,149.08,,,,"Train,Train_no_overlap,Train_phase4",train_grp,True,False,False,True,True,False,LM_2021077,0.311319
Tensor_Longmen_A2021078.1736.npz,2021,78,2021078,1736,LM,False,,"[64, 64]",111.14,151.54,,,,"Train,Train_no_overlap,Train_phase4",train_grp,True,False,False,True,True,False,LM_2021078,0.316107
Tensor_Longmen_A2021080.1836.npz,2021,80,2021080,1836,LM,False,,"[64, 64]",88.71,140.29,,,,"Train,Train_no_overlap,Train_phase4",train_grp,True,False,False,True,True,False,LM_2021080,0.303177
Tensor_Longmen_A2021081.1818.npz,2021,81,2021081,1818,LM,False,,"[64, 64]",77.6,143.45,,,,"Train,Train_no_overlap,Train_phase4",train_grp,True,False,False,True,True,False,LM_2021081,0.322014
Tensor_Longmen_A2021082.1800.npz,2021,82,2021082,1800,LM,False,,"[64, 64]",66.11,146.32,,,,"Train,Train_no_overlap,Train_phase4",train_grp,True,False,False,True,True,False,LM_2021082,0.309759
Tensor_Longmen_A2021083.1742.npz,2021,83,2021083,1742,LM,False,,"[64, 64]",54.18,148.82,,,,"Train,Train_no_overlap,Train_phase4",train_grp,True,False,False,True,True,False,LM_2021083,0.280963
Tensor_Longmen_A2021085.1842.npz,2021,85,2021085,1842,LM,False,,"[64, 64]",28.17,137.54,,,,"Train,Train_no_overlap,Train_phase4",train_grp,True,False,False,True,True,False,LM_2021085,0.311788
Tensor_Longmen_A2021086.1824.npz,2021,86,2021086,1824,LM,False,,"[64, 64]",15.05,140.69,,,,"Train,Train_no_overlap,Train_phase4",train_grp,True,False,False,True,True,False,LM_2021086,0.289037
Tensor_Longmen_A2021087.1806.npz,2021,87,2021087,1806,LM,False,,"[64, 64]",4.1,143.57,,,,"Train,Train_no_overlap,Train_phase4",val_grp,True,False,False,True,True,False,LM_2021087,0.30172
Tensor_Longmen_A2021088.1748.npz,2021,88,2021088,1748,LM,False,,"[64, 64]",13.87,146.11,,,,"Train,Train_no_overlap,Train_phase4",train_grp,True,False,False,True,True,False,LM_2021088,0.31509
Tensor_Longmen_A2021090.1706.npz,2021,90,2021090,1706,LM,False,,"[64, 64]",41.47,149.77,,,,"Train,Train_no_overlap,Train_phase4",train_grp,True,False,False,True,True,False,LM_2021090,0.33239
Tensor_Longmen_A2021090.1848.npz,2021,90,2021090,1848,LM,False,,"[64, 64]",42.07,134.81,,,,"Train,Train_no_overlap,Train_phase4",train_grp,True,False,False,True,True,False,LM_2021090,0.32393
Tensor_Longmen_A2021091.1830.npz,2021,91,2021091,1830,LM,False,,"[64, 64]",55.75,137.95,,,,"Train,Train_no_overlap,Train_phase4",train_grp,True,False,False,True,True,False,LM_2021091,0.289761
Tensor_Longmen_A2021092.1812.npz,2021,92,2021092,1812,LM,False,,"[64, 64]",69.1,140.84,,,,"Train,Train_no_overlap,Train_phase4",train_grp,True,False,False,True,True,False,LM_2021092,0.337534
Tensor_Longmen_A2021093.1754.npz,2021,93,2021093,1754,LM,False,,"[64, 64]",82.06,143.42,,,,"Train,Train_no_overlap,Train_phase4",train_grp,True,False,False,True,True,False,LM_2021093,0.31576
Tensor_Longmen_A2021094.1736.npz,2021,94,2021094,1736,LM,False,,"[64, 64]",94.62,145.59,,,,"Train,Train_no_overlap,Train_phase4",train_grp,True,False,False,True,True,False,LM_2021094,0.316442
Tensor_Longmen_A2021095.1712.npz,2021,95,2021095,1712,LM,False,,"[64, 64]",106.78,147.28,,,,"Train,Train_no_overlap,Train_phase4",val_grp,True,False,False,True,True,False,LM_2021095,0.31893
Tensor_Longmen_A2021096.1836.npz,2021,96,2021096,1836,LM,False,,"[64, 64]",119.45,135.26,,,,"Train,Train_no_overlap,Val_phase4",train_grp,True,False,False,True,False,True,LM_2021096,0.312169
Tensor_Longmen_A2021097.1818.npz,2021,97,2021097,1818,LM,False,,"[64, 64]",131.02,138.16,,,,"Train,Train_no_overlap,Train_phase4",train_grp,True,False,False,True,True,False,LM_2021097,0.324961
Tensor_Longmen_A2021098.1800.npz,2021,98,2021098,1800,LM,False,,"[64, 64]",142.3,140.77,,,,"Train,Train_no_overlap,Train_phase4",train_grp,True,False,False,True,True,False,LM_2021098,0.328346
Tensor_Longmen_A2021099.1742.npz,2021,99,2021099,1742,LM,False,,"[64, 64]",153.31,143.02,,,,"Train,Train_no_overlap,Train_phase4",train_grp,True,False,False,True,True,False,LM_2021099,0.31216
Tensor_Longmen_A2021100.1718.npz,2021,100,2021100,1718,LM,False,,"[64, 64]",164.0,144.65,,,,"Train,Train_no_overlap,Val_phase4",train_grp,True,False,False,True,False,True,LM_2021100,0.321187
Tensor_Longmen_A2021101.1842.npz,2021,101,2021101,1842,LM,False,,"[64, 64]",174.3,132.62,,,,"Train,Train_no_overlap,Train_phase4",train_grp,True,False,False,True,True,False,LM_2021101,0.276097
Tensor_Longmen_A2021102.1824.npz,2021,102,2021102,1824,LM,False,,"[64, 64]",171.58,135.54,,,,"Train,Train_no_overlap,Train_phase4",train_grp,True,False,False,True,True,False,LM_2021102,0.293541
Tensor_Longmen_A2021103.1806.npz,2021,103,2021103,1806,LM,False,,"[64, 64]",161.7,138.19,,,,"Train,Train_no_overlap,Train_phase4",val_grp,True,False,False,True,True,False,LM_2021103,0.322413
Tensor_Longmen_A2021104.1748.npz,2021,104,2021104,1748,LM,False,,"[64, 64]",151.36,140.49,,,,"Train,Train_no_overlap,Train_phase4",train_grp,True,False,False,True,True,False,LM_2021104,0.315743
Tensor_Longmen_A2021106.1706.npz,2021,106,2021106,1706,LM,False,,"[64, 64]",130.38,143.82,,,,"Train,Train_no_overlap,Train_phase4",train_grp,True,False,False,True,True,False,LM_2021106,0.321586
Tensor_Longmen_A2021106.1848.npz,2021,106,2021106,1848,LM,False,,"[64, 64]",129.31,130.05,,,,"Train,Train_no_overlap,Train_phase4",train_grp,True,False,False,True,True,False,LM_2021106,0.324164
Tensor_Longmen_A2021107.1830.npz,2021,107,2021107,1830,LM,False,,"[64, 64]",118.69,132.99,,,,"Train,Train_no_overlap,Train_phase4",train_grp,True,False,False,True,True,False,LM_2021107,0.294758
Tensor_Longmen_A2021108.1812.npz,2021,108,2021108,1812,LM,False,,"[64, 64]",107.88,135.67,,,,"Train,Train_no_overlap,Train_phase4",val_grp,True,False,False,True,True,False,LM_2021108,0.322037
Tensor_Longmen_A2021109.1754.npz,2021,109,2021109,1754,LM,False,,"[64, 64]",96.81,138.04,,,,"Train,Train_no_overlap,Train_phase4",train_grp,True,False,False,True,True,False,LM_2021109,0.31296
Tensor_Longmen_A2021110.1736.npz,2021,110,2021110,1736,LM,False,,"[64, 64]",85.39,140.05,,,,"Train,Train_no_overlap,Val_phase4",train_grp,True,False,False,True,False,True,LM_2021110,0.31306
Tensor_Longmen_A2021111.1712.npz,2021,111,2021111,1712,LM,False,,"[64, 64]",73.55,141.59,,,,"Train,Train_no_overlap,Train_phase4",train_grp,True,False,False,True,True,False,LM_2021111,0.307075
Tensor_Longmen_A2021112.1836.npz,2021,112,2021112,1836,LM,False,,"[64, 64]",60.38,130.53,,,,"Train,Train_no_overlap,Train_phase4",train_grp,True,False,False,True,True,False,LM_2021112,0.29736
Tensor_Longmen_A2021113.1818.npz,2021,113,2021113,1818,LM,False,,"[64, 64]",47.6,133.25,,,,"Train,Train_no_overlap,Train_phase4",train_grp,True,False,False,True,True,False,LM_2021113,0.326246
Tensor_Longmen_A2021114.1800.npz,2021,114,2021114,1800,LM,False,,"[64, 64]",34.3,135.67,,,,"Train,Train_no_overlap,Train_phase4",train_grp,True,False,False,True,True,False,LM_2021114,0.331422
Tensor_Longmen_A2021115.1742.npz,2021,115,2021115,1742,LM,False,,"[64, 64]",20.56,137.74,,,,"Train,Train_no_overlap,Val_phase4",train_grp,True,False,False,True,False,True,LM_2021115,0.317022
Tensor_Longmen_A2021116.1718.npz,2021,116,2021116,1718,LM,False,,"[64, 64]",6.7,139.41,,,,"Train,Train_no_overlap,Train_phase4",val_grp,True,False,False,True,True,False,LM_2021116,0.339544
Tensor_Longmen_A2021159.1712.npz,2021,159,2021159,1712,LM,False,,"[64, 64]",161.33,131.16,,,,"Train,Train_no_overlap,Train_phase4",train_grp,True,False,False,True,True,False,LM_2021159,0.343311
Tensor_Longmen_A2021160.1836.npz,2021,160,2021160,1836,LM,False,,"[64, 64]",173.05,122.56,,,,"Train,Train_no_overlap,Train_phase4",val_grp,True,False,False,True,True,False,LM_2021160,0.324387
Tensor_Longmen_A2021161.1818.npz,2021,161,2021161,1818,LM,False,,"[64, 64]",176.21,125.04,,,,"Train,Train_no_overlap,Train_phase4",train_grp,True,False,False,True,True,False,LM_2021161,0.335278
Tensor_Longmen_A2021162.1800.npz,2021,162,2021162,1800,LM,False,,"[64, 64]",165.4,127.24,,,,"Train,Train_no_overlap,Train_phase4",train_grp,True,False,False,True,True,False,LM_2021162,0.344296
Tensor_Longmen_A2021163.1742.npz,2021,163,2021163,1742,LM,False,,"[64, 64]",154.48,129.13,,,,"Train,Train_no_overlap,Train_phase4",train_grp,True,False,False,True,True,False,LM_2021163,0.333921
Tensor_Longmen_A2021164.1724.npz,2021,164,2021164,1724,LM,False,,"[64, 64]",143.41,130.84,,,,"Train,Train_no_overlap,Train_phase4",train_grp,True,False,False,True,True,False,LM_2021164,0.334077
Tensor_Longmen_A2021165.1842.npz,2021,165,2021165,1842,LM,False,,"[64, 64]",131.01,121.57,,,,"Train,Train_no_overlap,Train_phase4",train_grp,True,False,False,True,True,False,LM_2021165,0.333287
Tensor_Longmen_A2021166.1824.npz,2021,166,2021166,1824,LM,False,,"[64, 64]",119.53,124.14,,,,"Train,Train_no_overlap,Train_phase4",train_grp,True,False,False,True,True,False,LM_2021166,0.314772
Tensor_Longmen_A2021167.1806.npz,2021,167,2021167,1806,LM,False,,"[64, 64]",107.79,126.44,,,,"Train,Train_no_overlap,Train_phase4",train_grp,True,False,False,True,True,False,LM_2021167,0.319146
Tensor_Longmen_A2021168.1748.npz,2021,168,2021168,1748,LM,False,,"[64, 64]",95.72,128.44,,,,"Train,Train_no_overlap,Train_phase4",train_grp,True,False,False,True,True,False,LM_2021168,0.296698
Tensor_Longmen_A2021169.1730.npz,2021,169,2021169,1730,LM,False,,"[64, 64]",83.27,130.11,,,,"Train,Train_no_overlap,Val_phase4",val_grp,True,False,False,True,False,True,LM_2021169,0.315346
Tensor_Longmen_A2021170.1706.npz,2021,170,2021170,1706,LM,False,,"[64, 64]",70.42,131.4,,,,"Train,Train_no_overlap,Train_phase4",train_grp,True,False,False,True,True,False,LM_2021170,0.336659
Tensor_Longmen_A2021170.1848.npz,2021,170,2021170,1848,LM,False,,"[64, 64]",69.48,120.7,,,,"Train,Train_no_overlap,Val_phase4",train_grp,True,False,False,True,False,True,LM_2021170,0.313875
Tensor_Longmen_A2021171.1830.npz,2021,171,2021171,1830,LM,False,,"[64, 64]",56.32,123.36,,,,"Train,Train_no_overlap,Val_phase4",train_grp,True,False,False,True,False,True,LM_2021171,0.316997
Tensor_Longmen_A2021172.1812.npz,2021,172,2021172,1812,LM,False,,"[64, 64]",42.78,125.76,,,,"Train,Train_no_overlap,Val_phase4",train_grp,True,False,False,True,False,True,LM_2021172,0.314491
Tensor_Longmen_A2021173.1754.npz,2021,173,2021173,1754,LM,False,,"[64, 64]",28.97,127.88,,,,"Train,Train_no_overlap,Train_phase4",val_grp,True,False,False,True,True,False,LM_2021173,0.332506
Tensor_Longmen_A2021174.1736.npz,2021,174,2021174,1736,LM,False,,"[64, 64]",15.08,129.68,,,,"Train,Train_no_overlap,Train_phase4",train_grp,True,False,False,True,True,False,LM_2021174,0.334354
Tensor_Longmen_A2021176.1836.npz,2021,176,2021176,1836,LM,False,,"[64, 64]",13.93,122.71,,,,"Train,Train_no_overlap,Train_phase4",train_grp,True,False,False,True,True,False,LM_2021176,0.336402
Tensor_Longmen_A2021177.1818.npz,2021,177,2021177,1818,LM,False,,"[64, 64]",27.34,125.21,,,,"Train,Train_no_overlap,Train_phase4",train_grp,True,False,False,True,True,False,LM_2021177,0.328956
Tensor_Longmen_A2021178.1800.npz,2021,178,2021178,1800,LM,False,,"[64, 64]",40.44,127.45,,,,"Train,Train_no_overlap,Train_phase4",train_grp,True,False,False,True,True,False,LM_2021178,0.342107
Tensor_Longmen_A2021179.1742.npz,2021,179,2021179,1742,LM,False,,"[64, 64]",53.1,129.38,,,,"Train,Train_no_overlap,Val_phase4",train_grp,True,False,False,True,False,True,LM_2021179,0.307513
Tensor_Longmen_A2021180.1724.npz,2021,180,2021180,1724,LM,False,,"[64, 64]",65.29,130.95,,,,"Train,Train_no_overlap,Train_phase4",train_grp,True,False,False,True,True,False,LM_2021180,0.325448
Tensor_Longmen_A2021181.1842.npz,2021,181,2021181,1842,LM,False,,"[64, 64]",77.65,122.16,,,,"Train,Train_no_overlap,Train_phase4",val_grp,True,False,False,True,True,False,LM_2021181,0.314192
Tensor_Longmen_A2021182.1824.npz,2021,182,2021182,1824,LM,False,,"[64, 64]",89.09,124.78,,,,"Train,Train_no_overlap,Train_phase4",train_grp,True,False,False,True,True,False,LM_2021182,0.338916
Tensor_Longmen_A2021183.1806.npz,2021,183,2021183,1806,LM,False,,"[64, 64]",100.22,127.14,,,,"Train,Train_no_overlap,Train_phase4",train_grp,True,False,False,True,True,False,LM_2021183,0.341688
Tensor_Longmen_A2021184.1748.npz,2021,184,2021184,1748,LM,False,,"[64, 64]",111.12,129.2,,,,"Train,Train_no_overlap,Train_phase4",train_grp,True,False,False,True,True,False,LM_2021184,0.310146
Tensor_Longmen_A2021185.1730.npz,2021,185,2021185,1730,LM,False,,"[64, 64]",121.87,130.92,,,,"Train,Train_no_overlap,Train_phase4",val_grp,True,False,False,True,True,False,LM_2021185,0.323705
Tensor_Longmen_A2021186.1848.npz,2021,186,2021186,1848,LM,False,,"[64, 64]",133.42,121.7,,,,"Train,Train_no_overlap,Train_phase4",train_grp,True,False,False,True,True,False,LM_2021186,0.313944
Tensor_Longmen_A2021187.1830.npz,2021,187,2021187,1830,LM,False,,"[64, 64]",144.16,124.43,,,,"Train,Train_no_overlap,Train_phase4",val_grp,True,False,False,True,True,False,LM_2021187,0.312341
Tensor_Longmen_A2021188.1812.npz,2021,188,2021188,1812,LM,False,,"[64, 64]",154.91,126.91,,,,"Train,Train_no_overlap,Val_phase4",train_grp,True,False,False,True,False,True,LM_2021188,0.316156
Tensor_Longmen_A2021189.1754.npz,2021,189,2021189,1754,LM,False,,"[64, 64]",165.7,129.11,,,,"Train,Train_no_overlap,Train_phase4",train_grp,True,False,False,True,True,False,LM_2021189,0.293516
Tensor_Longmen_A2021190.1736.npz,2021,190,2021190,1736,LM,False,,"[64, 64]",176.02,130.99,,,,"Train,Train_no_overlap,Val_phase4",train_grp,True,False,False,True,False,True,LM_2021190,0.321832
Tensor_Longmen_A2021191.1718.npz,2021,191,2021191,1718,LM,False,,"[64, 64]",171.56,132.56,,,,"Train,Train_no_overlap,Val_phase4",train_grp,True,False,False,True,False,True,LM_2021191,0.324997
Tensor_Longmen_A2021192.1836.npz,2021,192,2021192,1836,LM,False,,"[64, 64]",159.29,124.17,,,,"Train,Train_no_overlap,Train_phase4",train_grp,True,False,False,True,True,False,LM_2021192,0.30849
Tensor_Longmen_A2021193.1818.npz,2021,193,2021193,1818,LM,False,,"[64, 64]",147.83,126.77,,,,"Train,Train_no_overlap,Train_phase4",train_grp,True,False,False,True,True,False,LM_2021193,0.300455
Tensor_Longmen_A2021194.1800.npz,2021,194,2021194,1800,LM,False,,"[64, 64]",136.15,129.11,,,,"Train,Train_no_overlap,Val_phase4",train_grp,True,False,False,True,False,True,LM_2021194,0.289842
Tensor_Longmen_A2021195.1742.npz,2021,195,2021195,1742,LM,False,,"[64, 64]",124.25,131.14,,,,"Train,Train_no_overlap,Train_phase4",train_grp,True,False,False,True,True,False,LM_2021195,0.300428
Tensor_Longmen_A2021196.1724.npz,2021,196,2021196,1724,LM,False,,"[64, 64]",112.1,132.81,,,,"Train,Train_no_overlap,Val_phase4",val_grp,True,False,False,True,False,True,LM_2021196,0.341588
Tensor_Longmen_A2021197.1842.npz,2021,197,2021197,1842,LM,False,,"[64, 64]",98.61,123.95,,,,"Train,Train_no_overlap,Train_phase4",train_grp,True,False,False,True,True,False,LM_2021197,0.325721
Tensor_Longmen_A2021198.1824.npz,2021,198,2021198,1824,LM,False,,"[64, 64]",85.99,126.69,,,,"Train,Train_no_overlap,Train_phase4",val_grp,True,False,False,True,True,False,LM_2021198,0.336124
Tensor_Longmen_A2021199.1806.npz,2021,199,2021199,1806,LM,False,,"[64, 64]",73.09,129.18,,,,"Train,Train_no_overlap,Train_phase4",val_grp,True,False,False,True,True,False,LM_2021199,0.345877
Tensor_Longmen_A2021200.1748.npz,2021,200,2021200,1748,LM,False,,"[64, 64]",59.93,131.37,,,,"Train,Train_no_overlap,Train_phase4",train_grp,True,False,False,True,True,False,LM_2021200,0.340576
Tensor_Longmen_A2021201.1730.npz,2021,201,2021201,1730,LM,False,,"[64, 64]",46.56,133.21,,,,"Train,Train_no_overlap,Train_phase4",val_grp,True,False,False,True,True,False,LM_2021201,0.328392
Tensor_Longmen_A2021202.1848.npz,2021,202,2021202,1848,LM,False,,"[64, 64]",32.33,123.78,,,,"Train,Train_no_overlap,Train_phase4",train_grp,True,False,False,True,True,False,LM_2021202,0.325245
Tensor_Longmen_A2021203.1830.npz,2021,203,2021203,1830,LM,False,,"[64, 64]",19.03,126.65,,,,"Train,Train_no_overlap,Train_phase4",train_grp,True,False,False,True,True,False,LM_2021203,0.283306
Tensor_Longmen_A2021204.1812.npz,2021,204,2021204,1812,LM,False,,"[64, 64]",6.8,129.28,,,,"Train,Train_no_overlap,Train_phase4",val_grp,True,False,False,True,True,False,LM_2021204,0.30773
Tensor_Longmen_A2021205.1754.npz,2021,205,2021205,1754,LM,False,,"[64, 64]",9.54,131.63,,,,"Train,Train_no_overlap,Train_phase4",train_grp,True,False,False,True,True,False,LM_2021205,0.32101
Tensor_Longmen_A2021206.1736.npz,2021,206,2021206,1736,LM,False,,"[64, 64]",21.86,133.66,,,,"Train,Train_no_overlap,Train_phase4",train_grp,True,False,False,True,True,False,LM_2021206,0.333144
Tensor_Longmen_A2021207.1718.npz,2021,207,2021207,1718,LM,False,,"[64, 64]",34.32,135.31,,,,"Train,Train_no_overlap,Train_phase4",train_grp,True,False,False,True,True,False,LM_2021207,0.336685
Tensor_Longmen_A2021208.1836.npz,2021,208,2021208,1836,LM,False,,"[64, 64]",46.99,126.62,,,,"Train,Train_no_overlap,Val_phase4",val_grp,True,False,False,True,False,True,LM_2021208,0.29099
Tensor_Longmen_A2021209.1818.npz,2021,209,2021209,1818,LM,False,,"[64, 64]",58.81,129.41,,,,"Train,Train_no_overlap,Train_phase4",train_grp,True,False,False,True,True,False,LM_2021209,0.316123
Tensor_Longmen_A2021210.1800.npz,2021,210,2021210,1800,LM,False,,"[64, 64]",70.28,131.93,,,,"Train,Train_no_overlap,Train_phase4",train_grp,True,False,False,True,True,False,LM_2021210,0.345475
Tensor_Longmen_A2021211.1742.npz,2021,211,2021211,1742,LM,False,,"[64, 64]",81.46,134.14,,,,"Train,Train_no_overlap,Val_phase4",train_grp,True,False,False,True,False,True,LM_2021211,0.332905
Tensor_Longmen_A2021212.1724.npz,2021,212,2021212,1724,LM,False,,"[64, 64]",92.41,135.98,,,,"Train,Train_no_overlap,Train_phase4",train_grp,True,False,False,True,True,False,LM_2021212,0.330418
Tensor_Longmen_A2021213.1842.npz,2021,213,2021213,1842,LM,False,,"[64, 64]",103.91,126.59,,,,"Train,Train_no_overlap,Train_phase4",train_grp,True,False,False,True,True,False,LM_2021213,0.319699
Tensor_Longmen_A2021214.1824.npz,2021,214,2021214,1824,LM,False,,"[64, 64]",114.7,129.53,,,,"Train,Train_no_overlap,Train_phase4",train_grp,True,False,False,True,True,False,LM_2021214,0.310581
Tensor_Longmen_A2021216.1748.npz,2021,216,2021216,1748,LM,False,,"[64, 64]",136.34,134.62,,,,"Train,Train_no_overlap,Train_phase4",train_grp,True,False,False,True,True,False,LM_2021216,0.331753
Tensor_Longmen_A2021217.1730.npz,2021,217,2021217,1730,LM,False,,"[64, 64]",147.29,136.67,,,,"Train,Train_no_overlap,Train_phase4",train_grp,True,False,False,True,True,False,LM_2021217,0.318801
Tensor_Longmen_A2021266.1848.npz,2021,266,2021266,1848,LM,False,,"[64, 64]",32.05,135.12,,,,"Train,Train_no_overlap,Val_phase4",train_grp,True,False,False,True,False,True,LM_2021266,0.292491
Tensor_Longmen_A2021267.1830.npz,2021,267,2021267,1830,LM,False,,"[64, 64]",43.15,139.08,,,,"Train,Train_no_overlap,Train_phase4",train_grp,True,False,False,True,True,False,LM_2021267,0.303612
Tensor_Longmen_A2021268.1812.npz,2021,268,2021268,1812,LM,False,,"[64, 64]",54.14,142.93,,,,"Train,Train_no_overlap,Train_phase4",train_grp,True,False,False,True,True,False,LM_2021268,0.293256
Tensor_Longmen_A2021269.1754.npz,2021,269,2021269,1754,LM,False,,"[64, 64]",65.02,146.62,,,,"Train,Train_no_overlap,Train_phase4",val_grp,True,False,False,True,True,False,LM_2021269,0.297231
Tensor_Longmen_A2021270.1736.npz,2021,270,2021270,1736,LM,False,,"[64, 64]",75.85,150.1,,,,"Train,Train_no_overlap,Train_phase4",val_grp,True,False,False,True,True,False,LM_2021270,0.287001
Tensor_Longmen_A2021271.1718.npz,2021,271,2021271,1718,LM,False,,"[64, 64]",86.7,153.28,,,,"Train,Train_no_overlap,Val_phase4",train_grp,True,False,False,True,False,True,LM_2021271,0.315576
Tensor_Longmen_A2021272.1836.npz,2021,272,2021272,1836,LM,False,,"[64, 64]",98.3,138.6,,,,"Train,Train_no_overlap,Val_phase4",train_grp,True,False,False,True,False,True,LM_2021272,0.299629
Tensor_Longmen_A2021273.1818.npz,2021,273,2021273,1818,LM,False,,"[64, 64]",109.5,142.57,,,,"Train,Train_no_overlap,Train_phase4",train_grp,True,False,False,True,True,False,LM_2021273,0.288151
Tensor_Longmen_A2021274.1800.npz,2021,274,2021274,1800,LM,False,,"[64, 64]",120.93,146.44,,,,"Train,Train_no_overlap,Val_phase4",train_grp,True,False,False,True,False,True,LM_2021274,0.289749
Tensor_Longmen_A2021275.1742.npz,2021,275,2021275,1742,LM,False,,"[64, 64]",132.63,150.15,,,,"Train,Train_no_overlap,Train_phase4",val_grp,True,False,False,True,True,False,LM_2021275,0.314216
Tensor_Longmen_A2021276.1724.npz,2021,276,2021276,1724,LM,False,,"[64, 64]",144.65,153.6,,,,"Train,Train_no_overlap,Val_phase4",train_grp,True,False,False,True,False,True,LM_2021276,0.310012
Tensor_Longmen_A2021277.1842.npz,2021,277,2021277,1842,LM,False,,"[64, 64]",158.03,137.97,,,,"Train,Train_no_overlap,Train_phase4",train_grp,True,False,False,True,True,False,LM_2021277,0.292948
Tensor_Longmen_A2021278.1824.npz,2021,278,2021278,1824,LM,False,,"[64, 64]",170.4,142.07,,,,"Train,Train_no_overlap,Train_phase4",train_grp,True,False,False,True,True,False,LM_2021278,0.293263
Tensor_Longmen_A2021279.1806.npz,2021,279,2021279,1806,LM,False,,"[64, 64]",174.35,146.09,,,,"Train,Train_no_overlap,Val_phase4",train_grp,True,False,False,True,False,True,LM_2021279,0.292004
Tensor_Longmen_A2021280.1748.npz,2021,280,2021280,1748,LM,False,,"[64, 64]",162.16,149.97,,,,"Train,Train_no_overlap,Val_phase4",val_grp,True,False,False,True,False,True,LM_2021280,0.327914
Tensor_Longmen_A2021281.1730.npz,2021,281,2021281,1730,LM,False,,"[64, 64]",149.03,153.68,,,,"Train,Train_no_overlap,Train_phase4",val_grp,True,False,False,True,True,False,LM_2021281,0.305556
Tensor_Longmen_A2021282.1712.npz,2021,282,2021282,1712,LM,False,,"[64, 64]",135.82,157.1,,,,"Train,Train_no_overlap,Train_phase4",val_grp,True,False,False,True,True,False,LM_2021282,0.323538
Tensor_Longmen_A2021282.1848.npz,2021,282,2021282,1848,LM,False,,"[64, 64]",134.53,137.25,,,,"Train,Train_no_overlap,Val_phase4",val_grp,True,False,False,True,False,True,LM_2021282,0.305911
Tensor_Longmen_A2021283.1830.npz,2021,283,2021283,1830,LM,False,,"[64, 64]",121.43,141.44,,,,"Train,Train_no_overlap,Train_phase4",train_grp,True,False,False,True,True,False,LM_2021283,0.313984
Tensor_Longmen_A2021284.1812.npz,2021,284,2021284,1812,LM,False,,"[64, 64]",108.5,145.57,,,,"Train,Train_no_overlap,Train_phase4",train_grp,True,False,False,True,True,False,LM_2021284,0.305746
Tensor_Longmen_A2021285.1754.npz,2021,285,2021285,1754,LM,False,,"[64, 64]",95.75,149.61,,,,"Train,Train_no_overlap,Val_phase4",train_grp,True,False,False,True,False,True,LM_2021285,0.334426
Tensor_Longmen_A2021286.1736.npz,2021,286,2021286,1736,LM,False,,"[64, 64]",83.2,153.51,,,,"Train,Train_no_overlap,Train_phase4",train_grp,True,False,False,True,True,False,LM_2021286,0.343624
Tensor_Longmen_A2021287.1718.npz,2021,287,2021287,1718,LM,False,,"[64, 64]",70.84,157.21,,,,"Train,Train_no_overlap,Val_phase4",train_grp,True,False,False,True,False,True,LM_2021287,0.344091
Tensor_Longmen_A2021288.1836.npz,2021,288,2021288,1836,LM,False,,"[64, 64]",57.83,140.71,,,,"Train,Train_no_overlap,Train_phase4",train_grp,True,False,False,True,True,False,LM_2021288,0.297192
Tensor_Longmen_A2021289.1818.npz,2021,289,2021289,1818,LM,False,,"[64, 64]",45.92,144.92,,,,"Train,Train_no_overlap,Train_phase4",train_grp,True,False,False,True,True,False,LM_2021289,0.315551
Tensor_Longmen_A2021290.1800.npz,2021,290,2021290,1800,LM,False,,"[64, 64]",34.17,149.07,,,,"Train,Train_no_overlap,Train_phase4",train_grp,True,False,False,True,True,False,LM_2021290,0.317284
Tensor_Longmen_A2021291.1742.npz,2021,291,2021291,1742,LM,False,,"[64, 64]",22.6,153.14,,,,"Train,Train_no_overlap,Train_phase4",val_grp,True,False,False,True,True,False,LM_2021291,0.291401
Tensor_Longmen_A2021292.1724.npz,2021,292,2021292,1724,LM,False,,"[64, 64]",11.3,157.04,,,,"Train,Train_no_overlap,Train_phase4",train_grp,True,False,False,True,True,False,LM_2021292,0.306635
Tensor_Longmen_A2021293.1842.npz,2021,293,2021293,1842,LM,False,,"[64, 64]",3.12,139.86,,,,"Train,Train_no_overlap,Train_phase4",val_grp,True,False,False,True,True,False,LM_2021293,0.326405
Tensor_Longmen_A2021294.1824.npz,2021,294,2021294,1824,LM,False,,"[64, 64]",12.53,144.14,,,,"Train,Train_no_overlap,Train_phase4",train_grp,True,False,False,True,True,False,LM_2021294,0.322091
Tensor_Longmen_A2021295.1806.npz,2021,295,2021295,1806,LM,False,,"[64, 64]",23.45,148.39,,,,"Train,Train_no_overlap,Train_phase4",val_grp,True,False,False,True,True,False,LM_2021295,0.32111
Tensor_Longmen_A2021296.1748.npz,2021,296,2021296,1748,LM,False,,"[64, 64]",34.37,152.57,,,,"Train,Train_no_overlap,Val_phase4",train_grp,True,False,False,True,False,True,LM_2021296,0.319993
Tensor_Longmen_A2021297.1730.npz,2021,297,2021297,1730,LM,False,,"[64, 64]",45.24,156.66,,,,"Train,Train_no_overlap,Train_phase4",train_grp,True,False,False,True,True,False,LM_2021297,0.307667
Tensor_Longmen_A2021298.1712.npz,2021,298,2021298,1712,LM,False,,"[64, 64]",56.08,160.58,,,,"Train,Train_no_overlap,Val_phase4",val_grp,True,False,False,True,False,True,LM_2021298,0.302871
Tensor_Longmen_A2021298.1848.npz,2021,298,2021298,1848,LM,False,,"[64, 64]",56.53,138.97,,,,"Train,Train_no_overlap,Train_phase4",val_grp,True,False,False,True,True,False,LM_2021298,0.296
Tensor_Longmen_A2021299.1830.npz,2021,299,2021299,1830,LM,False,,"[64, 64]",67.46,143.29,,,,"Train,Train_no_overlap,Train_phase4",train_grp,True,False,False,True,True,False,LM_2021299,0.29154
Tensor_Longmen_A2021300.1812.npz,2021,300,2021300,1812,LM,False,,"[64, 64]",78.47,147.59,,,,"Train,Train_no_overlap,Train_phase4",train_grp,True,False,False,True,True,False,LM_2021300,0.327078
Tensor_Longmen_A2021301.1754.npz,2021,301,2021301,1754,LM,False,,"[64, 64]",89.65,151.87,,,,"Train,Train_no_overlap,Train_phase4",val_grp,True,False,False,True,True,False,LM_2021301,0.327522
Tensor_Longmen_A2021302.1736.npz,2021,302,2021302,1736,LM,False,,"[64, 64]",101.06,156.08,,,,"Train,Train_no_overlap,Train_phase4",train_grp,True,False,False,True,True,False,LM_2021302,0.318135
Tensor_Longmen_A2021303.1718.npz,2021,303,2021303,1718,LM,False,,"[64, 64]",112.75,160.2,,,,"Train,Train_no_overlap,Train_phase4",train_grp,True,False,False,True,True,False,LM_2021303,0.321809
Tensor_Longmen_A2021304.1836.npz,2021,304,2021304,1836,LM,False,,"[64, 64]",125.72,142.39,,,,"Train,Train_no_overlap,Train_phase4",val_grp,True,False,False,True,True,False,LM_2021304,0.297997
Tensor_Longmen_A2021305.1818.npz,2021,305,2021305,1818,LM,False,,"[64, 64]",138.27,146.74,,,,"Train,Train_no_overlap,Val_phase4",train_grp,True,False,False,True,False,True,LM_2021305,0.300338
Tensor_Longmen_A2021306.1800.npz,2021,306,2021306,1800,LM,False,,"[64, 64]",151.18,151.07,,,,"Train,Train_no_overlap,Train_phase4",train_grp,True,False,False,True,True,False,LM_2021306,0.329372
Tensor_Longmen_A2021307.1742.npz,2021,307,2021307,1742,LM,False,,"[64, 64]",164.4,155.37,,,,"Train,Train_no_overlap,Train_phase4",train_grp,True,False,False,True,True,False,LM_2021307,0.31505
Tensor_Longmen_A2021308.1724.npz,2021,308,2021308,1724,LM,False,,"[64, 64]",177.38,159.6,,,,"Train,Train_no_overlap,Train_phase4",train_grp,True,False,False,True,True,False,LM_2021308,0.31591
Tensor_Longmen_A2021309.1842.npz,2021,309,2021309,1842,LM,False,,"[64, 64]",166.91,141.47,,,,"Train,Train_no_overlap,Val_phase4",train_grp,True,False,False,True,False,True,LM_2021309,0.283727
Tensor_Longmen_A2021310.1824.npz,2021,310,2021310,1824,LM,False,,"[64, 64]",153.32,145.84,,,,"Train,Train_no_overlap,Train_phase4",train_grp,True,False,False,True,True,False,LM_2021310,0.282313
Tensor_Longmen_A2021311.1806.npz,2021,311,2021311,1806,LM,False,,"[64, 64]",139.84,150.21,,,,"Train,Train_no_overlap,Train_phase4",train_grp,True,False,False,True,True,False,LM_2021311,0.319728
Tensor_Longmen_A2021312.1748.npz,2021,312,2021312,1748,LM,False,,"[64, 64]",126.59,154.56,,,,"Train,Train_no_overlap,Train_phase4",val_grp,True,False,False,True,True,False,LM_2021312,0.305027
Tensor_Longmen_A2021313.1730.npz,2021,313,2021313,1730,LM,False,,"[64, 64]",113.63,158.88,,,,"Train,Train_no_overlap,Train_phase4",val_grp,True,False,False,True,True,False,LM_2021313,0.307481
Tensor_Longmen_A2021314.1712.npz,2021,314,2021314,1712,LM,False,,"[64, 64]",100.99,163.14,,,,"Train,Train_no_overlap,Train_phase4",val_grp,True,False,False,True,True,False,LM_2021314,0.29688
Tensor_Longmen_A2021314.1848.npz,2021,314,2021314,1848,LM,False,,"[64, 64]",99.87,140.48,,,,"Train,Train_no_overlap,Train_phase4",val_grp,True,False,False,True,True,False,LM_2021314,0.304692
Tensor_Longmen_A2021315.1830.npz,2021,315,2021315,1830,LM,False,,"[64, 64]",87.65,144.91,,,,"Train,Train_no_overlap,Train_phase4",train_grp,True,False,False,True,True,False,LM_2021315,0.310131
Tensor_Longmen_A2021316.1812.npz,2021,316,2021316,1812,LM,False,,"[64, 64]",75.72,149.3,,,,"Train,Train_no_overlap,Val_phase4",train_grp,True,False,False,True,False,True,LM_2021316,0.327205
Tensor_Longmen_A2021317.1754.npz,2021,317,2021317,1754,LM,False,,"[64, 64]",64.03,153.68,,,,"Train,Train_no_overlap,Train_phase4",train_grp,True,False,False,True,True,False,LM_2021317,0.319884
Tensor_Longmen_A2021318.1736.npz,2021,318,2021318,1736,LM,False,,"[64, 64]",52.52,158.05,,,,"Train,Train_no_overlap,Train_phase4",val_grp,True,False,False,True,True,False,LM_2021318,0.323764
Tensor_Longmen_A2021319.1718.npz,2021,319,2021319,1718,LM,False,,"[64, 64]",41.18,162.41,,,,"Train,Train_no_overlap,Train_phase4",train_grp,True,False,False,True,True,False,LM_2021319,0.320989
Tensor_Longmen_A2021320.1836.npz,2021,320,2021320,1836,LM,False,,"[64, 64]",29.37,143.99,,,,"Train,Train_no_overlap,Train_phase4",train_grp,True,False,False,True,True,False,LM_2021320,0.305151
Tensor_Longmen_A2021321.1818.npz,2021,321,2021321,1818,LM,False,,"[64, 64]",18.31,148.37,,,,"Train,Train_no_overlap,Train_phase4",train_grp,True,False,False,True,True,False,LM_2021321,0.323723
Tensor_Longmen_A2021323.1742.npz,2021,323,2021323,1742,LM,False,,"[64, 64]",3.66,157.19,,,,"Train,Train_no_overlap,Train_phase4",train_grp,True,False,False,True,True,False,LM_2021323,0.297308
Tensor_Longmen_A2021324.1724.npz,2021,324,2021324,1724,LM,False,,"[64, 64]",14.57,161.58,,,,"Train,Train_no_overlap,Train_phase4",train_grp,True,False,False,True,True,False,LM_2021324,0.317959
Tensor_Longmen_A2021325.1842.npz,2021,325,2021325,1842,LM,False,,"[64, 64]",25.87,143.09,,,,"Train,Train_no_overlap,Train_phase4",train_grp,True,False,False,True,True,False,LM_2021325,0.302642
Tensor_Longmen_A2021326.1824.npz,2021,326,2021326,1824,LM,False,,"[64, 64]",36.78,147.49,,,,"Train,Train_no_overlap,Train_phase4",train_grp,True,False,False,True,True,False,LM_2021326,0.295886
Tensor_Longmen_A2021327.1806.npz,2021,327,2021327,1806,LM,False,,"[64, 64]",47.74,151.9,,,,"Train,Train_no_overlap,Val_phase4",train_grp,True,False,False,True,False,True,LM_2021327,0.298541
Tensor_Longmen_A2021328.1748.npz,2021,328,2021328,1748,LM,False,,"[64, 64]",58.79,156.32,,,,"Train,Train_no_overlap,Train_phase4",train_grp,True,False,False,True,True,False,LM_2021328,0.333827
Tensor_Longmen_A2021329.1730.npz,2021,329,2021329,1730,LM,False,,"[64, 64]",69.97,160.74,,,,"Train,Train_no_overlap,Train_phase4",train_grp,True,False,False,True,True,False,LM_2021329,0.291738
Tensor_Longmen_A2021330.1712.npz,2021,330,2021330,1712,LM,False,,"[64, 64]",81.35,165.15,,,,"Train,Train_no_overlap,Train_phase4",train_grp,True,False,False,True,True,False,LM_2021330,0.316858
Tensor_Longmen_A2021330.1848.npz,2021,330,2021330,1848,LM,False,,"[64, 64]",81.95,142.2,,,,"Train,Train_no_overlap,Train_phase4",train_grp,True,False,False,True,True,False,LM_2021330,0.29435
Tensor_Longmen_A2021331.1830.npz,2021,331,2021331,1830,LM,False,,"[64, 64]",93.7,146.63,,,,"Train,Train_no_overlap,Val_phase4",train_grp,True,False,False,True,False,True,LM_2021331,0.279813
Tensor_Longmen_A2021332.1812.npz,2021,332,2021332,1812,LM,False,,"[64, 64]",105.76,151.04,,,,"Train,Train_no_overlap,Train_phase4",val_grp,True,False,False,True,True,False,LM_2021332,0.281924
Tensor_Longmen_A2021333.1754.npz,2021,333,2021333,1754,LM,False,,"[64, 64]",118.2,155.45,,,,"Train,Train_no_overlap,Train_phase4",train_grp,True,False,False,True,True,False,LM_2021333,0.296592
Tensor_Longmen_A2021334.1736.npz,2021,334,2021334,1736,LM,False,,"[64, 64]",131.01,159.87,,,,"Train,Train_no_overlap,Train_phase4",train_grp,True,False,False,True,True,False,LM_2021334,0.290182
Tensor_Longmen_A2021335.1718.npz,2021,335,2021335,1718,LM,False,,"[64, 64]",144.19,164.31,,,,"Train,Train_no_overlap,Train_phase4",val_grp,True,False,False,True,True,False,LM_2021335,0.29911
Tensor_Longmen_A2021336.1836.npz,2021,336,2021336,1836,LM,False,,"[64, 64]",158.93,145.79,,,,"Train,Train_no_overlap,Train_phase4",train_grp,True,False,False,True,True,False,LM_2021336,0.282855
Tensor_Longmen_A2021337.1818.npz,2021,337,2021337,1818,LM,False,,"[64, 64]",172.69,150.18,,,,"Train,Train_no_overlap,Train_phase4",train_grp,True,False,False,True,True,False,LM_2021337,0.286678
Tensor_Longmen_A2021338.1800.npz,2021,338,2021338,1800,LM,False,,"[64, 64]",173.34,154.6,,,,"Train,Train_no_overlap,Train_phase4",train_grp,True,False,False,True,True,False,LM_2021338,0.295768
Tensor_Longmen_A2021340.1724.npz,2021,340,2021340,1724,LM,False,,"[64, 64]",146.1,163.45,,,,"Train,Train_no_overlap,Train_phase4",train_grp,True,False,False,True,True,False,LM_2021340,0.302552
Tensor_Longmen_A2021341.1842.npz,2021,341,2021341,1842,LM,False,,"[64, 64]",131.61,144.97,,,,"Train,Train_no_overlap,Train_phase4",train_grp,True,False,False,True,True,False,LM_2021341,0.286356
Tensor_Longmen_A2021342.1824.npz,2021,342,2021342,1824,LM,False,,"[64, 64]",118.87,149.36,,,,"Train,Train_no_overlap,Val_phase4",val_grp,True,False,False,True,False,True,LM_2021342,0.296696
Tensor_Longmen_A2021343.1806.npz,2021,343,2021343,1806,LM,False,,"[64, 64]",106.53,153.76,,,,"Train,Train_no_overlap,Train_phase4",train_grp,True,False,False,True,True,False,LM_2021343,0.284839
Tensor_Longmen_A2021344.1748.npz,2021,344,2021344,1748,LM,False,,"[64, 64]",94.57,158.18,,,,"Train,Train_no_overlap,Val_phase4",train_grp,True,False,False,True,False,True,LM_2021344,0.300281
Tensor_Longmen_A2021345.1730.npz,2021,345,2021345,1730,LM,False,,"[64, 64]",82.93,162.61,,,,"Train,Train_no_overlap,Train_phase4",train_grp,True,False,False,True,True,False,LM_2021345,0.299131
Tensor_Longmen_A2021346.1712.npz,2021,346,2021346,1712,LM,False,,"[64, 64]",71.56,167.05,,,,"Train,Train_no_overlap,Train_phase4",train_grp,True,False,False,True,True,False,LM_2021346,0.301676
Tensor_Longmen_A2021346.1848.npz,2021,346,2021346,1848,LM,False,,"[64, 64]",70.73,144.16,,,,"Train,Train_no_overlap,Train_phase4",train_grp,True,False,False,True,True,False,LM_2021346,0.277395
Tensor_Longmen_A2021347.1830.npz,2021,347,2021347,1830,LM,False,,"[64, 64]",59.67,148.54,,,,"Train,Train_no_overlap,Train_phase4",train_grp,True,False,False,True,True,False,LM_2021347,0.261868
Tensor_Longmen_A2021348.1812.npz,2021,348,2021348,1812,LM,False,,"[64, 64]",48.73,152.93,,,,"Train,Train_no_overlap,Train_phase4",train_grp,True,False,False,True,True,False,LM_2021348,0.318455
Tensor_Longmen_A2021349.1754.npz,2021,349,2021349,1754,LM,False,,"[64, 64]",37.88,157.34,,,,"Train,Train_no_overlap,Train_phase4",train_grp,True,False,False,True,True,False,LM_2021349,0.328408
Tensor_Longmen_A2021350.1736.npz,2021,350,2021350,1736,LM,False,,"[64, 64]",27.06,161.76,,,,"Train,Train_no_overlap,Train_phase4",train_grp,True,False,False,True,True,False,LM_2021350,0.328952
Tensor_Longmen_A2021351.1718.npz,2021,351,2021351,1718,LM,False,,"[64, 64]",16.28,166.21,,,,"Train,Train_no_overlap,Train_phase4",train_grp,True,False,False,True,True,False,LM_2021351,0.327776
Tensor_Longmen_A2021352.1836.npz,2021,352,2021352,1836,LM,False,,"[64, 64]",5.32,147.72,,,,"Train,Train_no_overlap,Val_phase4",train_grp,True,False,False,True,False,True,LM_2021352,0.282822
Tensor_Longmen_A2021353.1818.npz,2021,353,2021353,1818,LM,False,,"[64, 64]",6.51,152.1,,,,"Train,Train_no_overlap,Val_phase4",train_grp,True,False,False,True,False,True,LM_2021353,0.30488
Tensor_Longmen_A2021354.1800.npz,2021,354,2021354,1800,LM,False,,"[64, 64]",17.22,156.5,,,,"Train,Train_no_overlap,Train_phase4",train_grp,True,False,False,True,True,False,LM_2021354,0.330631
Tensor_Longmen_A2021355.1742.npz,2021,355,2021355,1742,LM,False,,"[64, 64]",28.22,160.92,,,,"Train,Train_no_overlap,Val_phase4",train_grp,True,False,False,True,False,True,LM_2021355,0.316401
Tensor_Longmen_A2021356.1724.npz,2021,356,2021356,1724,LM,False,,"[64, 64]",39.36,165.35,,,,"Train,Train_no_overlap,Train_phase4",train_grp,True,False,False,True,True,False,LM_2021356,0.331399
Tensor_Longmen_A2021357.1842.npz,2021,357,2021357,1842,LM,False,,"[64, 64]",51.12,146.89,,,,"Train,Train_no_overlap,Train_phase4",train_grp,True,False,False,True,True,False,LM_2021357,0.32633
Tensor_Longmen_A2021358.1824.npz,2021,358,2021358,1824,LM,False,,"[64, 64]",62.63,151.27,,,,"Train,Train_no_overlap,Train_phase4",val_grp,True,False,False,True,True,False,LM_2021358,0.282563
Tensor_Longmen_A2021359.1806.npz,2021,359,2021359,1806,LM,False,,"[64, 64]",74.37,155.66,,,,"Train,Train_no_overlap,Train_phase4",train_grp,True,False,False,True,True,False,LM_2021359,0.302999
Tensor_Longmen_A2021360.1748.npz,2021,360,2021360,1748,LM,False,,"[64, 64]",86.37,160.08,,,,"Train,Train_no_overlap,Train_phase4",train_grp,True,False,False,True,True,False,LM_2021360,0.314252
Tensor_Longmen_A2021361.1730.npz,2021,361,2021361,1730,LM,False,,"[64, 64]",98.65,164.49,,,,"Train,Train_no_overlap,Train_phase4",train_grp,True,False,False,True,True,False,LM_2021361,0.312475
Tensor_Longmen_A2021362.1848.npz,2021,362,2021362,1848,LM,False,,"[64, 64]",112.15,146.03,,,,"Train,Train_no_overlap,Val_phase4",train_grp,True,False,False,True,False,True,LM_2021362,0.293604
Tensor_Longmen_A2021363.1830.npz,2021,363,2021363,1830,LM,False,,"[64, 64]",125.21,150.4,,,,"Train,Train_no_overlap,Train_phase4",train_grp,True,False,False,True,True,False,LM_2021363,0.294402
Tensor_Longmen_A2021364.1812.npz,2021,364,2021364,1812,LM,False,,"[64, 64]",138.56,154.78,,,,"Train,Train_no_overlap,Train_phase4",train_grp,True,False,False,True,True,False,LM_2021364,0.274838
Tensor_Longmen_A2021365.1754.npz,2021,365,2021365,1754,LM,False,,"[64, 64]",152.09,159.18,,,,"Train,Train_no_overlap,Val_phase4",train_grp,True,False,False,True,False,True,LM_2021365,0.30604
Tensor_Longmen_A2022001.1736.npz,2022,1,2022001,1736,LM,False,,"[64, 64]",165.61,163.59,,,,"Train,Train_no_overlap,Train_phase4",val_grp,True,False,False,True,True,False,LM_2022001,0.32309
Tensor_Longmen_A2022003.1836.npz,2022,3,2022003,1836,LM,False,,"[64, 64]",164.95,149.49,,,,"Train,Train_no_overlap,Train_phase4",train_grp,True,False,False,True,True,False,LM_2022003,0.264542
Tensor_Longmen_A2022004.1818.npz,2022,4,2022004,1818,LM,False,,"[64, 64]",151.85,153.85,,,,"Train,Train_no_overlap,Train_phase4",train_grp,True,False,False,True,True,False,LM_2022004,0.315528
Tensor_Longmen_A2022005.1800.npz,2022,5,2022005,1800,LM,False,,"[64, 64]",139.01,158.24,,,,"Train,Train_no_overlap,Train_phase4",train_grp,True,False,False,True,True,False,LM_2022005,0.300784
Tensor_Longmen_A2022006.1742.npz,2022,6,2022006,1742,LM,False,,"[64, 64]",126.55,162.64,,,,"Train,Train_no_overlap,Val_phase4",train_grp,True,False,False,True,False,True,LM_2022006,0.309776
Tensor_Longmen_A2022007.1724.npz,2022,7,2022007,1724,LM,False,,"[64, 64]",114.49,167.03,,,,"Train,Train_no_overlap,Train_phase4",train_grp,True,False,False,True,True,False,LM_2022007,0.298545
Tensor_Longmen_A2022008.1842.npz,2022,8,2022008,1842,LM,False,,"[64, 64]",101.79,148.48,,,,"Train,Train_no_overlap,Train_phase4",train_grp,True,False,False,True,True,False,LM_2022008,0.267729
Tensor_Longmen_A2022009.1824.npz,2022,9,2022009,1824,LM,False,,"[64, 64]",90.53,152.84,,,,"Train,Train_no_overlap,Val_phase4",train_grp,True,False,False,True,False,True,LM_2022009,0.289636
Tensor_Longmen_A2022010.1806.npz,2022,10,2022010,1806,LM,False,,"[64, 64]",79.52,157.22,,,,"Train,Train_no_overlap,Train_phase4",train_grp,True,False,False,True,True,False,LM_2022010,0.310412
Tensor_Longmen_A2022011.1748.npz,2022,11,2022011,1748,LM,False,,"[64, 64]",68.68,161.59,,,,"Train,Train_no_overlap,Train_phase4",train_grp,True,False,False,True,True,False,LM_2022011,0.303481
Tensor_Longmen_A2022012.1730.npz,2022,12,2022012,1730,LM,False,,"[64, 64]",57.93,165.95,,,,"Train,Train_no_overlap,Train_phase4",val_grp,True,False,False,True,True,False,LM_2022012,0.308757
Tensor_Longmen_A2022013.1848.npz,2022,13,2022013,1848,LM,False,,"[64, 64]",46.59,147.39,,,,"Train,Train_no_overlap,Val_phase4",train_grp,True,False,False,True,False,True,LM_2022013,0.32201
Tensor_Longmen_A2022014.1830.npz,2022,14,2022014,1830,LM,False,,"[64, 64]",35.94,151.73,,,,"Train,Train_no_overlap,Val_phase4",train_grp,True,False,False,True,False,True,LM_2022014,0.317579
Tensor_Longmen_A2022015.1812.npz,2022,15,2022015,1812,LM,False,,"[64, 64]",25.25,156.08,,,,"Train,Train_no_overlap,Train_phase4",train_grp,True,False,False,True,True,False,LM_2022015,0.325086
Tensor_Longmen_A2022016.1754.npz,2022,16,2022016,1754,LM,False,,"[64, 64]",14.6,160.42,,,,"Train,Train_no_overlap,Train_phase4",train_grp,True,False,False,True,True,False,LM_2022016,0.319843
Tensor_Longmen_A2022017.1736.npz,2022,17,2022017,1736,LM,False,,"[64, 64]",5.14,164.74,,,,"Train,Train_no_overlap,Train_phase4",train_grp,True,False,False,True,True,False,LM_2022017,0.312308
Tensor_Longmen_A2022019.1836.npz,2022,19,2022019,1836,LM,False,,"[64, 64]",20.6,150.51,,,,"Train,Train_no_overlap,Val_phase4",train_grp,True,False,False,True,False,True,LM_2022019,0.28278
Tensor_Longmen_A2022020.1818.npz,2022,20,2022020,1818,LM,False,,"[64, 64]",32.02,154.82,,,,"Train,Train_no_overlap,Train_phase4",train_grp,True,False,False,True,True,False,LM_2022020,0.314212
Tensor_Longmen_A2022021.1800.npz,2022,21,2022021,1800,LM,False,,"[64, 64]",43.7,159.11,,,,"Train,Train_no_overlap,Train_phase4",train_grp,True,False,False,True,True,False,LM_2022021,0.319388
Tensor_Longmen_A2022022.1742.npz,2022,22,2022022,1742,LM,False,,"[64, 64]",55.59,163.38,,,,"Train,Train_no_overlap,Train_phase4",train_grp,True,False,False,True,True,False,LM_2022022,0.287961
Tensor_Longmen_A2022024.1842.npz,2022,24,2022024,1842,LM,False,,"[64, 64]",80.67,149.14,,,,"Train,Train_no_overlap,Train_phase4",train_grp,True,False,False,True,True,False,LM_2022024,0.292829
Tensor_Longmen_A2022025.1824.npz,2022,25,2022025,1824,LM,False,,"[64, 64]",93.29,153.41,,,,"Train,Train_no_overlap,Val_phase4",train_grp,True,False,False,True,False,True,LM_2022025,0.299079
Tensor_Longmen_A2022026.1806.npz,2022,26,2022026,1806,LM,False,,"[64, 64]",106.13,157.66,,,,"Train,Train_no_overlap,Train_phase4",train_grp,True,False,False,True,True,False,LM_2022026,0.325401
Tensor_Longmen_A2022027.1748.npz,2022,27,2022027,1748,LM,False,,"[64, 64]",119.18,161.85,,,,"Train,Train_no_overlap,Train_phase4",val_grp,True,False,False,True,True,False,LM_2022027,0.313969
Tensor_Longmen_A2022029.1848.npz,2022,29,2022029,1848,LM,False,,"[64, 64]",146.77,147.62,,,,"Train,Train_no_overlap,Train_phase4",train_grp,True,False,False,True,True,False,LM_2022029,0.302676
Tensor_Longmen_A2022030.1830.npz,2022,30,2022030,1830,LM,False,,"[64, 64]",159.99,151.85,,,,"Train,Train_no_overlap,Train_phase4",train_grp,True,False,False,True,True,False,LM_2022030,0.312244
Tensor_Longmen_A2022031.1812.npz,2022,31,2022031,1812,LM,False,,"[64, 64]",172.2,156.04,,,,"Train,Train_no_overlap,Train_phase4",val_grp,True,False,False,True,True,False,LM_2022031,0.32176
Tensor_Longmen_A2022032.1754.npz,2022,32,2022032,1754,LM,False,,"[64, 64]",171.3,160.16,,,,"Train,Train_no_overlap,Train_phase4",train_grp,True,False,False,True,True,False,LM_2022032,0.324365
Tensor_Longmen_A2022035.1836.npz,2022,35,2022035,1836,LM,False,,"[64, 64]",133.91,150.13,,,,"Train,Train_no_overlap,Train_phase4",train_grp,True,False,False,True,True,False,LM_2022035,0.268022
Tensor_Longmen_A2022036.1818.npz,2022,36,2022036,1818,LM,False,,"[64, 64]",122.28,154.24,,,,"Train,Train_no_overlap,Val_phase4",train_grp,True,False,False,True,False,True,LM_2022036,0.319533
Tensor_Longmen_A2022037.1800.npz,2022,37,2022037,1800,LM,False,,"[64, 64]",110.98,158.26,,,,"Train,Train_no_overlap,Val_phase4",train_grp,True,False,False,True,False,True,LM_2022037,0.337601
Tensor_Longmen_A2022038.1742.npz,2022,38,2022038,1742,LM,False,,"[64, 64]",99.94,162.12,,,,"Train,Train_no_overlap,Train_phase4",val_grp,True,False,False,True,True,False,LM_2022038,0.32003
Tensor_Longmen_A2022040.1842.npz,2022,40,2022040,1842,LM,False,,"[64, 64]",77.57,148.21,,,,"Train,Train_no_overlap,Val_phase4",train_grp,True,False,False,True,False,True,LM_2022040,0.296448
Tensor_Longmen_A2022041.1824.npz,2022,41,2022041,1824,LM,False,,"[64, 64]",66.97,152.26,,,,"Train,Train_no_overlap,Train_phase4",train_grp,True,False,False,True,True,False,LM_2022041,0.299996
Tensor_Longmen_A2022042.1806.npz,2022,42,2022042,1806,LM,False,,"[64, 64]",56.33,156.21,,,,"Train,Train_no_overlap,Train_phase4",val_grp,True,False,False,True,True,False,LM_2022042,0.333646
Tensor_Longmen_A2022043.1748.npz,2022,43,2022043,1748,LM,False,,"[64, 64]",45.59,159.98,,,,"Train,Train_no_overlap,Val_phase4",train_grp,True,False,False,True,False,True,LM_2022043,0.322907
Tensor_Longmen_A2022045.1848.npz,2022,45,2022045,1848,LM,False,,"[64, 64]",23.12,146.14,,,,"Train,Train_no_overlap,Train_phase4",train_grp,True,False,False,True,True,False,LM_2022045,0.29305
Tensor_Longmen_A2022046.1830.npz,2022,46,2022046,1830,LM,False,,"[64, 64]",12.21,150.13,,,,"Train,Train_no_overlap,Train_phase4",val_grp,True,False,False,True,True,False,LM_2022046,0.292469
Tensor_Longmen_A2022047.1812.npz,2022,47,2022047,1812,LM,False,,"[64, 64]",4.75,154.0,,,,"Train,Train_no_overlap,Train_phase4",val_grp,True,False,False,True,True,False,LM_2022047,0.327446
Tensor_Longmen_A2022048.1754.npz,2022,48,2022048,1754,LM,False,,"[64, 64]",13.15,157.68,,,,"Train,Train_no_overlap,Train_phase4",train_grp,True,False,False,True,True,False,LM_2022048,0.337259
Tensor_Longmen_A2022049.1736.npz,2022,49,2022049,1736,LM,False,,"[64, 64]",24.84,161.05,,,,"Train,Train_no_overlap,Train_phase4",train_grp,True,False,False,True,True,False,LM_2022049,0.337842
Tensor_Longmen_A2022051.1836.npz,2022,51,2022051,1836,LM,False,,"[64, 64]",49.95,147.87,,,,"Train,Train_no_overlap,Train_phase4",train_grp,True,False,False,True,True,False,LM_2022051,0.309651
Tensor_Longmen_A2022052.1818.npz,2022,52,2022052,1818,LM,False,,"[64, 64]",62.57,151.67,,,,"Train,Train_no_overlap,Train_phase4",val_grp,True,False,False,True,True,False,LM_2022052,0.293614
Tensor_Longmen_A2022053.1800.npz,2022,53,2022053,1800,LM,False,,"[64, 64]",75.31,155.27,,,,"Train,Train_no_overlap,Val_phase4",train_grp,True,False,False,True,False,True,LM_2022053,0.338804
Tensor_Longmen_A2022054.1742.npz,2022,54,2022054,1742,LM,False,,"[64, 64]",88.16,158.58,,,,"Train,Train_no_overlap,Train_phase4",train_grp,True,False,False,True,True,False,LM_2022054,0.316153
Tensor_Longmen_A2022056.1842.npz,2022,56,2022056,1842,LM,False,,"[64, 64]",114.96,145.48,,,,"Train,Train_no_overlap,Val_phase4",train_grp,True,False,False,True,False,True,LM_2022056,0.269039
Tensor_Longmen_A2022057.1824.npz,2022,57,2022057,1824,LM,False,,"[64, 64]",128.01,149.22,,,,"Train,Train_no_overlap,Train_phase4",train_grp,True,False,False,True,True,False,LM_2022057,0.29386
Tensor_Longmen_A2022058.1806.npz,2022,58,2022058,1806,LM,False,,"[64, 64]",141.0,152.76,,,,"Train,Train_no_overlap,Val_phase4",train_grp,True,False,False,True,False,True,LM_2022058,0.345255
Tensor_Longmen_A2022059.1748.npz,2022,59,2022059,1748,LM,False,,"[64, 64]",153.8,156.02,,,,"Train,Train_no_overlap,Train_phase4",train_grp,True,False,False,True,True,False,LM_2022059,0.312413
Tensor_Longmen_A2022061.1848.npz,2022,61,2022061,1848,LM,False,,"[64, 64]",174.7,142.99,,,,"Train,Train_no_overlap,Train_phase4",train_grp,True,False,False,True,True,False,LM_2022061,0.306462
Tensor_Longmen_A2022062.1830.npz,2022,62,2022062,1830,LM,False,,"[64, 64]",165.81,146.67,,,,"Train,Train_no_overlap,Val_phase4",train_grp,True,False,False,True,False,True,LM_2022062,0.313919
Tensor_Longmen_A2022063.1812.npz,2022,63,2022063,1812,LM,False,,"[64, 64]",154.27,150.16,,,,"Train,Train_no_overlap,Train_phase4",train_grp,True,False,False,True,True,False,LM_2022063,0.288938
Tensor_Longmen_A2022064.1754.npz,2022,64,2022064,1754,LM,False,,"[64, 64]",142.78,153.37,,,,"Train,Train_no_overlap,Train_phase4",train_grp,True,False,False,True,True,False,LM_2022064,0.317777
Tensor_Longmen_A2022065.1736.npz,2022,65,2022065,1736,LM,False,,"[64, 64]",131.5,156.18,,,,"Train,Train_no_overlap,Val_phase4",train_grp,True,False,False,True,False,True,LM_2022065,0.32179
Tensor_Longmen_A2022067.1836.npz,2022,67,2022067,1836,LM,False,,"[64, 64]",108.62,144.06,,,,"Train,Train_no_overlap,Train_phase4",train_grp,True,False,False,True,True,False,LM_2022067,0.272834
Tensor_Longmen_A2022068.1818.npz,2022,68,2022068,1818,LM,False,,"[64, 64]",97.97,147.49,,,,"Train,Train_no_overlap,Train_phase4",train_grp,True,False,False,True,True,False,LM_2022068,0.288321
Tensor_Longmen_A2022069.1800.npz,2022,69,2022069,1800,LM,False,,"[64, 64]",87.36,150.67,,,,"Train,Train_no_overlap,Train_phase4",val_grp,True,False,False,True,True,False,LM_2022069,0.295884
Tensor_Longmen_A2022070.1742.npz,2022,70,2022070,1742,LM,False,,"[64, 64]",76.72,153.49,,,,"Train,Train_no_overlap,Train_phase4",train_grp,True,False,False,True,True,False,LM_2022070,0.307918
Tensor_Longmen_A2022072.1842.npz,2022,72,2022072,1842,LM,False,,"[64, 64]",54.29,141.38,,,,"Train,Train_no_overlap,Train_phase4",train_grp,True,False,False,True,True,False,LM_2022072,0.309198
Tensor_Longmen_A2022073.1824.npz,2022,73,2022073,1824,LM,False,,"[64, 64]",43.15,144.78,,,,"Train,Train_no_overlap,Train_phase4",train_grp,True,False,False,True,True,False,LM_2022073,0.310781
Tensor_Longmen_A2022074.1806.npz,2022,74,2022074,1806,LM,False,,"[64, 64]",31.72,147.93,,,,"Train,Train_no_overlap,Train_phase4",train_grp,True,False,False,True,True,False,LM_2022074,0.344601
Tensor_Longmen_A2022075.1748.npz,2022,75,2022075,1748,LM,False,,"[64, 64]",20.02,150.75,,,,"Train,Train_no_overlap,Val_phase4",val_grp,True,False,False,True,False,True,LM_2022075,0.329961
Tensor_Longmen_A2022077.1848.npz,2022,77,2022077,1848,LM,False,,"[64, 64]",6.7,138.66,,,,"Train,Train_no_overlap,Train_phase4",train_grp,True,False,False,True,True,False,LM_2022077,0.310594
Tensor_Longmen_A2022078.1830.npz,2022,78,2022078,1830,LM,False,,"[64, 64]",18.72,142.03,,,,"Train,Train_no_overlap,Train_phase4",train_grp,True,False,False,True,True,False,LM_2022078,0.316716
Tensor_Longmen_A2022079.1812.npz,2022,79,2022079,1812,LM,False,,"[64, 64]",31.55,145.16,,,,"Train,Train_no_overlap,Val_phase4",val_grp,True,False,False,True,False,True,LM_2022079,0.315243
Tensor_Longmen_A2022080.1754.npz,2022,80,2022080,1754,LM,False,,"[64, 64]",44.59,147.99,,,,"Train,Train_no_overlap,Val_phase4",train_grp,True,False,False,True,False,True,LM_2022080,0.346104
Tensor_Longmen_A2022081.1736.npz,2022,81,2022081,1736,LM,False,,"[64, 64]",57.7,150.41,,,,"Train,Train_no_overlap,Val_phase4",train_grp,True,False,False,True,False,True,LM_2022081,0.314232
Tensor_Longmen_A2022083.1836.npz,2022,83,2022083,1836,LM,False,,"[64, 64]",84.59,139.28,,,,"Train,Train_no_overlap,Val_phase4",train_grp,True,False,False,True,False,True,LM_2022083,0.295602
Tensor_Longmen_A2022084.1818.npz,2022,84,2022084,1818,LM,False,,"[64, 64]",97.61,142.4,,,,"Train,Train_no_overlap,Train_phase4",train_grp,True,False,False,True,True,False,LM_2022084,0.325648
Tensor_Longmen_A2022085.1800.npz,2022,85,2022085,1800,LM,False,,"[64, 64]",110.51,145.23,,,,"Train,Train_no_overlap,Train_phase4",train_grp,True,False,False,True,True,False,LM_2022085,0.31925
Tensor_Longmen_A2022086.1742.npz,2022,86,2022086,1742,LM,False,,"[64, 64]",123.25,147.7,,,,"Train,Train_no_overlap,Train_phase4",train_grp,True,False,False,True,True,False,LM_2022086,0.309186
Tensor_Longmen_A2022088.1842.npz,2022,88,2022088,1842,LM,False,,"[64, 64]",149.2,136.53,,,,"Train,Train_no_overlap,Train_phase4",val_grp,True,False,False,True,True,False,LM_2022088,0.29199
Tensor_Longmen_A2022089.1824.npz,2022,89,2022089,1824,LM,False,,"[64, 64]",161.29,139.65,,,,"Train,Train_no_overlap,Train_phase4",train_grp,True,False,False,True,True,False,LM_2022089,0.318017
Tensor_Longmen_A2022090.1806.npz,2022,90,2022090,1806,LM,False,,"[64, 64]",172.6,142.5,,,,"Train,Train_no_overlap,Train_phase4",val_grp,True,False,False,True,True,False,LM_2022090,0.34035
Tensor_Longmen_A2022091.1748.npz,2022,91,2022091,1748,LM,False,,"[64, 64]",173.26,145.0,,,,"Train,Train_no_overlap,Train_phase4",train_grp,True,False,False,True,True,False,LM_2022091,0.32951
Tensor_Longmen_A2022093.1848.npz,2022,93,2022093,1848,LM,False,,"[64, 64]",150.35,133.82,,,,"Train,Train_no_overlap,Val_phase4",train_grp,True,False,False,True,False,True,LM_2022093,0.285744
Tensor_Longmen_A2022094.1830.npz,2022,94,2022094,1830,LM,False,,"[64, 64]",139.41,136.93,,,,"Train,Train_no_overlap,Val_phase4",train_grp,True,False,False,True,False,True,LM_2022094,0.274185
Tensor_Longmen_A2022095.1812.npz,2022,95,2022095,1812,LM,False,,"[64, 64]",128.64,139.79,,,,"Train,Train_no_overlap,Train_phase4",train_grp,True,False,False,True,True,False,LM_2022095,0.304793
Tensor_Longmen_A2022096.1754.npz,2022,96,2022096,1754,LM,False,,"[64, 64]",117.97,142.34,,,,"Train,Train_no_overlap,Train_phase4",train_grp,True,False,False,True,True,False,LM_2022096,0.317567
Tensor_Longmen_A2022097.1736.npz,2022,97,2022097,1736,LM,False,,"[64, 64]",107.36,144.5,,,,"Train,Train_no_overlap,Train_phase4",train_grp,True,False,False,True,True,False,LM_2022097,0.303464
Tensor_Longmen_A2022099.1836.npz,2022,99,2022099,1836,LM,False,,"[64, 64]",85.09,134.27,,,,"Train,Train_no_overlap,Train_phase4",train_grp,True,False,False,True,True,False,LM_2022099,0.273571
Tensor_Longmen_A2022100.1818.npz,2022,100,2022100,1818,LM,False,,"[64, 64]",74.21,137.14,,,,"Train,Train_no_overlap,Train_phase4",train_grp,True,False,False,True,True,False,LM_2022100,0.279296
Tensor_Longmen_A2022101.1800.npz,2022,101,2022101,1800,LM,False,,"[64, 64]",63.05,139.72,,,,"Train,Train_no_overlap,Val_phase4",train_grp,True,False,False,True,False,True,LM_2022101,0.275643
Tensor_Longmen_A2022102.1742.npz,2022,102,2022102,1742,LM,False,,"[64, 64]",51.55,141.95,,,,"Train,Train_no_overlap,Train_phase4",train_grp,True,False,False,True,True,False,LM_2022102,0.333072
Tensor_Longmen_A2022104.1842.npz,2022,104,2022104,1842,LM,False,,"[64, 64]",26.64,131.66,,,,"Train,Train_no_overlap,Train_phase4",train_grp,True,False,False,True,True,False,LM_2022104,0.325294
Tensor_Longmen_A2022105.1824.npz,2022,105,2022105,1824,LM,False,,"[64, 64]",13.97,134.56,,,,"Train,Train_no_overlap,Train_phase4",train_grp,True,False,False,True,True,False,LM_2022105,0.320878
Tensor_Longmen_A2022106.1806.npz,2022,106,2022106,1806,LM,False,,"[64, 64]",1.8,137.19,,,,"Train,Train_no_overlap,Val_phase4",val_grp,True,False,False,True,False,True,LM_2022106,0.338248
Tensor_Longmen_A2022107.1748.npz,2022,107,2022107,1748,LM,False,,"[64, 64]",12.75,139.47,,,,"Train,Train_no_overlap,Train_phase4",train_grp,True,False,False,True,True,False,LM_2022107,0.31623
Tensor_Longmen_A2022146.1712.npz,2022,146,2022146,1712,LM,False,,"[64, 64]",138.05,132.78,,,,"Train,Train_no_overlap,Train_phase4",train_grp,True,False,False,True,True,False,LM_2022146,0.334716
Tensor_Longmen_A2022146.1854.npz,2022,146,2022146,1854,LM,False,,"[64, 64]",139.0,120.78,,,,"Train,Train_no_overlap,Val_phase4",train_grp,True,False,False,True,False,True,LM_2022146,0.291598
Tensor_Longmen_A2022147.1836.npz,2022,147,2022147,1836,LM,False,,"[64, 64]",150.3,123.53,,,,"Train,Train_no_overlap,Train_phase4",train_grp,True,False,False,True,True,False,LM_2022147,0.321955
Tensor_Longmen_A2022148.1818.npz,2022,148,2022148,1818,LM,False,,"[64, 64]",161.39,126.03,,,,"Train,Train_no_overlap,Train_phase4",train_grp,True,False,False,True,True,False,LM_2022148,0.331754
Tensor_Longmen_A2022149.1800.npz,2022,149,2022149,1800,LM,False,,"[64, 64]",172.28,128.25,,,,"Train,Train_no_overlap,Train_phase4",train_grp,True,False,False,True,True,False,LM_2022149,0.289248
Tensor_Longmen_A2022152.1842.npz,2022,152,2022152,1842,LM,False,,"[64, 64]",154.5,122.15,,,,"Train,Train_no_overlap,Train_phase4",train_grp,True,False,False,True,True,False,LM_2022152,0.3214
Tensor_Longmen_A2022153.1824.npz,2022,153,2022153,1824,LM,False,,"[64, 64]",143.93,124.72,,,,"Train,Train_no_overlap,Train_phase4",val_grp,True,False,False,True,True,False,LM_2022153,0.339884
Tensor_Longmen_A2022154.1806.npz,2022,154,2022154,1806,LM,False,,"[64, 64]",133.34,127.02,,,,"Train,Train_no_overlap,Val_phase4",train_grp,True,False,False,True,False,True,LM_2022154,0.330773
Tensor_Longmen_A2022155.1748.npz,2022,155,2022155,1748,LM,False,,"[64, 64]",122.68,129.03,,,,"Train,Train_no_overlap,Train_phase4",train_grp,True,False,False,True,True,False,LM_2022155,0.322314
Tensor_Longmen_A2022157.1706.npz,2022,157,2022157,1706,LM,False,,"[64, 64]",100.83,131.96,,,,"Train,Train_no_overlap,Train_phase4",train_grp,True,False,False,True,True,False,LM_2022157,0.320433
Tensor_Longmen_A2022157.1848.npz,2022,157,2022157,1848,LM,False,,"[64, 64]",99.84,120.89,,,,"Train,Train_no_overlap,Val_phase4",train_grp,True,False,False,True,False,True,LM_2022157,0.316375
Tensor_Longmen_A2022158.1830.npz,2022,158,2022158,1830,LM,False,,"[64, 64]",88.55,123.53,,,,"Train,Train_no_overlap,Train_phase4",train_grp,True,False,False,True,True,False,LM_2022158,0.298976
Tensor_Longmen_A2022159.1812.npz,2022,159,2022159,1812,LM,False,,"[64, 64]",76.89,125.92,,,,"Train,Train_no_overlap,Train_phase4",val_grp,True,False,False,True,True,False,LM_2022159,0.323743
Tensor_Longmen_A2022160.1754.npz,2022,160,2022160,1754,LM,False,,"[64, 64]",64.78,128.02,,,,"Train,Train_no_overlap,Train_phase4",train_grp,True,False,False,True,True,False,LM_2022160,0.333648
Tensor_Longmen_A2022162.1712.npz,2022,162,2022162,1712,LM,False,,"[64, 64]",39.04,131.0,,,,"Train,Train_no_overlap,Val_phase4",train_grp,True,False,False,True,False,True,LM_2022162,0.320037
Tensor_Longmen_A2022162.1854.npz,2022,162,2022162,1854,LM,False,,"[64, 64]",38.28,119.77,,,,"Train,Train_no_overlap,Train_phase4",train_grp,True,False,False,True,True,False,LM_2022162,0.316065
Tensor_Longmen_A2022163.1836.npz,2022,163,2022163,1836,LM,False,,"[64, 64]",24.8,122.49,,,,"Train,Train_no_overlap,Train_phase4",train_grp,True,False,False,True,True,False,LM_2022163,0.309926
Tensor_Longmen_A2022165.1800.npz,2022,165,2022165,1800,LM,False,,"[64, 64]",5.03,127.17,,,,"Train,Train_no_overlap,Train_phase4",train_grp,True,False,False,True,True,False,LM_2022165,0.335731
Tensor_Longmen_A2022166.1742.npz,2022,166,2022166,1742,LM,False,,"[64, 64]",18.25,129.06,,,,"Train,Train_no_overlap,Train_phase4",val_grp,True,False,False,True,True,False,LM_2022166,0.333458
Tensor_Longmen_A2022168.1842.npz,2022,168,2022168,1842,LM,False,,"[64, 64]",46.65,121.57,,,,"Train,Train_no_overlap,Val_phase4",train_grp,True,False,False,True,False,True,LM_2022168,0.308236
Tensor_Longmen_A2022169.1824.npz,2022,169,2022169,1824,LM,False,,"[64, 64]",60.1,124.14,,,,"Train,Train_no_overlap,Val_phase4",val_grp,True,False,False,True,False,True,LM_2022169,0.322754
Tensor_Longmen_A2022170.1806.npz,2022,170,2022170,1806,LM,False,,"[64, 64]",73.1,126.46,,,,"Train,Train_no_overlap,Train_phase4",train_grp,True,False,False,True,True,False,LM_2022170,0.343223
Tensor_Longmen_A2022171.1748.npz,2022,171,2022171,1748,LM,False,,"[64, 64]",85.64,128.46,,,,"Train,Train_no_overlap,Train_phase4",train_grp,True,False,False,True,True,False,LM_2022171,0.298607
Tensor_Longmen_A2022173.1706.npz,2022,173,2022173,1706,LM,False,,"[64, 64]",109.41,131.33,,,,"Train,Train_no_overlap,Train_phase4",val_grp,True,False,False,True,True,False,LM_2022173,0.32842
Tensor_Longmen_A2022173.1848.npz,2022,173,2022173,1848,LM,False,,"[64, 64]",110.21,120.78,,,,"Train,Train_no_overlap,Train_phase4",val_grp,True,False,False,True,True,False,LM_2022173,0.314902
Tensor_Longmen_A2022174.1830.npz,2022,174,2022174,1830,LM,False,,"[64, 64]",121.64,123.44,,,,"Train,Train_no_overlap,Train_phase4",val_grp,True,False,False,True,True,False,LM_2022174,0.308849
Tensor_Longmen_A2022175.1812.npz,2022,175,2022175,1812,LM,False,,"[64, 64]",132.79,125.86,,,,"Train,Train_no_overlap,Train_phase4",train_grp,True,False,False,True,True,False,LM_2022175,0.329091
Tensor_Longmen_A2022176.1754.npz,2022,176,2022176,1754,LM,False,,"[64, 64]",143.71,127.99,,,,"Train,Train_no_overlap,Train_phase4",val_grp,True,False,False,True,True,False,LM_2022176,0.318114
Tensor_Longmen_A2022179.1836.npz,2022,179,2022179,1836,LM,False,,"[64, 64]",175.72,122.87,,,,"Train,Train_no_overlap,Train_phase4",train_grp,True,False,False,True,True,False,LM_2022179,0.316544
Tensor_Longmen_A2022180.1818.npz,2022,180,2022180,1818,LM,False,,"[64, 64]",171.82,125.39,,,,"Train,Train_no_overlap,Train_phase4",train_grp,True,False,False,True,True,False,LM_2022180,0.318314
Tensor_Longmen_A2022181.1800.npz,2022,181,2022181,1800,LM,False,,"[64, 64]",161.56,127.64,,,,"Train,Train_no_overlap,Train_phase4",train_grp,True,False,False,True,True,False,LM_2022181,0.337965
Tensor_Longmen_A2022182.1742.npz,2022,182,2022182,1742,LM,False,,"[64, 64]",151.02,129.58,,,,"Train,Train_no_overlap,Train_phase4",train_grp,True,False,False,True,True,False,LM_2022182,0.327442
Tensor_Longmen_A2022184.1842.npz,2022,184,2022184,1842,LM,False,,"[64, 64]",128.45,122.38,,,,"Train,Train_no_overlap,Train_phase4",train_grp,True,False,False,True,True,False,LM_2022184,0.297834
Tensor_Longmen_A2022185.1824.npz,2022,185,2022185,1824,LM,False,,"[64, 64]",117.46,125.02,,,,"Train,Train_no_overlap,Val_phase4",val_grp,True,False,False,True,False,True,LM_2022185,0.307819
Tensor_Longmen_A2022186.1806.npz,2022,186,2022186,1806,LM,False,,"[64, 64]",106.22,127.4,,,,"Train,Train_no_overlap,Train_phase4",val_grp,True,False,False,True,True,False,LM_2022186,0.322205
Tensor_Longmen_A2022187.1748.npz,2022,187,2022187,1748,LM,False,,"[64, 64]",94.66,129.47,,,,"Train,Train_no_overlap,Train_phase4",train_grp,True,False,False,True,True,False,LM_2022187,0.326561
Tensor_Longmen_A2022189.1848.npz,2022,189,2022189,1848,LM,False,,"[64, 64]",69.4,121.98,,,,"Train,Train_no_overlap,Train_phase4",train_grp,True,False,False,True,True,False,LM_2022189,0.304263
Tensor_Longmen_A2022190.1830.npz,2022,190,2022190,1830,LM,False,,"[64, 64]",56.59,124.73,,,,"Train,Train_no_overlap,Train_phase4",train_grp,True,False,False,True,True,False,LM_2022190,0.275775
Tensor_Longmen_A2022191.1812.npz,2022,191,2022191,1812,LM,False,,"[64, 64]",43.33,127.24,,,,"Train,Train_no_overlap,Train_phase4",train_grp,True,False,False,True,True,False,LM_2022191,0.275183
Tensor_Longmen_A2022192.1754.npz,2022,192,2022192,1754,LM,False,,"[64, 64]",29.7,129.45,,,,"Train,Train_no_overlap,Train_phase4",train_grp,True,False,False,True,True,False,LM_2022192,0.277127
Tensor_Longmen_A2022193.1736.npz,2022,193,2022193,1736,LM,False,,"[64, 64]",15.99,131.35,,,,"Train,Train_no_overlap,Val_phase4",train_grp,True,False,False,True,False,True,LM_2022193,0.296479
Tensor_Longmen_A2022195.1836.npz,2022,195,2022195,1836,LM,False,,"[64, 64]",14.87,124.51,,,,"Train,Train_no_overlap,Train_phase4",train_grp,True,False,False,True,True,False,LM_2022195,0.296699
Tensor_Longmen_A2022196.1818.npz,2022,196,2022196,1818,LM,False,,"[64, 64]",28.46,127.14,,,,"Train,Train_no_overlap,Train_phase4",train_grp,True,False,False,True,True,False,LM_2022196,0.321077
Tensor_Longmen_A2022197.1800.npz,2022,197,2022197,1800,LM,False,,"[64, 64]",41.98,129.51,,,,"Train,Train_no_overlap,Train_phase4",train_grp,True,False,False,True,True,False,LM_2022197,0.329476
Tensor_Longmen_A2022198.1742.npz,2022,198,2022198,1742,LM,False,,"[64, 64]",55.13,131.57,,,,"Train,Train_no_overlap,Train_phase4",train_grp,True,False,False,True,True,False,LM_2022198,0.328069
Tensor_Longmen_A2022200.1842.npz,2022,200,2022200,1842,LM,False,,"[64, 64]",80.65,124.34,,,,"Train,Train_no_overlap,Train_phase4",train_grp,True,False,False,True,True,False,LM_2022200,0.314861
Tensor_Longmen_A2022201.1824.npz,2022,201,2022201,1824,LM,False,,"[64, 64]",92.46,127.11,,,,"Train,Train_no_overlap,Train_phase4",train_grp,True,False,False,True,True,False,LM_2022201,0.317766
Tensor_Longmen_A2022202.1806.npz,2022,202,2022202,1806,LM,False,,"[64, 64]",103.89,129.63,,,,"Train,Train_no_overlap,Train_phase4",train_grp,True,False,False,True,True,False,LM_2022202,0.279494
Tensor_Longmen_A2022203.1748.npz,2022,203,2022203,1748,LM,False,,"[64, 64]",115.0,131.84,,,,"Train,Train_no_overlap,Train_phase4",train_grp,True,False,False,True,True,False,LM_2022203,0.276385
Tensor_Longmen_A2022204.1730.npz,2022,204,2022204,1730,LM,False,,"[64, 64]",125.87,133.72,,,,"Train,Train_no_overlap,Train_phase4",val_grp,True,False,False,True,True,False,LM_2022204,0.284792
Tensor_Longmen_A2022205.1848.npz,2022,205,2022205,1848,LM,False,,"[64, 64]",137.45,124.19,,,,"Train,Train_no_overlap,Val_phase4",val_grp,True,False,False,True,False,True,LM_2022205,0.275857
Tensor_Longmen_A2022231.1724.npz,2022,231,2022231,1724,LM,False,,"[64, 64]",96.56,140.86,,,,"Train,Train_no_overlap,Train_phase4",val_grp,True,False,False,True,True,False,LM_2022231,0.336341
Tensor_Longmen_A2022232.1842.npz,2022,232,2022232,1842,LM,False,,"[64, 64]",108.19,130.2,,,,"Train,Train_no_overlap,Val_phase4",train_grp,True,False,False,True,False,True,LM_2022232,0.338847
Tensor_Longmen_A2022233.1824.npz,2022,233,2022233,1824,LM,False,,"[64, 64]",119.0,133.45,,,,"Train,Train_no_overlap,Train_phase4",train_grp,True,False,False,True,True,False,LM_2022233,0.321788
Tensor_Longmen_A2022234.1806.npz,2022,234,2022234,1806,LM,False,,"[64, 64]",129.69,136.49,,,,"Train,Train_no_overlap,Train_phase4",train_grp,True,False,False,True,True,False,LM_2022234,0.291152
Tensor_Longmen_A2022235.1748.npz,2022,235,2022235,1748,LM,False,,"[64, 64]",140.33,139.25,,,,"Train,Train_no_overlap,Train_phase4",train_grp,True,False,False,True,True,False,LM_2022235,0.336191
Tensor_Longmen_A2022236.1730.npz,2022,236,2022236,1730,LM,False,,"[64, 64]",150.95,141.67,,,,"Train,Train_no_overlap,Train_phase4",val_grp,True,False,False,True,True,False,LM_2022236,0.338191
Tensor_Longmen_A2022237.1848.npz,2022,237,2022237,1848,LM,False,,"[64, 64]",162.49,130.09,,,,"Train,Train_no_overlap,Train_phase4",train_grp,True,False,False,True,True,False,LM_2022237,0.338219
Tensor_Longmen_A2022238.1830.npz,2022,238,2022238,1830,LM,False,,"[64, 64]",172.55,133.51,,,,"Train,Train_no_overlap,Train_phase4",train_grp,True,False,False,True,True,False,LM_2022238,0.313654
Tensor_Longmen_A2022239.1812.npz,2022,239,2022239,1812,LM,False,,"[64, 64]",173.23,136.73,,,,"Train,Train_no_overlap,Train_phase4",train_grp,True,False,False,True,True,False,LM_2022239,0.335287
Tensor_Longmen_A2022240.1754.npz,2022,240,2022240,1754,LM,False,,"[64, 64]",163.07,139.7,,,,"Train,Train_no_overlap,Train_phase4",train_grp,True,False,False,True,True,False,LM_2022240,0.340961
Tensor_Longmen_A2022241.1736.npz,2022,241,2022241,1736,LM,False,,"[64, 64]",151.91,142.38,,,,"Train,Train_no_overlap,Train_phase4",val_grp,True,False,False,True,True,False,LM_2022241,0.332909
Tensor_Longmen_A2022243.1836.npz,2022,243,2022243,1836,LM,False,,"[64, 64]",127.53,133.45,,,,"Train,Train_no_overlap,Train_phase4",train_grp,True,False,False,True,True,False,LM_2022243,0.33409
Tensor_Longmen_A2022244.1818.npz,2022,244,2022244,1818,LM,False,,"[64, 64]",115.57,136.85,,,,"Train,Train_no_overlap,Train_phase4",train_grp,True,False,False,True,True,False,LM_2022244,0.313487
Tensor_Longmen_A2022245.1800.npz,2022,245,2022245,1800,LM,False,,"[64, 64]",103.34,140.04,,,,"Train,Train_no_overlap,Train_phase4",train_grp,True,False,False,True,True,False,LM_2022245,0.290631
Tensor_Longmen_A2022246.1742.npz,2022,246,2022246,1742,LM,False,,"[64, 64]",90.85,142.96,,,,"Train,Train_no_overlap,Train_phase4",train_grp,True,False,False,True,True,False,LM_2022246,0.312744
Tensor_Longmen_A2022247.1724.npz,2022,247,2022247,1724,LM,False,,"[64, 64]",78.06,145.52,,,,"Train,Train_no_overlap,Train_phase4",train_grp,True,False,False,True,True,False,LM_2022247,0.338281
Tensor_Longmen_A2022248.1842.npz,2022,248,2022248,1842,LM,False,,"[64, 64]",64.04,133.28,,,,"Train,Train_no_overlap,Train_phase4",train_grp,True,False,False,True,True,False,LM_2022248,0.326378
Tensor_Longmen_A2022249.1824.npz,2022,249,2022249,1824,LM,False,,"[64, 64]",50.81,136.85,,,,"Train,Train_no_overlap,Train_phase4",train_grp,True,False,False,True,True,False,LM_2022249,0.337573
Tensor_Longmen_A2022250.1806.npz,2022,250,2022250,1806,LM,False,,"[64, 64]",37.42,140.24,,,,"Train,Train_no_overlap,Train_phase4",val_grp,True,False,False,True,True,False,LM_2022250,0.339466
Tensor_Longmen_A2022251.1748.npz,2022,251,2022251,1748,LM,False,,"[64, 64]",24.0,143.38,,,,"Train,Train_no_overlap,Train_phase4",train_grp,True,False,False,True,True,False,LM_2022251,0.332551
Tensor_Longmen_A2022252.1730.npz,2022,252,2022252,1730,LM,False,,"[64, 64]",11.01,146.22,,,,"Train,Train_no_overlap,Val_phase4",train_grp,True,False,False,True,False,True,LM_2022252,0.332659
Tensor_Longmen_A2022253.1848.npz,2022,253,2022253,1848,LM,False,,"[64, 64]",6.03,132.98,,,,"Train,Train_no_overlap,Val_phase4",train_grp,True,False,False,True,False,True,LM_2022253,0.300248
Tensor_Longmen_A2022254.1830.npz,2022,254,2022254,1830,LM,False,,"[64, 64]",17.74,136.7,,,,"Train,Train_no_overlap,Val_phase4",train_grp,True,False,False,True,False,True,LM_2022254,0.321055
Tensor_Longmen_A2022255.1812.npz,2022,255,2022255,1812,LM,False,,"[64, 64]",30.28,140.27,,,,"Train,Train_no_overlap,Train_phase4",train_grp,True,False,False,True,True,False,LM_2022255,0.308197
Tensor_Longmen_A2022256.1754.npz,2022,256,2022256,1754,LM,False,,"[64, 64]",42.58,143.64,,,,"Train,Train_no_overlap,Train_phase4",train_grp,True,False,False,True,True,False,LM_2022256,0.296765
Tensor_Longmen_A2022257.1736.npz,2022,257,2022257,1736,LM,False,,"[64, 64]",54.51,146.74,,,,"Train,Train_no_overlap,Val_phase4",train_grp,True,False,False,True,False,True,LM_2022257,0.297615
Tensor_Longmen_A2022259.1836.npz,2022,259,2022259,1836,LM,False,,"[64, 64]",77.9,136.43,,,,"Train,Train_no_overlap,Train_phase4",val_grp,True,False,False,True,True,False,LM_2022259,0.293208
Tensor_Longmen_A2022260.1818.npz,2022,260,2022260,1818,LM,False,,"[64, 64]",88.94,140.16,,,,"Train,Train_no_overlap,Train_phase4",train_grp,True,False,False,True,True,False,LM_2022260,0.31873
Tensor_Longmen_A2022261.1800.npz,2022,261,2022261,1800,LM,False,,"[64, 64]",99.8,143.73,,,,"Train,Train_no_overlap,Train_phase4",train_grp,True,False,False,True,True,False,LM_2022261,0.342898
Tensor_Longmen_A2022262.1742.npz,2022,262,2022262,1742,LM,False,,"[64, 64]",110.56,147.08,,,,"Train,Train_no_overlap,Val_phase4",train_grp,True,False,False,True,False,True,LM_2022262,0.314675
Tensor_Longmen_A2022263.1724.npz,2022,263,2022263,1724,LM,False,,"[64, 64]",121.29,150.12,,,,"Train,Train_no_overlap,Train_phase4",val_grp,True,False,False,True,True,False,LM_2022263,0.344751
Tensor_Longmen_A2022264.1842.npz,2022,264,2022264,1842,LM,False,,"[64, 64]",132.91,136.01,,,,"Train,Train_no_overlap,Train_phase4",val_grp,True,False,False,True,True,False,LM_2022264,0.322474
Tensor_Longmen_A2022265.1824.npz,2022,265,2022265,1824,LM,False,,"[64, 64]",143.87,139.9,,,,"Train,Train_no_overlap,Train_phase4",val_grp,True,False,False,True,True,False,LM_2022265,0.295144
Tensor_Longmen_A2022266.1806.npz,2022,266,2022266,1806,LM,False,,"[64, 64]",154.95,143.65,,,,"Train,Train_no_overlap,Train_phase4",train_grp,True,False,False,True,True,False,LM_2022266,0.32244
Tensor_Longmen_A2022267.1748.npz,2022,267,2022267,1748,LM,False,,"[64, 64]",166.11,147.22,,,,"Train,Train_no_overlap,Train_phase4",train_grp,True,False,False,True,True,False,LM_2022267,0.291667
Tensor_Longmen_A2022268.1730.npz,2022,268,2022268,1730,LM,False,,"[64, 64]",176.26,150.53,,,,"Train,Train_no_overlap,Train_phase4",train_grp,True,False,False,True,True,False,LM_2022268,0.299545
Tensor_Longmen_A2022269.1848.npz,2022,269,2022269,1848,LM,False,,"[64, 64]",168.61,135.48,,,,"Train,Train_no_overlap,Train_phase4",train_grp,True,False,False,True,True,False,LM_2022269,0.30494
Tensor_Longmen_A2022270.1830.npz,2022,270,2022270,1830,LM,False,,"[64, 64]",156.88,139.49,,,,"Train,Train_no_overlap,Train_phase4",val_grp,True,False,False,True,True,False,LM_2022270,0.297859
Tensor_Longmen_A2022271.1812.npz,2022,271,2022271,1812,LM,False,,"[64, 64]",144.8,143.39,,,,"Train,Train_no_overlap,Train_phase4",train_grp,True,False,False,True,True,False,LM_2022271,0.306863
Tensor_Longmen_A2022272.1754.npz,2022,272,2022272,1754,LM,False,,"[64, 64]",132.53,147.16,,,,"Train,Train_no_overlap,Train_phase4",train_grp,True,False,False,True,True,False,LM_2022272,0.310928
Tensor_Longmen_A2022273.1736.npz,2022,273,2022273,1736,LM,False,,"[64, 64]",120.07,150.71,,,,"Train,Train_no_overlap,Train_phase4",val_grp,True,False,False,True,True,False,LM_2022273,0.332207
Tensor_Longmen_A2022274.1718.npz,2022,274,2022274,1718,LM,False,,"[64, 64]",107.46,153.99,,,,"Train,Train_no_overlap,Train_phase4",train_grp,True,False,False,True,True,False,LM_2022274,0.332013
Tensor_Longmen_A2022275.1836.npz,2022,275,2022275,1836,LM,False,,"[64, 64]",93.6,138.95,,,,"Train,Train_no_overlap,Train_phase4",train_grp,True,False,False,True,True,False,LM_2022275,0.290913
Tensor_Longmen_A2022276.1818.npz,2022,276,2022276,1818,LM,False,,"[64, 64]",80.78,142.98,,,,"Train,Train_no_overlap,Val_phase4",train_grp,True,False,False,True,False,True,LM_2022276,0.281842
Tensor_Longmen_A2022277.1800.npz,2022,277,2022277,1800,LM,False,,"[64, 64]",67.84,146.91,,,,"Train,Train_no_overlap,Train_phase4",train_grp,True,False,False,True,True,False,LM_2022277,0.327115
Tensor_Longmen_A2022278.1742.npz,2022,278,2022278,1742,LM,False,,"[64, 64]",54.81,150.69,,,,"Train,Train_no_overlap,Train_phase4",train_grp,True,False,False,True,True,False,LM_2022278,0.303541
Tensor_Longmen_A2022279.1724.npz,2022,279,2022279,1724,LM,False,,"[64, 64]",41.74,154.22,,,,"Train,Train_no_overlap,Val_phase4",train_grp,True,False,False,True,False,True,LM_2022279,0.317933
Tensor_Longmen_A2022280.1842.npz,2022,280,2022280,1842,LM,False,,"[64, 64]",27.97,138.29,,,,"Train,Train_no_overlap,Train_phase4",train_grp,True,False,False,True,True,False,LM_2022280,0.300905
Tensor_Longmen_A2022281.1824.npz,2022,281,2022281,1824,LM,False,,"[64, 64]",15.15,142.43,,,,"Train,Train_no_overlap,Train_phase4",val_grp,True,False,False,True,True,False,LM_2022281,0.281275
Tensor_Longmen_A2022282.1806.npz,2022,282,2022282,1806,LM,False,,"[64, 64]",3.3,146.5,,,,"Train,Train_no_overlap,Train_phase4",train_grp,True,False,False,True,True,False,LM_2022282,0.329585
Tensor_Longmen_A2022283.1748.npz,2022,283,2022283,1748,LM,False,,"[64, 64]",10.61,150.45,,,,"Train,Train_no_overlap,Train_phase4",val_grp,True,False,False,True,True,False,LM_2022283,0.294541
Tensor_Longmen_A2022284.1730.npz,2022,284,2022284,1730,LM,False,,"[64, 64]",22.69,154.22,,,,"Train,Train_no_overlap,Train_phase4",val_grp,True,False,False,True,True,False,LM_2022284,0.31504
Tensor_Longmen_A2022285.1848.npz,2022,285,2022285,1848,LM,False,,"[64, 64]",35.03,137.54,,,,"Train,Train_no_overlap,Train_phase4",train_grp,True,False,False,True,True,False,LM_2022285,0.319362
Tensor_Longmen_A2022286.1830.npz,2022,286,2022286,1830,LM,False,,"[64, 64]",46.61,141.76,,,,"Train,Train_no_overlap,Train_phase4",train_grp,True,False,False,True,True,False,LM_2022286,0.272441
Tensor_Longmen_A2022287.1812.npz,2022,287,2022287,1812,LM,False,,"[64, 64]",57.93,145.93,,,,"Train,Train_no_overlap,Train_phase4",train_grp,True,False,False,True,True,False,LM_2022287,0.289246
Tensor_Longmen_A2022288.1754.npz,2022,288,2022288,1754,LM,False,,"[64, 64]",69.01,150.02,,,,"Train,Train_no_overlap,Train_phase4",train_grp,True,False,False,True,True,False,LM_2022288,0.327805
Tensor_Longmen_A2022289.1736.npz,2022,289,2022289,1736,LM,False,,"[64, 64]",79.91,153.99,,,,"Train,Train_no_overlap,Train_phase4",train_grp,True,False,False,True,True,False,LM_2022289,0.340475
Tensor_Longmen_A2022290.1718.npz,2022,290,2022290,1718,LM,False,,"[64, 64]",90.72,157.78,,,,"Train,Train_no_overlap,Train_phase4",train_grp,True,False,False,True,True,False,LM_2022290,0.338492
Tensor_Longmen_A2022291.1836.npz,2022,291,2022291,1836,LM,False,,"[64, 64]",102.17,141.01,,,,"Train,Train_no_overlap,Train_phase4",train_grp,True,False,False,True,True,False,LM_2022291,0.312951
Tensor_Longmen_A2022292.1818.npz,2022,292,2022292,1818,LM,False,,"[64, 64]",113.1,145.25,,,,"Train,Train_no_overlap,Train_phase4",train_grp,True,False,False,True,True,False,LM_2022292,0.323567
Tensor_Longmen_A2022293.1800.npz,2022,293,2022293,1800,LM,False,,"[64, 64]",124.16,149.45,,,,"Train,Train_no_overlap,Train_phase4",train_grp,True,False,False,True,True,False,LM_2022293,0.318146
Tensor_Longmen_A2022294.1742.npz,2022,294,2022294,1742,LM,False,,"[64, 64]",135.41,153.57,,,,"Train,Train_no_overlap,Train_phase4",train_grp,True,False,False,True,True,False,LM_2022294,0.30884
Tensor_Longmen_A2022295.1724.npz,2022,295,2022295,1724,LM,False,,"[64, 64]",146.9,157.55,,,,"Train,Train_no_overlap,Train_phase4",train_grp,True,False,False,True,True,False,LM_2022295,0.31576
Tensor_Longmen_A2022296.1842.npz,2022,296,2022296,1842,LM,False,,"[64, 64]",159.73,140.18,,,,"Train,Train_no_overlap,Val_phase4",val_grp,True,False,False,True,False,True,LM_2022296,0.306518
Tensor_Longmen_A2022297.1824.npz,2022,297,2022297,1824,LM,False,,"[64, 64]",171.83,144.48,,,,"Train,Train_no_overlap,Train_phase4",train_grp,True,False,False,True,True,False,LM_2022297,0.323801
Tensor_Longmen_A2022298.1806.npz,2022,298,2022298,1806,LM,False,,"[64, 64]",175.6,148.76,,,,"Train,Train_no_overlap,Train_phase4",val_grp,True,False,False,True,True,False,LM_2022298,0.322089
Tensor_Longmen_A2022299.1748.npz,2022,299,2022299,1748,LM,False,,"[64, 64]",163.1,152.99,,,,"Train,Train_no_overlap,Train_phase4",val_grp,True,False,False,True,True,False,LM_2022299,0.291316
Tensor_Longmen_A2022300.1730.npz,2022,300,2022300,1730,LM,False,,"[64, 64]",150.36,157.13,,,,"Train,Train_no_overlap,Train_phase4",train_grp,True,False,False,True,True,False,LM_2022300,0.307078
Tensor_Longmen_A2022301.1848.npz,2022,301,2022301,1848,LM,False,,"[64, 64]",136.22,139.3,,,,"Train,Train_no_overlap,Train_phase4",train_grp,True,False,False,True,True,False,LM_2022301,0.309076
Tensor_Longmen_A2022302.1830.npz,2022,302,2022302,1830,LM,False,,"[64, 64]",123.33,143.65,,,,"Train,Train_no_overlap,Train_phase4",train_grp,True,False,False,True,True,False,LM_2022302,0.31296
Tensor_Longmen_A2022303.1812.npz,2022,303,2022303,1812,LM,False,,"[64, 64]",110.45,147.98,,,,"Train,Train_no_overlap,Train_phase4",train_grp,True,False,False,True,True,False,LM_2022303,0.32636
Tensor_Longmen_A2022304.1754.npz,2022,304,2022304,1754,LM,False,,"[64, 64]",97.6,152.28,,,,"Train,Train_no_overlap,Train_phase4",train_grp,True,False,False,True,True,False,LM_2022304,0.34395
Tensor_Longmen_A2022305.1736.npz,2022,305,2022305,1736,LM,False,,"[64, 64]",84.79,156.54,,,,"Train,Train_no_overlap,Train_phase4",train_grp,True,False,False,True,True,False,LM_2022305,0.332599
Tensor_Longmen_A2022307.1836.npz,2022,307,2022307,1836,LM,False,,"[64, 64]",58.47,142.78,,,,"Train,Train_no_overlap,Train_phase4",val_grp,True,False,False,True,True,False,LM_2022307,0.306233
Tensor_Longmen_A2022308.1818.npz,2022,308,2022308,1818,LM,False,,"[64, 64]",45.97,147.14,,,,"Train,Train_no_overlap,Train_phase4",train_grp,True,False,False,True,True,False,LM_2022308,0.303296
Tensor_Longmen_A2022309.1800.npz,2022,309,2022309,1800,LM,False,,"[64, 64]",33.56,151.49,,,,"Train,Train_no_overlap,Train_phase4",val_grp,True,False,False,True,True,False,LM_2022309,0.337132
Tensor_Longmen_A2022310.1742.npz,2022,310,2022310,1742,LM,False,,"[64, 64]",21.27,155.82,,,,"Train,Train_no_overlap,Train_phase4",val_grp,True,False,False,True,True,False,LM_2022310,0.32293
Tensor_Longmen_A2022311.1724.npz,2022,311,2022311,1724,LM,False,,"[64, 64]",9.14,160.1,,,,"Train,Train_no_overlap,Train_phase4",train_grp,True,False,False,True,True,False,LM_2022311,0.343292
Tensor_Longmen_A2022312.1842.npz,2022,312,2022312,1842,LM,False,,"[64, 64]",3.3,141.87,,,,"Train,Train_no_overlap,Train_phase4",val_grp,True,False,False,True,True,False,LM_2022312,0.32474
Tensor_Longmen_A2022313.1824.npz,2022,313,2022313,1824,LM,False,,"[64, 64]",14.96,146.26,,,,"Train,Train_no_overlap,Train_phase4",train_grp,True,False,False,True,True,False,LM_2022313,0.314409
Tensor_Longmen_A2022314.1806.npz,2022,314,2022314,1806,LM,False,,"[64, 64]",26.41,150.65,,,,"Train,Train_no_overlap,Val_phase4",train_grp,True,False,False,True,False,True,LM_2022314,0.291545
Tensor_Longmen_A2022315.1748.npz,2022,315,2022315,1748,LM,False,,"[64, 64]",37.66,155.02,,,,"Train,Train_no_overlap,Train_phase4",train_grp,True,False,False,True,True,False,LM_2022315,0.280078
Tensor_Longmen_A2022316.1730.npz,2022,316,2022316,1730,LM,False,,"[64, 64]",48.73,159.37,,,,"Train,Train_no_overlap,Train_phase4",train_grp,True,False,False,True,True,False,LM_2022316,0.285169
Tensor_Longmen_A2022317.1848.npz,2022,317,2022317,1848,LM,False,,"[64, 64]",60.1,140.97,,,,"Train,Train_no_overlap,Val_phase4",val_grp,True,False,False,True,False,True,LM_2022317,0.32704
Tensor_Longmen_A2022318.1830.npz,2022,318,2022318,1830,LM,False,,"[64, 64]",70.97,145.37,,,,"Train,Train_no_overlap,Val_phase4",train_grp,True,False,False,True,False,True,LM_2022318,0.29084
Tensor_Longmen_A2022319.1812.npz,2022,319,2022319,1812,LM,False,,"[64, 64]",81.83,149.76,,,,"Train,Train_no_overlap,Val_phase4",train_grp,True,False,False,True,False,True,LM_2022319,0.341006
Tensor_Longmen_A2022320.1754.npz,2022,320,2022320,1754,LM,False,,"[64, 64]",92.74,154.16,,,,"Train,Train_no_overlap,Train_phase4",train_grp,True,False,False,True,True,False,LM_2022320,0.32937
Tensor_Longmen_A2022321.1736.npz,2022,321,2022321,1736,LM,False,,"[64, 64]",103.79,158.56,,,,"Train,Train_no_overlap,Val_phase4",train_grp,True,False,False,True,False,True,LM_2022321,0.302335
Tensor_Longmen_A2022323.1836.npz,2022,323,2022323,1836,LM,False,,"[64, 64]",127.48,144.49,,,,"Train,Train_no_overlap,Train_phase4",val_grp,True,False,False,True,True,False,LM_2022323,0.30602
Tensor_Longmen_A2022324.1818.npz,2022,324,2022324,1818,LM,False,,"[64, 64]",139.45,148.89,,,,"Train,Train_no_overlap,Train_phase4",train_grp,True,False,False,True,True,False,LM_2022324,0.285762
Tensor_Longmen_A2022325.1800.npz,2022,325,2022325,1800,LM,False,,"[64, 64]",151.75,153.29,,,,"Train,Train_no_overlap,Train_phase4",train_grp,True,False,False,True,True,False,LM_2022325,0.349406
Tensor_Longmen_A2022326.1742.npz,2022,326,2022326,1742,LM,False,,"[64, 64]",164.36,157.71,,,,"Train,Train_no_overlap,Train_phase4",val_grp,True,False,False,True,True,False,LM_2022326,0.316578
Tensor_Longmen_A2022327.1724.npz,2022,327,2022327,1724,LM,False,,"[64, 64]",176.93,162.12,,,,"Train,Train_no_overlap,Train_phase4",train_grp,True,False,False,True,True,False,LM_2022327,0.343644
Tensor_Longmen_A2022328.1842.npz,2022,328,2022328,1842,LM,False,,"[64, 64]",168.04,143.62,,,,"Train,Train_no_overlap,Train_phase4",train_grp,True,False,False,True,True,False,LM_2022328,0.328916
Tensor_Longmen_A2022329.1824.npz,2022,329,2022329,1824,LM,False,,"[64, 64]",154.78,148.01,,,,"Train,Train_no_overlap,Train_phase4",train_grp,True,False,False,True,True,False,LM_2022329,0.326627
Tensor_Longmen_A2022330.1806.npz,2022,330,2022330,1806,LM,False,,"[64, 64]",141.48,152.43,,,,"Train,Train_no_overlap,Train_phase4",train_grp,True,False,False,True,True,False,LM_2022330,0.31327
Tensor_Longmen_A2022331.1748.npz,2022,331,2022331,1748,LM,False,,"[64, 64]",128.26,156.85,,,,"Train,Train_no_overlap,Train_phase4",train_grp,True,False,False,True,True,False,LM_2022331,0.315616
Tensor_Longmen_A2022332.1730.npz,2022,332,2022332,1730,LM,False,,"[64, 64]",115.18,161.27,,,,"Train,Train_no_overlap,Train_phase4",train_grp,True,False,False,True,True,False,LM_2022332,0.313918
Tensor_Longmen_A2022333.1848.npz,2022,333,2022333,1848,LM,False,,"[64, 64]",101.15,142.77,,,,"Train,Train_no_overlap,Train_phase4",val_grp,True,False,False,True,True,False,LM_2022333,0.309409
Tensor_Longmen_A2022334.1830.npz,2022,334,2022334,1830,LM,False,,"[64, 64]",88.57,147.16,,,,"Train,Train_no_overlap,Train_phase4",train_grp,True,False,False,True,True,False,LM_2022334,0.295821
Tensor_Longmen_A2022335.1812.npz,2022,335,2022335,1812,LM,False,,"[64, 64]",76.2,151.56,,,,"Train,Train_no_overlap,Train_phase4",train_grp,True,False,False,True,True,False,LM_2022335,0.306038
Tensor_Longmen_A2022336.1754.npz,2022,336,2022336,1754,LM,False,,"[64, 64]",64.03,155.98,,,,"Train,Train_no_overlap,Train_phase4",train_grp,True,False,False,True,True,False,LM_2022336,0.313804
Tensor_Longmen_A2022337.1736.npz,2022,337,2022337,1736,LM,False,,"[64, 64]",52.02,160.4,,,,"Train,Train_no_overlap,Train_phase4",val_grp,True,False,False,True,True,False,LM_2022337,0.283662
Tensor_Longmen_A2022339.1836.npz,2022,339,2022339,1836,LM,False,,"[64, 64]",27.93,146.3,,,,"Train,Train_no_overlap,Train_phase4",val_grp,True,False,False,True,True,False,LM_2022339,0.274624
Tensor_Longmen_A2022340.1818.npz,2022,340,2022340,1818,LM,False,,"[64, 64]",16.54,150.68,,,,"Train,Train_no_overlap,Train_phase4",train_grp,True,False,False,True,True,False,LM_2022340,0.30182
Tensor_Longmen_A2022341.1800.npz,2022,341,2022341,1800,LM,False,,"[64, 64]",5.7,155.08,,,,"Train,Train_no_overlap,Train_phase4",train_grp,True,False,False,True,True,False,LM_2022341,0.331448
Tensor_Longmen_A2022342.1742.npz,2022,342,2022342,1742,LM,False,,"[64, 64]",6.93,159.5,,,,"Train,Train_no_overlap,Train_phase4",train_grp,True,False,False,True,True,False,LM_2022342,0.311674
Tensor_Longmen_A2022343.1724.npz,2022,343,2022343,1724,LM,False,,"[64, 64]",17.65,163.92,,,,"Train,Train_no_overlap,Train_phase4",train_grp,True,False,False,True,True,False,LM_2022343,0.313027
Tensor_Longmen_A2022344.1842.npz,2022,344,2022344,1842,LM,False,,"[64, 64]",28.95,145.42,,,,"Train,Train_no_overlap,Train_phase4",train_grp,True,False,False,True,True,False,LM_2022344,0.299781
Tensor_Longmen_A2022345.1824.npz,2022,345,2022345,1824,LM,False,,"[64, 64]",39.81,149.8,,,,"Train,Train_no_overlap,Train_phase4",train_grp,True,False,False,True,True,False,LM_2022345,0.29065
Tensor_Longmen_A2022346.1806.npz,2022,346,2022346,1806,LM,False,,"[64, 64]",50.64,154.2,,,,"Train,Train_no_overlap,Train_phase4",train_grp,True,False,False,True,True,False,LM_2022346,0.3011
Tensor_Longmen_A2022347.1748.npz,2022,347,2022347,1748,LM,False,,"[64, 64]",61.47,158.61,,,,"Train,Train_no_overlap,Train_phase4",train_grp,True,False,False,True,True,False,LM_2022347,0.290178
Tensor_Longmen_A2022348.1730.npz,2022,348,2022348,1730,LM,False,,"[64, 64]",72.35,163.02,,,,"Train,Train_no_overlap,Train_phase4",train_grp,True,False,False,True,True,False,LM_2022348,0.305817
Tensor_Longmen_A2022349.1848.npz,2022,349,2022349,1848,LM,False,,"[64, 64]",83.96,144.56,,,,"Train,Train_no_overlap,Train_phase4",val_grp,True,False,False,True,True,False,LM_2022349,0.311209
Tensor_Longmen_A2022350.1830.npz,2022,350,2022350,1830,LM,False,,"[64, 64]",95.26,148.94,,,,"Train,Train_no_overlap,Train_phase4",train_grp,True,False,False,True,True,False,LM_2022350,0.29056
Tensor_Longmen_A2022351.1812.npz,2022,351,2022351,1812,LM,False,,"[64, 64]",106.82,153.32,,,,"Train,Train_no_overlap,Val_phase4",train_grp,True,False,False,True,False,True,LM_2022351,0.321845
Tensor_Longmen_A2022352.1754.npz,2022,352,2022352,1754,LM,False,,"[64, 64]",118.72,157.71,,,,"Train,Train_no_overlap,Train_phase4",val_grp,True,False,False,True,True,False,LM_2022352,0.322742
Tensor_Longmen_A2022353.1736.npz,2022,353,2022353,1736,LM,False,,"[64, 64]",130.97,162.13,,,,"Train,Train_no_overlap,Val_phase4",train_grp,True,False,False,True,False,True,LM_2022353,0.293679
Tensor_Longmen_A2022355.1836.npz,2022,355,2022355,1836,LM,False,,"[64, 64]",157.73,148.07,,,,"Train,Train_no_overlap,Train_phase4",train_grp,True,False,False,True,True,False,LM_2022355,0.282457
Tensor_Longmen_A2022356.1818.npz,2022,356,2022356,1818,LM,False,,"[64, 64]",170.68,152.44,,,,"Train,Train_no_overlap,Train_phase4",train_grp,True,False,False,True,True,False,LM_2022356,0.300311
Tensor_Longmen_A2022357.1800.npz,2022,357,2022357,1800,LM,False,,"[64, 64]",173.59,156.83,,,,"Train,Train_no_overlap,Train_phase4",train_grp,True,False,False,True,True,False,LM_2022357,0.33779
Tensor_Longmen_A2022358.1742.npz,2022,358,2022358,1742,LM,False,,"[64, 64]",160.8,161.24,,,,"Train,Train_no_overlap,Train_phase4",train_grp,True,False,False,True,True,False,LM_2022358,0.297384
Tensor_Longmen_A2022359.1724.npz,2022,359,2022359,1724,LM,False,,"[64, 64]",147.36,165.66,,,,"Train,Train_no_overlap,Train_phase4",train_grp,True,False,False,True,True,False,LM_2022359,0.310243
Tensor_Longmen_A2022360.1842.npz,2022,360,2022360,1842,LM,False,,"[64, 64]",132.71,147.17,,,,"Train,Train_no_overlap,Train_phase4",train_grp,True,False,False,True,True,False,LM_2022360,0.303253
Tensor_Longmen_A2022361.1824.npz,2022,361,2022361,1824,LM,False,,"[64, 64]",119.69,151.54,,,,"Train,Train_no_overlap,Train_phase4",val_grp,True,False,False,True,True,False,LM_2022361,0.319551
Tensor_Longmen_A2022362.1806.npz,2022,362,2022362,1806,LM,False,,"[64, 64]",106.99,155.93,,,,"Train,Train_no_overlap,Train_phase4",train_grp,True,False,False,True,True,False,LM_2022362,0.313866
Tensor_Longmen_A2022363.1748.npz,2022,363,2022363,1748,LM,False,,"[64, 64]",94.61,160.33,,,,"Train,Train_no_overlap,Train_phase4",train_grp,True,False,False,True,True,False,LM_2022363,0.286255
Tensor_Longmen_A2022364.1730.npz,2022,364,2022364,1730,LM,False,,"[64, 64]",82.54,164.73,,,,"Train,Train_no_overlap,Train_phase4",train_grp,True,False,False,True,True,False,LM_2022364,0.306281
Tensor_Longmen_A2022365.1848.npz,2022,365,2022365,1848,LM,False,,"[64, 64]",69.9,146.24,,,,"Train,Train_no_overlap,Train_phase4",train_grp,True,False,False,True,True,False,LM_2022365,0.289492
Tensor_Longmen_A2023001.1830.npz,2023,1,2023001,1830,LM,False,,"[64, 64]",58.45,150.6,,,,"Train,Train_no_overlap,Train_phase4",val_grp,True,False,False,True,True,False,LM_2023001,0.305921
Tensor_Longmen_A2023002.1812.npz,2023,2,2023002,1812,LM,False,,"[64, 64]",47.18,154.97,,,,"Train,Train_no_overlap,Train_phase4",train_grp,True,False,False,True,True,False,LM_2023002,0.317187
Tensor_Longmen_A2023003.1754.npz,2023,3,2023003,1754,LM,False,,"[64, 64]",36.07,159.36,,,,"Train,Train_no_overlap,Train_phase4",train_grp,True,False,False,True,True,False,LM_2023003,0.31543
Tensor_Longmen_A2023004.1736.npz,2023,4,2023004,1736,LM,False,,"[64, 64]",25.11,163.76,,,,"Train,Train_no_overlap,Train_phase4",train_grp,True,False,False,True,True,False,LM_2023004,0.325202
Tensor_Longmen_A2023005.1718.npz,2023,5,2023005,1718,LM,False,,"[64, 64]",14.43,168.16,,,,"Train,Train_no_overlap,Val_phase4",train_grp,True,False,False,True,False,True,LM_2023005,0.338429
Tensor_Longmen_A2023006.1836.npz,2023,6,2023006,1836,LM,False,,"[64, 64]",5.06,149.6,,,,"Train,Train_no_overlap,Train_phase4",train_grp,True,False,False,True,True,False,LM_2023006,0.327989
Tensor_Longmen_A2023007.1818.npz,2023,7,2023007,1818,LM,False,,"[64, 64]",9.7,153.95,,,,"Train,Train_no_overlap,Train_phase4",val_grp,True,False,False,True,True,False,LM_2023007,0.324996
Tensor_Longmen_A2023008.1800.npz,2023,8,2023008,1800,LM,False,,"[64, 64]",19.96,158.32,,,,"Train,Train_no_overlap,Train_phase4",train_grp,True,False,False,True,True,False,LM_2023008,0.336928
Tensor_Longmen_A2023009.1742.npz,2023,9,2023009,1742,LM,False,,"[64, 64]",30.64,162.71,,,,"Train,Train_no_overlap,Val_phase4",train_grp,True,False,False,True,False,True,LM_2023009,0.306528
Tensor_Longmen_A2023010.1724.npz,2023,10,2023010,1724,LM,False,,"[64, 64]",41.44,167.07,,,,"Train,Train_no_overlap,Train_phase4",train_grp,True,False,False,True,True,False,LM_2023010,0.325078
Tensor_Longmen_A2023039.1818.npz,2023,39,2023039,1818,LM,False,,"[64, 64]",33.22,153.6,,,,"Train,Train_no_overlap,Train_phase4",train_grp,True,False,False,True,True,False,LM_2023039,0.328763
Tensor_Longmen_A2023040.1800.npz,2023,40,2023040,1800,LM,False,,"[64, 64]",44.4,157.56,,,,"Train,Train_no_overlap,Train_phase4",train_grp,True,False,False,True,True,False,LM_2023040,0.337614
Tensor_Longmen_A2023041.1742.npz,2023,41,2023041,1742,LM,False,,"[64, 64]",55.77,161.35,,,,"Train,Train_no_overlap,Train_phase4",val_grp,True,False,False,True,True,False,LM_2023041,0.33156
Tensor_Longmen_A2023042.1724.npz,2023,42,2023042,1724,LM,False,,"[64, 64]",67.34,164.79,,,,"Train,Train_no_overlap,Val_phase4",train_grp,True,False,False,True,False,True,LM_2023042,0.32939
Tensor_Longmen_A2023043.1842.npz,2023,43,2023043,1842,LM,False,,"[64, 64]",79.8,147.52,,,,"Train,Train_no_overlap,Train_phase4",train_grp,True,False,False,True,True,False,LM_2023043,0.332498
Tensor_Longmen_A2023044.1824.npz,2023,44,2023044,1824,LM,False,,"[64, 64]",91.98,151.53,,,,"Train,Train_no_overlap,Train_phase4",train_grp,True,False,False,True,True,False,LM_2023044,0.316853
Tensor_Longmen_A2023045.1806.npz,2023,45,2023045,1806,LM,False,,"[64, 64]",104.48,155.43,,,,"Train,Train_no_overlap,Val_phase4",train_grp,True,False,False,True,False,True,LM_2023045,0.293525
Tensor_Longmen_A2023046.1748.npz,2023,46,2023046,1748,LM,False,,"[64, 64]",117.29,159.13,,,,"Train,Train_no_overlap,Train_phase4",train_grp,True,False,False,True,True,False,LM_2023046,0.288942
Tensor_Longmen_A2023047.1730.npz,2023,47,2023047,1730,LM,False,,"[64, 64]",130.39,162.48,,,,"Train,Train_no_overlap,Train_phase4",val_grp,True,False,False,True,True,False,LM_2023047,0.30522
Tensor_Longmen_A2023048.1712.npz,2023,48,2023048,1712,LM,False,,"[64, 64]",143.72,165.25,,,,"Train,Train_no_overlap,Train_phase4",train_grp,True,False,False,True,True,False,LM_2023048,0.34086
Tensor_Longmen_A2023049.1830.npz,2023,49,2023049,1830,LM,False,,"[64, 64]",158.33,149.34,,,,"Train,Train_no_overlap,Train_phase4",train_grp,True,False,False,True,True,False,LM_2023049,0.328672
Tensor_Longmen_A2023050.1812.npz,2023,50,2023050,1812,LM,False,,"[64, 64]",171.17,153.15,,,,"Train,Train_no_overlap,Train_phase4",train_grp,True,False,False,True,True,False,LM_2023050,0.31123
Tensor_Longmen_A2023051.1754.npz,2023,51,2023051,1754,LM,False,,"[64, 64]",172.07,156.77,,,,"Train,Train_no_overlap,Train_phase4",train_grp,True,False,False,True,True,False,LM_2023051,0.304282
Tensor_Longmen_A2023052.1736.npz,2023,52,2023052,1736,LM,False,,"[64, 64]",159.7,160.06,,,,"Train,Train_no_overlap,Train_phase4",val_grp,True,False,False,True,True,False,LM_2023052,0.2923
Tensor_Longmen_A2023053.1718.npz,2023,53,2023053,1718,LM,False,,"[64, 64]",146.82,162.83,,,,"Train,Train_no_overlap,Val_phase4",train_grp,True,False,False,True,False,True,LM_2023053,0.295132
Tensor_Longmen_A2023054.1836.npz,2023,54,2023054,1836,LM,False,,"[64, 64]",132.97,147.01,,,,"Train,Train_no_overlap,Train_phase4",val_grp,True,False,False,True,True,False,LM_2023054,0.294299
Tensor_Longmen_A2023055.1818.npz,2023,55,2023055,1818,LM,False,,"[64, 64]",120.79,150.76,,,,"Train,Train_no_overlap,Val_phase4",train_grp,True,False,False,True,False,True,LM_2023055,0.29893
Tensor_Longmen_A2023056.1800.npz,2023,56,2023056,1800,LM,False,,"[64, 64]",108.98,154.3,,,,"Train,Train_no_overlap,Train_phase4",train_grp,True,False,False,True,True,False,LM_2023056,0.310932
Tensor_Longmen_A2023057.1742.npz,2023,57,2023057,1742,LM,False,,"[64, 64]",97.51,157.55,,,,"Train,Train_no_overlap,Train_phase4",train_grp,True,False,False,True,True,False,LM_2023057,0.28732
Tensor_Longmen_A2023058.1724.npz,2023,58,2023058,1724,LM,False,,"[64, 64]",86.33,160.31,,,,"Train,Train_no_overlap,Train_phase4",train_grp,True,False,False,True,True,False,LM_2023058,0.297745
Tensor_Longmen_A2023059.1842.npz,2023,59,2023059,1842,LM,False,,"[64, 64]",74.53,144.57,,,,"Train,Train_no_overlap,Train_phase4",train_grp,True,False,False,True,True,False,LM_2023059,0.293149
Tensor_Longmen_A2023060.1824.npz,2023,60,2023060,1824,LM,False,,"[64, 64]",63.78,148.26,,,,"Train,Train_no_overlap,Train_phase4",val_grp,True,False,False,True,True,False,LM_2023060,0.276907
Tensor_Longmen_A2023061.1806.npz,2023,61,2023061,1806,LM,False,,"[64, 64]",53.08,151.74,,,,"Train,Train_no_overlap,Train_phase4",train_grp,True,False,False,True,True,False,LM_2023061,0.297988
Tensor_Longmen_A2023062.1748.npz,2023,62,2023062,1748,LM,False,,"[64, 64]",42.37,154.93,,,,"Train,Train_no_overlap,Train_phase4",train_grp,True,False,False,True,True,False,LM_2023062,0.311638
Tensor_Longmen_A2023063.1730.npz,2023,63,2023063,1730,LM,False,,"[64, 64]",31.62,157.69,,,,"Train,Train_no_overlap,Train_phase4",train_grp,True,False,False,True,True,False,LM_2023063,0.29219
Tensor_Longmen_A2023064.1712.npz,2023,64,2023064,1712,LM,False,,"[64, 64]",20.82,159.82,,,,"Train,Train_no_overlap,Val_phase4",train_grp,True,False,False,True,False,True,LM_2023064,0.29413
Tensor_Longmen_A2023065.1830.npz,2023,65,2023065,1830,LM,False,,"[64, 64]",9.59,145.63,,,,"Train,Train_no_overlap,Train_phase4",train_grp,True,False,False,True,True,False,LM_2023065,0.317427
Tensor_Longmen_A2023066.1812.npz,2023,66,2023066,1812,LM,False,,"[64, 64]",4.07,149.06,,,,"Train,Train_no_overlap,Val_phase4",train_grp,True,False,False,True,False,True,LM_2023066,0.297293
Tensor_Longmen_A2023067.1754.npz,2023,67,2023067,1754,LM,False,,"[64, 64]",13.98,152.22,,,,"Train,Train_no_overlap,Train_phase4",train_grp,True,False,False,True,True,False,LM_2023067,0.31728
Tensor_Longmen_A2023068.1736.npz,2023,68,2023068,1736,LM,False,,"[64, 64]",25.32,154.99,,,,"Train,Train_no_overlap,Train_phase4",train_grp,True,False,False,True,True,False,LM_2023068,0.307129
Tensor_Longmen_A2023069.1718.npz,2023,69,2023069,1718,LM,False,,"[64, 64]",36.95,157.21,,,,"Train,Train_no_overlap,Train_phase4",train_grp,True,False,False,True,True,False,LM_2023069,0.342488
Tensor_Longmen_A2023070.1836.npz,2023,70,2023070,1836,LM,False,,"[64, 64]",49.32,142.95,,,,"Train,Train_no_overlap,Val_phase4",train_grp,True,False,False,True,False,True,LM_2023070,0.305533
Tensor_Longmen_A2023071.1818.npz,2023,71,2023071,1818,LM,False,,"[64, 64]",61.42,146.34,,,,"Train,Train_no_overlap,Train_phase4",train_grp,True,False,False,True,True,False,LM_2023071,0.328262
Tensor_Longmen_A2023072.1800.npz,2023,72,2023072,1800,LM,False,,"[64, 64]",73.72,149.47,,,,"Train,Train_no_overlap,Val_phase4",train_grp,True,False,False,True,False,True,LM_2023072,0.319361
Tensor_Longmen_A2023073.1742.npz,2023,73,2023073,1742,LM,False,,"[64, 64]",86.25,152.25,,,,"Train,Train_no_overlap,Train_phase4",train_grp,True,False,False,True,True,False,LM_2023073,0.29875
Tensor_Longmen_A2023074.1724.npz,2023,74,2023074,1724,LM,False,,"[64, 64]",98.98,154.54,,,,"Train,Train_no_overlap,Train_phase4",val_grp,True,False,False,True,True,False,LM_2023074,0.280357
Tensor_Longmen_A2023076.1824.npz,2023,76,2023076,1824,LM,False,,"[64, 64]",126.07,143.58,,,,"Train,Train_no_overlap,Train_phase4",train_grp,True,False,False,True,True,False,LM_2023076,0.305836
Tensor_Longmen_A2023077.1806.npz,2023,77,2023077,1806,LM,False,,"[64, 64]",139.43,146.7,,,,"Train,Train_no_overlap,Train_phase4",train_grp,True,False,False,True,True,False,LM_2023077,0.325384
Tensor_Longmen_A2023078.1748.npz,2023,78,2023078,1748,LM,False,,"[64, 64]",152.8,149.49,,,,"Train,Train_no_overlap,Train_phase4",val_grp,True,False,False,True,True,False,LM_2023078,0.301771
Tensor_Longmen_A2023079.1730.npz,2023,79,2023079,1730,LM,False,,"[64, 64]",166.01,151.84,,,,"Train,Train_no_overlap,Val_phase4",val_grp,True,False,False,True,False,True,LM_2023079,0.317527
Tensor_Longmen_A2023112.1712.npz,2023,112,2023112,1712,LM,False,,"[64, 64]",148.75,141.69,,,,"Train,Train_no_overlap,Train_phase4",val_grp,True,False,False,True,True,False,LM_2023112,0.309048
Tensor_Longmen_A2023112.1854.npz,2023,112,2023112,1854,LM,False,,"[64, 64]",147.57,128.0,,,,"Train,Train_no_overlap,Train_phase4",val_grp,True,False,False,True,True,False,LM_2023112,0.317592
Tensor_Longmen_A2023113.1830.npz,2023,113,2023113,1830,LM,False,,"[64, 64]",136.07,130.76,,,,"Train,Train_no_overlap,Train_phase4",train_grp,True,False,False,True,True,False,LM_2023113,0.300833
Tensor_Longmen_A2023114.1812.npz,2023,114,2023114,1812,LM,False,,"[64, 64]",124.86,133.58,,,,"Train,Train_no_overlap,Train_phase4",train_grp,True,False,False,True,True,False,LM_2023114,0.306454
Tensor_Longmen_A2023115.1754.npz,2023,115,2023115,1754,LM,False,,"[64, 64]",113.89,135.96,,,,"Train,Train_no_overlap,Train_phase4",train_grp,True,False,False,True,True,False,LM_2023115,0.296679
Tensor_Longmen_A2023116.1736.npz,2023,116,2023116,1736,LM,False,,"[64, 64]",103.07,137.96,,,,"Train,Train_no_overlap,Train_phase4",train_grp,True,False,False,True,True,False,LM_2023116,0.313266
Tensor_Longmen_A2023117.1718.npz,2023,117,2023117,1718,LM,False,,"[64, 64]",92.34,139.56,,,,"Train,Train_no_overlap,Train_phase4",val_grp,True,False,False,True,True,False,LM_2023117,0.330709
Tensor_Longmen_A2023119.1818.npz,2023,119,2023119,1818,LM,False,,"[64, 64]",70.04,131.29,,,,"Train,Train_no_overlap,Val_phase4",train_grp,True,False,False,True,False,True,LM_2023119,0.327608
Tensor_Longmen_A2023120.1800.npz,2023,120,2023120,1800,LM,False,,"[64, 64]",59.14,133.71,,,,"Train,Train_no_overlap,Train_phase4",train_grp,True,False,False,True,True,False,LM_2023120,0.323228
Tensor_Longmen_A2023121.1742.npz,2023,121,2023121,1742,LM,False,,"[64, 64]",48.01,135.8,,,,"Train,Train_no_overlap,Val_phase4",train_grp,True,False,False,True,False,True,LM_2023121,0.32028
Tensor_Longmen_A2023122.1724.npz,2023,122,2023122,1724,LM,False,,"[64, 64]",36.58,137.51,,,,"Train,Train_no_overlap,Train_phase4",train_grp,True,False,False,True,True,False,LM_2023122,0.32803
Tensor_Longmen_A2023124.1824.npz,2023,124,2023124,1824,LM,False,,"[64, 64]",12.25,129.11,,,,"Train,Train_no_overlap,Train_phase4",train_grp,True,False,False,True,True,False,LM_2023124,0.318383
Tensor_Longmen_A2023125.1806.npz,2023,125,2023125,1806,LM,False,,"[64, 64]",1.73,131.59,,,,"Train,Train_no_overlap,Train_phase4",train_grp,True,False,False,True,True,False,LM_2023125,0.334035
Tensor_Longmen_A2023126.1748.npz,2023,126,2023126,1748,LM,False,,"[64, 64]",13.07,133.76,,,,"Train,Train_no_overlap,Val_phase4",train_grp,True,False,False,True,False,True,LM_2023126,0.328737
Tensor_Longmen_A2023127.1730.npz,2023,127,2023127,1730,LM,False,,"[64, 64]",25.95,135.56,,,,"Train,Train_no_overlap,Train_phase4",val_grp,True,False,False,True,True,False,LM_2023127,0.325711
Tensor_Longmen_A2023143.1730.npz,2023,143,2023143,1730,LM,False,,"[64, 64]",132.99,132.16,,,,"Train,Train_no_overlap,Val_phase4",train_grp,True,False,False,True,False,True,LM_2023143,0.321767
Tensor_Longmen_A2023144.1712.npz,2023,144,2023144,1712,LM,False,,"[64, 64]",122.22,133.5,,,,"Train,Train_no_overlap,Train_phase4",val_grp,True,False,False,True,True,False,LM_2023144,0.30231
Tensor_Longmen_A2023145.1830.npz,2023,145,2023145,1830,LM,False,,"[64, 64]",110.54,124.38,,,,"Train,Train_no_overlap,Val_phase4",train_grp,True,False,False,True,False,True,LM_2023145,0.313236
Tensor_Longmen_A2023146.1812.npz,2023,146,2023146,1812,LM,False,,"[64, 64]",99.92,126.83,,,,"Train,Train_no_overlap,Train_phase4",val_grp,True,False,False,True,True,False,LM_2023146,0.312935
Tensor_Longmen_A2023147.1754.npz,2023,147,2023147,1754,LM,False,,"[64, 64]",89.24,129.0,,,,"Train,Train_no_overlap,Train_phase4",train_grp,True,False,False,True,True,False,LM_2023147,0.317199
Tensor_Longmen_A2023148.1736.npz,2023,148,2023148,1736,LM,False,,"[64, 64]",78.4,130.83,,,,"Train,Train_no_overlap,Train_phase4",train_grp,True,False,False,True,True,False,LM_2023148,0.302565
Tensor_Longmen_A2023149.1718.npz,2023,149,2023149,1718,LM,False,,"[64, 64]",67.32,132.3,,,,"Train,Train_no_overlap,Train_phase4",train_grp,True,False,False,True,True,False,LM_2023149,0.295356
Tensor_Longmen_A2023150.1836.npz,2023,150,2023150,1836,LM,False,,"[64, 64]",55.19,122.94,,,,"Train,Train_no_overlap,Val_phase4",train_grp,True,False,False,True,False,True,LM_2023150,0.326172
Tensor_Longmen_A2023151.1818.npz,2023,151,2023151,1818,LM,False,,"[64, 64]",43.5,125.46,,,,"Train,Train_no_overlap,Val_phase4",train_grp,True,False,False,True,False,True,LM_2023151,0.326796
Tensor_Longmen_A2023152.1800.npz,2023,152,2023152,1800,LM,False,,"[64, 64]",31.42,127.71,,,,"Train,Train_no_overlap,Train_phase4",val_grp,True,False,False,True,True,False,LM_2023152,0.299269
Tensor_Longmen_A2023153.1742.npz,2023,153,2023153,1742,LM,False,,"[64, 64]",19.0,129.65,,,,"Train,Train_no_overlap,Train_phase4",train_grp,True,False,False,True,True,False,LM_2023153,0.316017
Tensor_Longmen_A2023154.1724.npz,2023,154,2023154,1724,LM,False,,"[64, 64]",6.89,131.23,,,,"Train,Train_no_overlap,Train_phase4",train_grp,True,False,False,True,True,False,LM_2023154,0.318263
Tensor_Longmen_A2023155.1842.npz,2023,155,2023155,1842,LM,False,,"[64, 64]",9.25,121.64,,,,"Train,Train_no_overlap,Val_phase4",train_grp,True,False,False,True,False,True,LM_2023155,0.324096
Tensor_Longmen_A2023156.1824.npz,2023,156,2023156,1824,LM,False,,"[64, 64]",22.22,124.24,,,,"Train,Train_no_overlap,Train_phase4",train_grp,True,False,False,True,True,False,LM_2023156,0.290758
Tensor_Longmen_A2023157.1806.npz,2023,157,2023157,1806,LM,False,,"[64, 64]",35.73,126.57,,,,"Train,Train_no_overlap,Train_phase4",train_grp,True,False,False,True,True,False,LM_2023157,0.326628
Tensor_Longmen_A2023158.1748.npz,2023,158,2023158,1748,LM,False,,"[64, 64]",49.31,128.61,,,,"Train,Train_no_overlap,Train_phase4",train_grp,True,False,False,True,True,False,LM_2023158,0.340113
Tensor_Longmen_A2023159.1730.npz,2023,159,2023159,1730,LM,False,,"[64, 64]",62.79,130.31,,,,"Train,Train_no_overlap,Train_phase4",train_grp,True,False,False,True,True,False,LM_2023159,0.313686
Tensor_Longmen_A2023160.1712.npz,2023,160,2023160,1712,LM,False,,"[64, 64]",76.08,131.63,,,,"Train,Train_no_overlap,Train_phase4",train_grp,True,False,False,True,True,False,LM_2023160,0.323422
Tensor_Longmen_A2023160.1848.npz,2023,160,2023160,1848,LM,False,,"[64, 64]",76.77,120.31,,,,"Train,Train_no_overlap,Val_phase4",train_grp,True,False,False,True,False,True,LM_2023160,0.301659
Tensor_Longmen_A2023161.1830.npz,2023,161,2023161,1830,LM,False,,"[64, 64]",89.89,123.16,,,,"Train,Train_no_overlap,Train_phase4",train_grp,True,False,False,True,True,False,LM_2023161,0.303806
Tensor_Longmen_A2023162.1812.npz,2023,162,2023162,1812,LM,False,,"[64, 64]",102.73,125.58,,,,"Train,Train_no_overlap,Train_phase4",train_grp,True,False,False,True,True,False,LM_2023162,0.308598
Tensor_Longmen_A2023163.1754.npz,2023,163,2023163,1754,LM,False,,"[64, 64]",115.29,127.72,,,,"Train,Train_no_overlap,Val_phase4",train_grp,True,False,False,True,False,True,LM_2023163,0.343447
Tensor_Longmen_A2023164.1736.npz,2023,164,2023164,1736,LM,False,,"[64, 64]",127.56,129.53,,,,"Train,Train_no_overlap,Train_phase4",train_grp,True,False,False,True,True,False,LM_2023164,0.339227
Tensor_Longmen_A2023165.1718.npz,2023,165,2023165,1718,LM,False,,"[64, 64]",139.55,130.98,,,,"Train,Train_no_overlap,Train_phase4",val_grp,True,False,False,True,True,False,LM_2023165,0.338935
Tensor_Longmen_A2023166.1836.npz,2023,166,2023166,1836,LM,False,,"[64, 64]",152.34,122.22,,,,"Train,Train_no_overlap,Train_phase4",train_grp,True,False,False,True,True,False,LM_2023166,0.317563
Tensor_Longmen_A2023167.1818.npz,2023,167,2023167,1818,LM,False,,"[64, 64]",163.78,124.72,,,,"Train,Train_no_overlap,Train_phase4",val_grp,True,False,False,True,True,False,LM_2023167,0.317926
Tensor_Longmen_A2023168.1800.npz,2023,168,2023168,1800,LM,False,,"[64, 64]",174.36,126.97,,,,"Train,Train_no_overlap,Val_phase4",train_grp,True,False,False,True,False,True,LM_2023168,0.338166
Tensor_Longmen_A2023169.1742.npz,2023,169,2023169,1742,LM,False,,"[64, 64]",172.52,128.9,,,,"Train,Train_no_overlap,Train_phase4",train_grp,True,False,False,True,True,False,LM_2023169,0.33378
Tensor_Longmen_A2023170.1724.npz,2023,170,2023170,1724,LM,False,,"[64, 64]",162.06,130.47,,,,"Train,Train_no_overlap,Train_phase4",train_grp,True,False,False,True,True,False,LM_2023170,0.324945
Tensor_Longmen_A2023171.1842.npz,2023,171,2023171,1842,LM,False,,"[64, 64]",150.28,121.41,,,,"Train,Train_no_overlap,Train_phase4",val_grp,True,False,False,True,True,False,LM_2023171,0.334148
Tensor_Longmen_A2023172.1824.npz,2023,172,2023172,1824,LM,False,,"[64, 64]",139.67,124.01,,,,"Train,Train_no_overlap,Train_phase4",train_grp,True,False,False,True,True,False,LM_2023172,0.339425
Tensor_Longmen_A2023173.1806.npz,2023,173,2023173,1806,LM,False,,"[64, 64]",129.13,126.35,,,,"Train,Train_no_overlap,Train_phase4",train_grp,True,False,False,True,True,False,LM_2023173,0.313747
Tensor_Longmen_A2023174.1748.npz,2023,174,2023174,1748,LM,False,,"[64, 64]",118.58,128.39,,,,"Train,Train_no_overlap,Val_phase4",train_grp,True,False,False,True,False,True,LM_2023174,0.328154
Tensor_Longmen_A2023175.1730.npz,2023,175,2023175,1730,LM,False,,"[64, 64]",107.97,130.1,,,,"Train,Train_no_overlap,Train_phase4",train_grp,True,False,False,True,True,False,LM_2023175,0.329012
Tensor_Longmen_A2023176.1848.npz,2023,176,2023176,1848,LM,False,,"[64, 64]",96.27,120.7,,,,"Train,Train_no_overlap,Train_phase4",train_grp,True,False,False,True,True,False,LM_2023176,0.32395
Tensor_Longmen_A2023177.1830.npz,2023,177,2023177,1830,LM,False,,"[64, 64]",85.35,123.39,,,,"Train,Train_no_overlap,Train_phase4",val_grp,True,False,False,True,True,False,LM_2023177,0.335148
Tensor_Longmen_A2023178.1812.npz,2023,178,2023178,1812,LM,False,,"[64, 64]",74.12,125.84,,,,"Train,Train_no_overlap,Val_phase4",train_grp,True,False,False,True,False,True,LM_2023178,0.303254
Tensor_Longmen_A2023179.1754.npz,2023,179,2023179,1754,LM,False,,"[64, 64]",62.51,128.0,,,,"Train,Train_no_overlap,Val_phase4",train_grp,True,False,False,True,False,True,LM_2023179,0.326925
Tensor_Longmen_A2023180.1736.npz,2023,180,2023180,1736,LM,False,,"[64, 64]",50.46,129.85,,,,"Train,Train_no_overlap,Val_phase4",train_grp,True,False,False,True,False,True,LM_2023180,0.337531
Tensor_Longmen_A2023181.1718.npz,2023,181,2023181,1718,LM,False,,"[64, 64]",37.96,131.33,,,,"Train,Train_no_overlap,Train_phase4",train_grp,True,False,False,True,True,False,LM_2023181,0.330099
Tensor_Longmen_A2023182.1836.npz,2023,182,2023182,1836,LM,False,,"[64, 64]",24.42,122.89,,,,"Train,Train_no_overlap,Train_phase4",train_grp,True,False,False,True,True,False,LM_2023182,0.333067
Tensor_Longmen_A2023183.1818.npz,2023,183,2023183,1818,LM,False,,"[64, 64]",11.67,125.44,,,,"Train,Train_no_overlap,Train_phase4",train_grp,True,False,False,True,True,False,LM_2023183,0.328887
Tensor_Longmen_A2023184.1800.npz,2023,184,2023184,1800,LM,False,,"[64, 64]",6.47,127.73,,,,"Train,Train_no_overlap,Train_phase4",train_grp,True,False,False,True,True,False,LM_2023184,0.327345
Tensor_Longmen_A2023185.1742.npz,2023,185,2023185,1742,LM,False,,"[64, 64]",18.35,129.71,,,,"Train,Train_no_overlap,Train_phase4",train_grp,True,False,False,True,True,False,LM_2023185,0.31983
Tensor_Longmen_A2023186.1724.npz,2023,186,2023186,1724,LM,False,,"[64, 64]",32.04,131.33,,,,"Train,Train_no_overlap,Train_phase4",train_grp,True,False,False,True,True,False,LM_2023186,0.330638
Tensor_Longmen_A2023187.1842.npz,2023,187,2023187,1842,LM,False,,"[64, 64]",46.41,122.47,,,,"Train,Train_no_overlap,Train_phase4",train_grp,True,False,False,True,True,False,LM_2023187,0.31588
Tensor_Longmen_A2023188.1824.npz,2023,188,2023188,1824,LM,False,,"[64, 64]",60.03,125.13,,,,"Train,Train_no_overlap,Train_phase4",train_grp,True,False,False,True,True,False,LM_2023188,0.305679
Tensor_Longmen_A2023189.1806.npz,2023,189,2023189,1806,LM,False,,"[64, 64]",73.33,127.55,,,,"Train,Train_no_overlap,Train_phase4",train_grp,True,False,False,True,True,False,LM_2023189,0.305956
Tensor_Longmen_A2023190.1748.npz,2023,190,2023190,1748,LM,False,,"[64, 64]",86.25,129.67,,,,"Train,Train_no_overlap,Train_phase4",train_grp,True,False,False,True,True,False,LM_2023190,0.272524
Tensor_Longmen_A2023191.1730.npz,2023,191,2023191,1730,LM,False,,"[64, 64]",98.77,131.45,,,,"Train,Train_no_overlap,Val_phase4",train_grp,True,False,False,True,False,True,LM_2023191,0.297592
Tensor_Longmen_A2023192.1712.npz,2023,192,2023192,1712,LM,False,,"[64, 64]",110.91,132.85,,,,"Train,Train_no_overlap,Train_phase4",val_grp,True,False,False,True,True,False,LM_2023192,0.292708
Tensor_Longmen_A2023192.1848.npz,2023,192,2023192,1848,LM,False,,"[64, 64]",111.75,122.08,,,,"Train,Train_no_overlap,Train_phase4",val_grp,True,False,False,True,True,False,LM_2023192,0.301469
Tensor_Longmen_A2023194.1812.npz,2023,194,2023194,1812,LM,False,,"[64, 64]",135.18,127.45,,,,"Train,Train_no_overlap,Val_phase4",val_grp,True,False,False,True,False,True,LM_2023194,0.335625
Tensor_Longmen_A2023195.1754.npz,2023,195,2023195,1754,LM,False,,"[64, 64]",146.45,129.72,,,,"Train,Train_no_overlap,Train_phase4",val_grp,True,False,False,True,True,False,LM_2023195,0.297923
Tensor_Longmen_A2023196.1736.npz,2023,196,2023196,1736,LM,False,,"[64, 64]",157.43,131.66,,,,"Train,Train_no_overlap,Train_phase4",val_grp,True,False,False,True,True,False,LM_2023196,0.327678
Tensor_Longmen_A2023197.1718.npz,2023,197,2023197,1718,LM,False,,"[64, 64]",167.97,133.23,,,,"Train,Train_no_overlap,Val_phase4",train_grp,True,False,False,True,False,True,LM_2023197,0.34728
Tensor_Longmen_A2023198.1836.npz,2023,198,2023198,1836,LM,False,,"[64, 64]",175.51,124.74,,,,"Train,Train_no_overlap,Train_phase4",train_grp,True,False,False,True,True,False,LM_2023198,0.311775
Tensor_Longmen_A2023199.1818.npz,2023,199,2023199,1818,LM,False,,"[64, 64]",167.83,127.42,,,,"Train,Train_no_overlap,Val_phase4",train_grp,True,False,False,True,False,True,LM_2023199,0.32734
Tensor_Longmen_A2023200.1800.npz,2023,200,2023200,1800,LM,False,,"[64, 64]",157.63,129.83,,,,"Train,Train_no_overlap,Train_phase4",val_grp,True,False,False,True,True,False,LM_2023200,0.341435
Tensor_Longmen_A2023202.1724.npz,2023,202,2023202,1724,LM,False,,"[64, 64]",136.77,133.69,,,,"Train,Train_no_overlap,Val_phase4",train_grp,True,False,False,True,False,True,LM_2023202,0.332021
Tensor_Longmen_A2023203.1842.npz,2023,203,2023203,1842,LM,False,,"[64, 64]",125.17,124.61,,,,"Train,Train_no_overlap,Train_phase4",train_grp,True,False,False,True,True,False,LM_2023203,0.317956
Tensor_Longmen_A2023204.1824.npz,2023,204,2023204,1824,LM,False,,"[64, 64]",114.51,127.43,,,,"Train,Train_no_overlap,Val_phase4",train_grp,True,False,False,True,False,True,LM_2023204,0.342618
Tensor_Longmen_A2023205.1806.npz,2023,205,2023205,1806,LM,False,,"[64, 64]",103.66,130.0,,,,"Train,Train_no_overlap,Train_phase4",val_grp,True,False,False,True,True,False,LM_2023205,0.320202
Tensor_Longmen_A2023206.1748.npz,2023,206,2023206,1748,LM,False,,"[64, 64]",92.52,132.27,,,,"Train,Train_no_overlap,Train_phase4",train_grp,True,False,False,True,True,False,LM_2023206,0.327297
Tensor_Longmen_A2023209.1830.npz,2023,209,2023209,1830,LM,False,,"[64, 64]",55.88,127.46,,,,"Train,Train_no_overlap,Val_phase4",train_grp,True,False,False,True,False,True,LM_2023209,0.329811
Tensor_Longmen_A2023211.1754.npz,2023,211,2023211,1754,LM,False,,"[64, 64]",29.77,132.62,,,,"Train,Train_no_overlap,Train_phase4",train_grp,True,False,False,True,True,False,LM_2023211,0.342721
Tensor_Longmen_A2023212.1736.npz,2023,212,2023212,1736,LM,False,,"[64, 64]",16.35,134.74,,,,"Train,Train_no_overlap,Train_phase4",train_grp,True,False,False,True,True,False,LM_2023212,0.320249
Tensor_Longmen_A2023213.1718.npz,2023,213,2023213,1718,LM,False,,"[64, 64]",5.69,136.49,,,,"Train,Train_no_overlap,Train_phase4",train_grp,True,False,False,True,True,False,LM_2023213,0.350788
Tensor_Longmen_A2023214.1836.npz,2023,214,2023214,1836,LM,False,,"[64, 64]",14.77,127.48,,,,"Train,Train_no_overlap,Val_phase4",train_grp,True,False,False,True,False,True,LM_2023214,0.317193
Tensor_Longmen_A2023215.1818.npz,2023,215,2023215,1818,LM,False,,"[64, 64]",28.49,130.35,,,,"Train,Train_no_overlap,Train_phase4",train_grp,True,False,False,True,True,False,LM_2023215,0.296538
Tensor_Longmen_A2023216.1800.npz,2023,216,2023216,1800,LM,False,,"[64, 64]",42.32,132.98,,,,"Train,Train_no_overlap,Train_phase4",train_grp,True,False,False,True,True,False,LM_2023216,0.307176
Tensor_Longmen_A2023217.1742.npz,2023,217,2023217,1742,LM,False,,"[64, 64]",55.86,135.29,,,,"Train,Train_no_overlap,Train_phase4",train_grp,True,False,False,True,True,False,LM_2023217,0.316211
Tensor_Longmen_A2023218.1724.npz,2023,218,2023218,1724,LM,False,,"[64, 64]",68.97,137.24,,,,"Train,Train_no_overlap,Train_phase4",train_grp,True,False,False,True,True,False,LM_2023218,0.311667
Tensor_Longmen_A2023219.1842.npz,2023,219,2023219,1842,LM,False,,"[64, 64]",82.31,127.47,,,,"Train,Train_no_overlap,Train_phase4",train_grp,True,False,False,True,True,False,LM_2023219,0.335439
Tensor_Longmen_A2023220.1824.npz,2023,220,2023220,1824,LM,False,,"[64, 64]",94.56,130.51,,,,"Train,Train_no_overlap,Val_phase4",val_grp,True,False,False,True,False,True,LM_2023220,0.337664
Tensor_Longmen_A2023221.1806.npz,2023,221,2023221,1806,LM,False,,"[64, 64]",106.4,133.31,,,,"Train,Train_no_overlap,Train_phase4",train_grp,True,False,False,True,True,False,LM_2023221,0.333648
Tensor_Longmen_A2023223.1730.npz,2023,223,2023223,1730,LM,False,,"[64, 64]",129.04,137.99,,,,"Train,Train_no_overlap,Train_phase4",train_grp,True,False,False,True,True,False,LM_2023223,0.336619
Tensor_Longmen_A2023224.1712.npz,2023,224,2023224,1712,LM,False,,"[64, 64]",139.96,139.76,,,,"Train,Train_no_overlap,Train_phase4",train_grp,True,False,False,True,True,False,LM_2023224,0.333365
Tensor_Longmen_A2023224.1848.npz,2023,224,2023224,1848,LM,False,,"[64, 64]",140.85,127.4,,,,"Train,Train_no_overlap,Train_phase4",train_grp,True,False,False,True,True,False,LM_2023224,0.324896
Tensor_Longmen_A2023225.1830.npz,2023,225,2023225,1830,LM,False,,"[64, 64]",151.62,130.62,,,,"Train,Train_no_overlap,Train_phase4",train_grp,True,False,False,True,True,False,LM_2023225,0.320676
Tensor_Longmen_A2023226.1812.npz,2023,226,2023226,1812,LM,False,,"[64, 64]",162.16,133.6,,,,"Train,Train_no_overlap,Train_phase4",train_grp,True,False,False,True,True,False,LM_2023226,0.3231
Tensor_Longmen_A2023227.1754.npz,2023,227,2023227,1754,LM,False,,"[64, 64]",172.11,136.31,,,,"Train,Train_no_overlap,Train_phase4",train_grp,True,False,False,True,True,False,LM_2023227,0.335359
Tensor_Longmen_A2023228.1736.npz,2023,228,2023228,1736,LM,False,,"[64, 64]",174.41,138.7,,,,"Train,Train_no_overlap,Train_phase4",val_grp,True,False,False,True,True,False,LM_2023228,0.328509
Tensor_Longmen_A2023229.1718.npz,2023,229,2023229,1718,LM,False,,"[64, 64]",165.07,140.71,,,,"Train,Train_no_overlap,Val_phase4",val_grp,True,False,False,True,False,True,LM_2023229,0.334406
Tensor_Longmen_A2023230.1836.npz,2023,230,2023230,1836,LM,False,,"[64, 64]",153.65,130.68,,,,"Train,Train_no_overlap,Train_phase4",val_grp,True,False,False,True,True,False,LM_2023230,0.328996
Tensor_Longmen_A2023231.1818.npz,2023,231,2023231,1818,LM,False,,"[64, 64]",143.11,133.83,,,,"Train,Train_no_overlap,Train_phase4",train_grp,True,False,False,True,True,False,LM_2023231,0.332682
Tensor_Longmen_A2023232.1800.npz,2023,232,2023232,1800,LM,False,,"[64, 64]",132.41,136.73,,,,"Train,Train_no_overlap,Val_phase4",train_grp,True,False,False,True,False,True,LM_2023232,0.350138
Tensor_Longmen_A2023233.1742.npz,2023,233,2023233,1742,LM,False,,"[64, 64]",121.54,139.35,,,,"Train,Train_no_overlap,Train_phase4",train_grp,True,False,False,True,True,False,LM_2023233,0.304987
Tensor_Longmen_A2023234.1724.npz,2023,234,2023234,1724,LM,False,,"[64, 64]",110.42,141.6,,,,"Train,Train_no_overlap,Val_phase4",train_grp,True,False,False,True,False,True,LM_2023234,0.349863
Tensor_Longmen_A2023235.1842.npz,2023,235,2023235,1842,LM,False,,"[64, 64]",97.98,130.65,,,,"Train,Train_no_overlap,Train_phase4",train_grp,True,False,False,True,True,False,LM_2023235,0.330577
Tensor_Longmen_A2023236.1824.npz,2023,236,2023236,1824,LM,False,,"[64, 64]",86.22,133.97,,,,"Train,Train_no_overlap,Train_phase4",train_grp,True,False,False,True,True,False,LM_2023236,0.327134
Tensor_Longmen_A2023239.1730.npz,2023,239,2023239,1730,LM,False,,"[64, 64]",48.18,142.41,,,,"Train,Train_no_overlap,Train_phase4",val_grp,True,False,False,True,True,False,LM_2023239,0.335544
Tensor_Longmen_A2023240.1848.npz,2023,240,2023240,1848,LM,False,,"[64, 64]",33.76,130.53,,,,"Train,Train_no_overlap,Train_phase4",train_grp,True,False,False,True,True,False,LM_2023240,0.315234
Tensor_Longmen_A2023241.1830.npz,2023,241,2023241,1830,LM,False,,"[64, 64]",19.95,134.0,,,,"Train,Train_no_overlap,Train_phase4",train_grp,True,False,False,True,True,False,LM_2023241,0.332987
Tensor_Longmen_A2023242.1812.npz,2023,242,2023242,1812,LM,False,,"[64, 64]",6.73,137.29,,,,"Train,Train_no_overlap,Train_phase4",val_grp,True,False,False,True,True,False,LM_2023242,0.329682
Tensor_Longmen_A2023243.1754.npz,2023,243,2023243,1754,LM,False,,"[64, 64]",9.94,140.35,,,,"Train,Train_no_overlap,Train_phase4",val_grp,True,False,False,True,True,False,LM_2023243,0.345991
Tensor_Longmen_A2023245.1718.npz,2023,245,2023245,1718,LM,False,,"[64, 64]",37.23,145.47,,,,"Train,Train_no_overlap,Train_phase4",train_grp,True,False,False,True,True,False,LM_2023245,0.331064
Tensor_Longmen_A2023246.1836.npz,2023,246,2023246,1836,LM,False,,"[64, 64]",51.16,133.93,,,,"Train,Train_no_overlap,Val_phase4",train_grp,True,False,False,True,False,True,LM_2023246,0.325923
Tensor_Longmen_A2023247.1818.npz,2023,247,2023247,1818,LM,False,,"[64, 64]",64.04,137.4,,,,"Train,Train_no_overlap,Train_phase4",train_grp,True,False,False,True,True,False,LM_2023247,0.323149
Tensor_Longmen_A2023249.1742.npz,2023,249,2023249,1742,LM,False,,"[64, 64]",88.35,143.65,,,,"Train,Train_no_overlap,Train_phase4",train_grp,True,False,False,True,True,False,LM_2023249,0.324609
Tensor_Longmen_A2023250.1724.npz,2023,250,2023250,1724,LM,False,,"[64, 64]",99.86,146.3,,,,"Train,Train_no_overlap,Train_phase4",val_grp,True,False,False,True,True,False,LM_2023250,0.317244
Tensor_Longmen_A2023251.1842.npz,2023,251,2023251,1842,LM,False,,"[64, 64]",111.78,133.74,,,,"Train,Train_no_overlap,Train_phase4",train_grp,True,False,False,True,True,False,LM_2023251,0.323446
Tensor_Longmen_A2023252.1824.npz,2023,252,2023252,1824,LM,False,,"[64, 64]",122.76,137.37,,,,"Train,Train_no_overlap,Train_phase4",train_grp,True,False,False,True,True,False,LM_2023252,0.321308
Tensor_Longmen_A2023253.1806.npz,2023,253,2023253,1806,LM,False,,"[64, 64]",133.54,140.83,,,,"Train,Train_no_overlap,Train_phase4",train_grp,True,False,False,True,True,False,LM_2023253,0.331496
Tensor_Longmen_A2023254.1748.npz,2023,254,2023254,1748,LM,False,,"[64, 64]",144.2,144.06,,,,"Train,Train_no_overlap,Train_phase4",train_grp,True,False,False,True,True,False,LM_2023254,0.32092
Tensor_Longmen_A2023255.1730.npz,2023,255,2023255,1730,LM,False,,"[64, 64]",154.77,146.97,,,,"Train,Train_no_overlap,Train_phase4",train_grp,True,False,False,True,True,False,LM_2023255,0.314742
Tensor_Longmen_A2023256.1848.npz,2023,256,2023256,1848,LM,False,,"[64, 64]",166.21,133.42,,,,"Train,Train_no_overlap,Train_phase4",val_grp,True,False,False,True,True,False,LM_2023256,0.288883
Tensor_Longmen_A2023258.1812.npz,2023,258,2023258,1812,LM,False,,"[64, 64]",171.71,140.84,,,,"Train,Train_no_overlap,Train_phase4",train_grp,True,False,False,True,True,False,LM_2023258,0.314529
Tensor_Longmen_A2023260.1736.npz,2023,260,2023260,1736,LM,False,,"[64, 64]",150.33,147.46,,,,"Train,Train_no_overlap,Train_phase4",train_grp,True,False,False,True,True,False,LM_2023260,0.303582
Tensor_Longmen_A2023263.1818.npz,2023,263,2023263,1818,LM,False,,"[64, 64]",115.47,140.7,,,,"Train,Train_no_overlap,Train_phase4",val_grp,True,False,False,True,True,False,LM_2023263,0.282503
Tensor_Longmen_A2023264.1800.npz,2023,264,2023264,1800,LM,False,,"[64, 64]",103.71,144.34,,,,"Train,Train_no_overlap,Train_phase4",train_grp,True,False,False,True,True,False,LM_2023264,0.3364
Tensor_Longmen_A2023265.1742.npz,2023,265,2023265,1742,LM,False,,"[64, 64]",91.6,147.77,,,,"Train,Train_no_overlap,Val_phase4",train_grp,True,False,False,True,False,True,LM_2023265,0.286864
Tensor_Longmen_A2023266.1724.npz,2023,266,2023266,1724,LM,False,,"[64, 64]",79.1,150.89,,,,"Train,Train_no_overlap,Train_phase4",val_grp,True,False,False,True,True,False,LM_2023266,0.325049
Tensor_Longmen_A2023267.1842.npz,2023,267,2023267,1842,LM,False,,"[64, 64]",65.22,136.47,,,,"Train,Train_no_overlap,Train_phase4",train_grp,True,False,False,True,True,False,LM_2023267,0.327271
Tensor_Longmen_A2023269.1806.npz,2023,269,2023269,1806,LM,False,,"[64, 64]",38.34,144.22,,,,"Train,Train_no_overlap,Train_phase4",train_grp,True,False,False,True,True,False,LM_2023269,0.32246
Tensor_Longmen_A2023270.1748.npz,2023,270,2023270,1748,LM,False,,"[64, 64]",24.45,147.86,,,,"Train,Train_no_overlap,Train_phase4",train_grp,True,False,False,True,True,False,LM_2023270,0.335536
Tensor_Longmen_A2023272.1848.npz,2023,272,2023272,1848,LM,False,,"[64, 64]",4.7,135.92,,,,"Train,Train_no_overlap,Train_phase4",train_grp,True,False,False,True,True,False,LM_2023272,0.33038
Tensor_Longmen_A2023273.1830.npz,2023,273,2023273,1830,LM,False,,"[64, 64]",18.22,139.97,,,,"Train,Train_no_overlap,Train_phase4",train_grp,True,False,False,True,True,False,LM_2023273,0.292097
Tensor_Longmen_A2023280.1800.npz,2023,280,2023280,1800,LM,False,,"[64, 64]",103.76,147.48,,,,"Train,Train_no_overlap,Train_phase4",train_grp,True,False,False,True,True,False,LM_2023280,0.34709
Tensor_Longmen_A2023281.1742.npz,2023,281,2023281,1742,LM,False,,"[64, 64]",114.58,151.33,,,,"Train,Train_no_overlap,Train_phase4",train_grp,True,False,False,True,True,False,LM_2023281,0.317794
Tensor_Longmen_A2023283.1842.npz,2023,283,2023283,1842,LM,False,,"[64, 64]",136.76,138.76,,,,"Train,Train_no_overlap,Train_phase4",val_grp,True,False,False,True,True,False,LM_2023283,0.293429
Tensor_Longmen_A2023284.1824.npz,2023,284,2023284,1824,LM,False,,"[64, 64]",147.49,142.94,,,,"Train,Train_no_overlap,Train_phase4",val_grp,True,False,False,True,True,False,LM_2023284,0.297844
Tensor_Longmen_A2023287.1730.npz,2023,287,2023287,1730,LM,False,,"[64, 64]",179.7,154.88,,,,"Train,Train_no_overlap,Train_phase4",train_grp,True,False,False,True,True,False,LM_2023287,0.333986
Tensor_Longmen_A2023288.1848.npz,2023,288,2023288,1848,LM,False,,"[64, 64]",167.56,137.98,,,,"Train,Train_no_overlap,Train_phase4",train_grp,True,False,False,True,True,False,LM_2023288,0.291346
Tensor_Longmen_A2023289.1830.npz,2023,289,2023289,1830,LM,False,,"[64, 64]",156.21,142.22,,,,"Train,Train_no_overlap,Train_phase4",val_grp,True,False,False,True,True,False,LM_2023289,0.326234
Tensor_Longmen_A2023290.1812.npz,2023,290,2023290,1812,LM,False,,"[64, 64]",144.68,146.42,,,,"Train,Train_no_overlap,Train_phase4",train_grp,True,False,False,True,True,False,LM_2023290,0.327802
Tensor_Longmen_A2023294.1836.npz,2023,294,2023294,1836,LM,False,,"[64, 64]",95.31,141.42,,,,"Train,Train_no_overlap,Train_phase4",train_grp,True,False,False,True,True,False,LM_2023294,0.314282
Tensor_Longmen_A2023295.1818.npz,2023,295,2023295,1818,LM,False,,"[64, 64]",82.65,145.69,,,,"Train,Train_no_overlap,Train_phase4",train_grp,True,False,False,True,True,False,LM_2023295,0.320587
Tensor_Longmen_A2023297.1742.npz,2023,297,2023297,1742,LM,False,,"[64, 64]",56.48,154.09,,,,"Train,Train_no_overlap,Val_phase4",train_grp,True,False,False,True,False,True,LM_2023297,0.281957
Tensor_Longmen_A2023302.1748.npz,2023,302,2023302,1748,LM,False,,"[64, 64]",11.6,153.44,,,,"Train,Train_no_overlap,Train_phase4",train_grp,True,False,False,True,True,False,LM_2023302,0.332581
Tensor_Longmen_A2023303.1730.npz,2023,303,2023303,1730,LM,False,,"[64, 64]",24.5,157.62,,,,"Train,Train_no_overlap,Train_phase4",train_grp,True,False,False,True,True,False,LM_2023303,0.3206
Tensor_Longmen_A2023306.1812.npz,2023,306,2023306,1812,LM,False,,"[64, 64]",61.36,148.35,,,,"Train,Train_no_overlap,Train_phase4",train_grp,True,False,False,True,True,False,LM_2023306,0.295563
Tensor_Longmen_A2023307.1754.npz,2023,307,2023307,1754,LM,False,,"[64, 64]",72.73,152.68,,,,"Train,Train_no_overlap,Train_phase4",train_grp,True,False,False,True,True,False,LM_2023307,0.27596
Tensor_Longmen_A2023308.1736.npz,2023,308,2023308,1736,LM,False,,"[64, 64]",83.81,156.97,,,,"Train,Train_no_overlap,Train_phase4",train_grp,True,False,False,True,True,False,LM_2023308,0.28118
Tensor_Longmen_A2023310.1836.npz,2023,310,2023310,1836,LM,False,,"[64, 64]",106.08,143.12,,,,"Train,Train_no_overlap,Val_phase4",train_grp,True,False,False,True,False,True,LM_2023310,0.316646
Tensor_Longmen_A2023311.1818.npz,2023,311,2023311,1818,LM,False,,"[64, 64]",116.84,147.48,,,,"Train,Train_no_overlap,Train_phase4",train_grp,True,False,False,True,True,False,LM_2023311,0.328679
Tensor_Longmen_A2023312.1800.npz,2023,312,2023312,1800,LM,False,,"[64, 64]",127.61,151.86,,,,"Train,Train_no_overlap,Train_phase4",train_grp,True,False,False,True,True,False,LM_2023312,0.350529
Tensor_Longmen_A2023313.1742.npz,2023,313,2023313,1742,LM,False,,"[64, 64]",138.47,156.21,,,,"Train,Train_no_overlap,Train_phase4",train_grp,True,False,False,True,True,False,LM_2023313,0.314441
Tensor_Longmen_A2023315.1842.npz,2023,315,2023315,1842,LM,False,,"[64, 64]",161.67,142.21,,,,"Train,Train_no_overlap,Train_phase4",train_grp,True,False,False,True,True,False,LM_2023315,0.312493
Tensor_Longmen_A2023316.1824.npz,2023,316,2023316,1824,LM,False,,"[64, 64]",172.94,146.59,,,,"Train,Train_no_overlap,Train_phase4",val_grp,True,False,False,True,True,False,LM_2023316,0.315965
Tensor_Longmen_A2023317.1806.npz,2023,317,2023317,1806,LM,False,,"[64, 64]",174.54,150.99,,,,"Train,Train_no_overlap,Train_phase4",train_grp,True,False,False,True,True,False,LM_2023317,0.333803
Tensor_Longmen_A2023318.1748.npz,2023,318,2023318,1748,LM,False,,"[64, 64]",162.97,155.38,,,,"Train,Train_no_overlap,Train_phase4",train_grp,True,False,False,True,True,False,LM_2023318,0.307563
Tensor_Longmen_A2023319.1730.npz,2023,319,2023319,1730,LM,False,,"[64, 64]",150.94,159.74,,,,"Train,Train_no_overlap,Train_phase4",val_grp,True,False,False,True,True,False,LM_2023319,0.319225
Tensor_Longmen_A2023320.1848.npz,2023,320,2023320,1848,LM,False,,"[64, 64]",137.46,141.31,,,,"Train,Train_no_overlap,Train_phase4",train_grp,True,False,False,True,True,False,LM_2023320,0.326436
Tensor_Longmen_A2023321.1830.npz,2023,321,2023321,1830,LM,False,,"[64, 64]",125.06,145.7,,,,"Train,Train_no_overlap,Val_phase4",train_grp,True,False,False,True,False,True,LM_2023321,0.294692
Tensor_Longmen_A2023322.1812.npz,2023,322,2023322,1812,LM,False,,"[64, 64]",112.53,150.1,,,,"Train,Train_no_overlap,Val_phase4",train_grp,True,False,False,True,False,True,LM_2023322,0.311478
Tensor_Longmen_A2023323.1754.npz,2023,323,2023323,1754,LM,False,,"[64, 64]",99.87,154.5,,,,"Train,Train_no_overlap,Val_phase4",train_grp,True,False,False,True,False,True,LM_2023323,0.315102
Tensor_Longmen_A2023324.1736.npz,2023,324,2023324,1736,LM,False,,"[64, 64]",87.08,158.91,,,,"Train,Train_no_overlap,Train_phase4",train_grp,True,False,False,True,True,False,LM_2023324,0.297384
Tensor_Longmen_A2023326.1836.npz,2023,326,2023326,1836,LM,False,,"[64, 64]",60.28,144.82,,,,"Train,Train_no_overlap,Train_phase4",val_grp,True,False,False,True,True,False,LM_2023326,0.292411
Tensor_Longmen_A2023327.1818.npz,2023,327,2023327,1818,LM,False,,"[64, 64]",47.33,149.21,,,,"Train,Train_no_overlap,Train_phase4",train_grp,True,False,False,True,True,False,LM_2023327,0.278541
Tensor_Longmen_A2023328.1800.npz,2023,328,2023328,1800,LM,False,,"[64, 64]",34.38,153.62,,,,"Train,Train_no_overlap,Val_phase4",val_grp,True,False,False,True,False,True,LM_2023328,0.308067
Tensor_Longmen_A2023329.1742.npz,2023,329,2023329,1742,LM,False,,"[64, 64]",21.54,158.04,,,,"Train,Train_no_overlap,Train_phase4",train_grp,True,False,False,True,True,False,LM_2023329,0.283653
Tensor_Longmen_A2023331.1842.npz,2023,331,2023331,1842,LM,False,,"[64, 64]",5.77,143.94,,,,"Train,Train_no_overlap,Train_phase4",train_grp,True,False,False,True,True,False,LM_2023331,0.281819
Tensor_Longmen_A2023332.1824.npz,2023,332,2023332,1824,LM,False,,"[64, 64]",17.28,148.34,,,,"Train,Train_no_overlap,Val_phase4",val_grp,True,False,False,True,False,True,LM_2023332,0.316383
Tensor_Longmen_A2023333.1806.npz,2023,333,2023333,1806,LM,False,,"[64, 64]",29.13,152.75,,,,"Train,Train_no_overlap,Val_phase4",train_grp,True,False,False,True,False,True,LM_2023333,0.302716
Tensor_Longmen_A2023334.1748.npz,2023,334,2023334,1748,LM,False,,"[64, 64]",40.75,157.17,,,,"Train,Train_no_overlap,Train_phase4",train_grp,True,False,False,True,True,False,LM_2023334,0.328057
Tensor_Longmen_A2023335.1730.npz,2023,335,2023335,1730,LM,False,,"[64, 64]",52.09,161.59,,,,"Train,Train_no_overlap,Train_phase4",train_grp,True,False,False,True,True,False,LM_2023335,0.330127
Tensor_Longmen_A2023336.1848.npz,2023,336,2023336,1848,LM,False,,"[64, 64]",63.66,143.1,,,,"Train,Train_no_overlap,Train_phase4",val_grp,True,False,False,True,True,False,LM_2023336,0.331631
Tensor_Longmen_A2023337.1830.npz,2023,337,2023337,1830,LM,False,,"[64, 64]",74.6,147.48,,,,"Train,Train_no_overlap,Train_phase4",train_grp,True,False,False,True,True,False,LM_2023337,0.315258
Tensor_Longmen_A2023338.1812.npz,2023,338,2023338,1812,LM,False,,"[64, 64]",85.41,151.88,,,,"Train,Train_no_overlap,Train_phase4",val_grp,True,False,False,True,True,False,LM_2023338,0.29491
Tensor_Longmen_A2023339.1754.npz,2023,339,2023339,1754,LM,False,,"[64, 64]",96.16,156.3,,,,"Train,Train_no_overlap,Train_phase4",train_grp,True,False,False,True,True,False,LM_2023339,0.335576
Tensor_Longmen_A2023340.1736.npz,2023,340,2023340,1736,LM,False,,"[64, 64]",106.94,160.73,,,,"Train,Train_no_overlap,Train_phase4",train_grp,True,False,False,True,True,False,LM_2023340,0.310513
Tensor_Longmen_A2023342.1836.npz,2023,342,2023342,1836,LM,False,,"[64, 64]",129.77,146.66,,,,"Train,Train_no_overlap,Train_phase4",train_grp,True,False,False,True,True,False,LM_2023342,0.303588
Tensor_Longmen_A2023343.1818.npz,2023,343,2023343,1818,LM,False,,"[64, 64]",141.13,151.04,,,,"Train,Train_no_overlap,Train_phase4",train_grp,True,False,False,True,True,False,LM_2023343,0.30069
Tensor_Longmen_A2023344.1800.npz,2023,344,2023344,1800,LM,False,,"[64, 64]",152.72,155.45,,,,"Train,Train_no_overlap,Train_phase4",train_grp,True,False,False,True,True,False,LM_2023344,0.286625
Tensor_Longmen_A2023345.1742.npz,2023,345,2023345,1742,LM,False,,"[64, 64]",164.43,159.88,,,,"Train,Train_no_overlap,Val_phase4",val_grp,True,False,False,True,False,True,LM_2023345,0.279623
Tensor_Longmen_A2023347.1842.npz,2023,347,2023347,1842,LM,False,,"[64, 64]",168.2,145.84,,,,"Train,Train_no_overlap,Val_phase4",train_grp,True,False,False,True,False,True,LM_2023347,0.279889
Tensor_Longmen_A2023348.1824.npz,2023,348,2023348,1824,LM,False,,"[64, 64]",155.89,150.22,,,,"Train,Train_no_overlap,Val_phase4",train_grp,True,False,False,True,False,True,LM_2023348,0.31304
Tensor_Longmen_A2023349.1806.npz,2023,349,2023349,1806,LM,False,,"[64, 64]",143.18,154.63,,,,"Train,Train_no_overlap,Train_phase4",train_grp,True,False,False,True,True,False,LM_2023349,0.331998
Tensor_Longmen_A2023350.1748.npz,2023,350,2023350,1748,LM,False,,"[64, 64]",130.35,159.04,,,,"Train,Train_no_overlap,Train_phase4",val_grp,True,False,False,True,True,False,LM_2023350,0.304214
Tensor_Longmen_A2023351.1730.npz,2023,351,2023351,1730,LM,False,,"[64, 64]",117.48,163.46,,,,"Train,Train_no_overlap,Train_phase4",val_grp,True,False,False,True,True,False,LM_2023351,0.3027
Tensor_Longmen_A2023352.1848.npz,2023,352,2023352,1848,LM,False,,"[64, 64]",103.47,145.02,,,,"Train,Train_no_overlap,Train_phase4",train_grp,True,False,False,True,True,False,LM_2023352,0.301122
Tensor_Longmen_A2023353.1830.npz,2023,353,2023353,1830,LM,False,,"[64, 64]",90.74,149.4,,,,"Train,Train_no_overlap,Train_phase4",train_grp,True,False,False,True,True,False,LM_2023353,0.269911
Tensor_Longmen_A2023355.1754.npz,2023,355,2023355,1754,LM,False,,"[64, 64]",65.51,158.19,,,,"Train,Train_no_overlap,Val_phase4",train_grp,True,False,False,True,False,True,LM_2023355,0.302867
Tensor_Longmen_A2023356.1736.npz,2023,356,2023356,1736,LM,False,,"[64, 64]",53.02,162.6,,,,"Train,Train_no_overlap,Train_phase4",train_grp,True,False,False,True,True,False,LM_2023356,0.297517
Tensor_Longmen_A2023358.1836.npz,2023,358,2023358,1836,LM,False,,"[64, 64]",27.86,148.53,,,,"Train,Train_no_overlap,Val_phase4",train_grp,True,False,False,True,False,True,LM_2023358,0.291581
Tensor_Longmen_A2023359.1818.npz,2023,359,2023359,1818,LM,False,,"[64, 64]",16.1,152.9,,,,"Train,Train_no_overlap,Val_phase4",train_grp,True,False,False,True,False,True,LM_2023359,0.303926
Tensor_Longmen_A2023360.1800.npz,2023,360,2023360,1800,LM,False,,"[64, 64]",5.92,157.29,,,,"Train,Train_no_overlap,Train_phase4",train_grp,True,False,False,True,True,False,LM_2023360,0.323204
Tensor_Longmen_A2023361.1742.npz,2023,361,2023361,1742,LM,False,,"[64, 64]",9.57,161.71,,,,"Train,Train_no_overlap,Train_phase4",train_grp,True,False,False,True,True,False,LM_2023361,0.327267
Tensor_Longmen_A2023363.1842.npz,2023,363,2023363,1842,LM,False,,"[64, 64]",31.85,147.62,,,,"Train,Train_no_overlap,Train_phase4",val_grp,True,False,False,True,True,False,LM_2023363,0.318398
Tensor_Longmen_A2023364.1824.npz,2023,364,2023364,1824,LM,False,,"[64, 64]",42.85,151.98,,,,"Train,Train_no_overlap,Train_phase4",train_grp,True,False,False,True,True,False,LM_2023364,0.329752
Tensor_Longmen_A2023365.1806.npz,2023,365,2023365,1806,LM,False,,"[64, 64]",53.73,156.37,,,,"Train,Train_no_overlap,Train_phase4",val_grp,True,False,False,True,True,False,LM_2023365,0.339993
Tensor_Longmen_A2024001.1748.npz,2024,1,2024001,1748,LM,False,,"[64, 64]",64.52,160.77,,,,"Train,Train_no_overlap,Train_phase4",train_grp,True,False,False,True,True,False,LM_2024001,0.322891
Tensor_Longmen_A2024002.1730.npz,2024,2,2024002,1730,LM,False,,"[64, 64]",75.27,165.17,,,,"Train,Train_no_overlap,Train_phase4",train_grp,True,False,False,True,True,False,LM_2024002,0.315546
Tensor_Longmen_A2024003.1848.npz,2024,3,2024003,1848,LM,False,,"[64, 64]",86.65,146.66,,,,"Train,Train_no_overlap,Train_phase4",train_grp,True,False,False,True,True,False,LM_2024003,0.276958
Tensor_Longmen_A2024004.1830.npz,2024,4,2024004,1830,LM,False,,"[64, 64]",97.61,151.02,,,,"Train,Train_no_overlap,Train_phase4",train_grp,True,False,False,True,True,False,LM_2024004,0.28116
Tensor_Longmen_A2024005.1812.npz,2024,5,2024005,1812,LM,False,,"[64, 64]",108.76,155.39,,,,"Train,Train_no_overlap,Train_phase4",train_grp,True,False,False,True,True,False,LM_2024005,0.291753
Tensor_Longmen_A2024006.1754.npz,2024,6,2024006,1754,LM,False,,"[64, 64]",120.14,159.77,,,,"Train,Train_no_overlap,Train_phase4",train_grp,True,False,False,True,True,False,LM_2024006,0.327964
Tensor_Longmen_A2024007.1736.npz,2024,7,2024007,1736,LM,False,,"[64, 64]",131.82,164.16,,,,"Train,Train_no_overlap,Train_phase4",train_grp,True,False,False,True,True,False,LM_2024007,0.303451
Tensor_Longmen_A2024010.1818.npz,2024,10,2024010,1818,LM,False,,"[64, 64]",169.35,154.34,,,,"Train,Train_no_overlap,Train_phase4",train_grp,True,False,False,True,True,False,LM_2024010,0.314434
Tensor_Longmen_A2024011.1800.npz,2024,11,2024011,1800,LM,False,,"[64, 64]",173.72,158.7,,,,"Train,Train_no_overlap,Train_phase4",train_grp,True,False,False,True,True,False,LM_2024011,0.333474
Tensor_Longmen_A2024012.1742.npz,2024,12,2024012,1742,LM,False,,"[64, 64]",162.25,163.07,,,,"Train,Train_no_overlap,Train_phase4",val_grp,True,False,False,True,True,False,LM_2024012,0.309486
Tensor_Longmen_A2024014.1842.npz,2024,14,2024014,1842,LM,False,,"[64, 64]",134.75,148.85,,,,"Train,Train_no_overlap,Train_phase4",train_grp,True,False,False,True,True,False,LM_2024014,0.280185
Tensor_Longmen_A2024015.1824.npz,2024,15,2024015,1824,LM,False,,"[64, 64]",121.68,153.18,,,,"Train,Train_no_overlap,Train_phase4",train_grp,True,False,False,True,True,False,LM_2024015,0.278748
Tensor_Longmen_A2024016.1806.npz,2024,16,2024016,1806,LM,False,,"[64, 64]",108.79,157.52,,,,"Train,Train_no_overlap,Train_phase4",train_grp,True,False,False,True,True,False,LM_2024016,0.293375
Tensor_Longmen_A2024017.1748.npz,2024,17,2024017,1748,LM,False,,"[64, 64]",96.1,161.85,,,,"Train,Train_no_overlap,Val_phase4",train_grp,True,False,False,True,False,True,LM_2024017,0.319793
Tensor_Longmen_A2024018.1730.npz,2024,18,2024018,1730,LM,False,,"[64, 64]",83.63,166.13,,,,"Train,Train_no_overlap,Train_phase4",train_grp,True,False,False,True,True,False,LM_2024018,0.286003
Tensor_Longmen_A2024019.1848.npz,2024,19,2024019,1848,LM,False,,"[64, 64]",70.48,147.6,,,,"Train,Train_no_overlap,Train_phase4",train_grp,True,False,False,True,True,False,LM_2024019,0.276542
Tensor_Longmen_A2024020.1830.npz,2024,20,2024020,1830,LM,False,,"[64, 64]",58.53,151.9,,,,"Train,Train_no_overlap,Train_phase4",train_grp,True,False,False,True,True,False,LM_2024020,0.302509
Tensor_Longmen_A2024021.1812.npz,2024,21,2024021,1812,LM,False,,"[64, 64]",46.76,156.2,,,,"Train,Train_no_overlap,Val_phase4",train_grp,True,False,False,True,False,True,LM_2024021,0.321647
Tensor_Longmen_A2024022.1754.npz,2024,22,2024022,1754,LM,False,,"[64, 64]",35.16,160.49,,,,"Train,Train_no_overlap,Train_phase4",train_grp,True,False,False,True,True,False,LM_2024022,0.311792
Tensor_Longmen_A2024023.1736.npz,2024,23,2024023,1736,LM,False,,"[64, 64]",23.78,164.71,,,,"Train,Train_no_overlap,Train_phase4",train_grp,True,False,False,True,True,False,LM_2024023,0.310918
Tensor_Longmen_A2024025.1836.npz,2024,25,2024025,1836,LM,False,,"[64, 64]",4.63,150.49,,,,"Train,Train_no_overlap,Val_phase4",train_grp,True,False,False,True,False,True,LM_2024025,0.276762
Tensor_Longmen_A2024026.1818.npz,2024,26,2024026,1818,LM,False,,"[64, 64]",11.89,154.74,,,,"Train,Train_no_overlap,Val_phase4",train_grp,True,False,False,True,False,True,LM_2024026,0.308149
Tensor_Longmen_A2024027.1800.npz,2024,27,2024027,1800,LM,False,,"[64, 64]",22.44,158.97,,,,"Train,Train_no_overlap,Val_phase4",train_grp,True,False,False,True,False,True,LM_2024027,0.327723
Tensor_Longmen_A2024028.1742.npz,2024,28,2024028,1742,LM,False,,"[64, 64]",33.19,163.12,,,,"Train,Train_no_overlap,Train_phase4",train_grp,True,False,False,True,True,False,LM_2024028,0.315028
Tensor_Longmen_A2024030.1842.npz,2024,30,2024030,1842,LM,False,,"[64, 64]",55.19,148.92,,,,"Train,Train_no_overlap,Train_phase4",train_grp,True,False,False,True,True,False,LM_2024030,0.284025
Tensor_Longmen_A2024031.1824.npz,2024,31,2024031,1824,LM,False,,"[64, 64]",66.04,153.13,,,,"Train,Train_no_overlap,Train_phase4",train_grp,True,False,False,True,True,False,LM_2024031,0.325102
Tensor_Longmen_A2024032.1806.npz,2024,32,2024032,1806,LM,False,,"[64, 64]",77.01,157.3,,,,"Train,Train_no_overlap,Train_phase4",train_grp,True,False,False,True,True,False,LM_2024032,0.319466
Tensor_Longmen_A2024033.1748.npz,2024,33,2024033,1748,LM,False,,"[64, 64]",88.14,161.36,,,,"Train,Train_no_overlap,Train_phase4",train_grp,True,False,False,True,True,False,LM_2024033,0.321737
Tensor_Longmen_A2024034.1730.npz,2024,34,2024034,1730,LM,False,,"[64, 64]",99.5,165.23,,,,"Train,Train_no_overlap,Train_phase4",val_grp,True,False,False,True,True,False,LM_2024034,0.315012
Tensor_Longmen_A2024035.1848.npz,2024,35,2024035,1848,LM,False,,"[64, 64]",111.98,147.21,,,,"Train,Train_no_overlap,Train_phase4",train_grp,True,False,False,True,True,False,LM_2024035,0.299761
Tensor_Longmen_A2024036.1830.npz,2024,36,2024036,1830,LM,False,,"[64, 64]",124.12,151.36,,,,"Train,Train_no_overlap,Train_phase4",train_grp,True,False,False,True,True,False,LM_2024036,0.289359
Tensor_Longmen_A2024037.1812.npz,2024,37,2024037,1812,LM,False,,"[64, 64]",136.62,155.45,,,,"Train,Train_no_overlap,Train_phase4",train_grp,True,False,False,True,True,False,LM_2024037,0.327056
Tensor_Longmen_A2024038.1754.npz,2024,38,2024038,1754,LM,False,,"[64, 64]",149.46,159.44,,,,"Train,Train_no_overlap,Train_phase4",val_grp,True,False,False,True,True,False,LM_2024038,0.32923
Tensor_Longmen_A2024039.1736.npz,2024,39,2024039,1736,LM,False,,"[64, 64]",162.5,163.21,,,,"Train,Train_no_overlap,Train_phase4",train_grp,True,False,False,True,True,False,LM_2024039,0.309996
Tensor_Longmen_A2024041.1836.npz,2024,41,2024041,1836,LM,False,,"[64, 64]",167.55,149.44,,,,"Train,Train_no_overlap,Train_phase4",val_grp,True,False,False,True,True,False,LM_2024041,0.278266
Tensor_Longmen_A2024042.1818.npz,2024,42,2024042,1818,LM,False,,"[64, 64]",154.32,153.46,,,,"Train,Train_no_overlap,Train_phase4",train_grp,True,False,False,True,True,False,LM_2024042,0.291127
Tensor_Longmen_A2024043.1800.npz,2024,43,2024043,1800,LM,False,,"[64, 64]",140.93,157.36,,,,"Train,Train_no_overlap,Train_phase4",train_grp,True,False,False,True,True,False,LM_2024043,0.323152
Tensor_Longmen_A2024044.1742.npz,2024,44,2024044,1742,LM,False,,"[64, 64]",127.72,161.04,,,,"Train,Train_no_overlap,Train_phase4",val_grp,True,False,False,True,True,False,LM_2024044,0.274186
Tensor_Longmen_A2024046.1842.npz,2024,46,2024046,1842,LM,False,,"[64, 64]",101.11,147.36,,,,"Train,Train_no_overlap,Train_phase4",train_grp,True,False,False,True,True,False,LM_2024046,0.301855
Tensor_Longmen_A2024047.1824.npz,2024,47,2024047,1824,LM,False,,"[64, 64]",88.93,151.32,,,,"Train,Train_no_overlap,Train_phase4",val_grp,True,False,False,True,True,False,LM_2024047,0.292029
Tensor_Longmen_A2024048.1806.npz,2024,48,2024048,1806,LM,False,,"[64, 64]",77.05,155.14,,,,"Train,Train_no_overlap,Train_phase4",train_grp,True,False,False,True,True,False,LM_2024048,0.32426
Tensor_Longmen_A2024049.1748.npz,2024,49,2024049,1748,LM,False,,"[64, 64]",65.42,158.73,,,,"Train,Train_no_overlap,Train_phase4",train_grp,True,False,False,True,True,False,LM_2024049,0.309502
Tensor_Longmen_A2024050.1730.npz,2024,50,2024050,1730,LM,False,,"[64, 64]",54.0,161.96,,,,"Train,Train_no_overlap,Train_phase4",val_grp,True,False,False,True,True,False,LM_2024050,0.316706
Tensor_Longmen_A2024051.1848.npz,2024,51,2024051,1848,LM,False,,"[64, 64]",42.08,145.16,,,,"Train,Train_no_overlap,Train_phase4",val_grp,True,False,False,True,True,False,LM_2024051,0.320438
Tensor_Longmen_A2024052.1830.npz,2024,52,2024052,1830,LM,False,,"[64, 64]",31.04,149.04,,,,"Train,Train_no_overlap,Train_phase4",train_grp,True,False,False,True,True,False,LM_2024052,0.312963
Tensor_Longmen_A2024053.1812.npz,2024,53,2024053,1812,LM,False,,"[64, 64]",20.11,152.79,,,,"Train,Train_no_overlap,Val_phase4",val_grp,True,False,False,True,False,True,LM_2024053,0.314871
Tensor_Longmen_A2024054.1754.npz,2024,54,2024054,1754,LM,False,,"[64, 64]",9.44,156.31,,,,"Train,Train_no_overlap,Train_phase4",val_grp,True,False,False,True,True,False,LM_2024054,0.301445
Tensor_Longmen_A2024055.1736.npz,2024,55,2024055,1736,LM,False,,"[64, 64]",3.68,159.48,,,,"Train,Train_no_overlap,Train_phase4",train_grp,True,False,False,True,True,False,LM_2024055,0.297339
Tensor_Longmen_A2024057.1836.npz,2024,57,2024057,1836,LM,False,,"[64, 64]",24.39,146.65,,,,"Train,Train_no_overlap,Train_phase4",train_grp,True,False,False,True,True,False,LM_2024057,0.270463
Tensor_Longmen_A2024058.1818.npz,2024,58,2024058,1818,LM,False,,"[64, 64]",35.24,150.33,,,,"Train,Train_no_overlap,Train_phase4",train_grp,True,False,False,True,True,False,LM_2024058,0.298772
Tensor_Longmen_A2024059.1800.npz,2024,59,2024059,1800,LM,False,,"[64, 64]",46.18,153.78,,,,"Train,Train_no_overlap,Train_phase4",val_grp,True,False,False,True,True,False,LM_2024059,0.323031
Tensor_Longmen_A2024060.1742.npz,2024,60,2024060,1742,LM,False,,"[64, 64]",57.22,156.92,,,,"Train,Train_no_overlap,Train_phase4",train_grp,True,False,False,True,True,False,LM_2024060,0.305661
Tensor_Longmen_A2024062.1842.npz,2024,62,2024062,1842,LM,False,,"[64, 64]",80.44,144.15,,,,"Train,Train_no_overlap,Train_phase4",val_grp,True,False,False,True,True,False,LM_2024062,0.25762
Tensor_Longmen_A2024063.1824.npz,2024,63,2024063,1824,LM,False,,"[64, 64]",92.19,147.77,,,,"Train,Train_no_overlap,Train_phase4",train_grp,True,False,False,True,True,False,LM_2024063,0.296834
Tensor_Longmen_A2024064.1806.npz,2024,64,2024064,1806,LM,False,,"[64, 64]",104.26,151.19,,,,"Train,Train_no_overlap,Train_phase4",val_grp,True,False,False,True,True,False,LM_2024064,0.317595
Tensor_Longmen_A2024065.1748.npz,2024,65,2024065,1748,LM,False,,"[64, 64]",116.7,154.28,,,,"Train,Train_no_overlap,Train_phase4",train_grp,True,False,False,True,True,False,LM_2024065,0.313765
Tensor_Longmen_A2024067.1848.npz,2024,67,2024067,1848,LM,False,,"[64, 64]",143.79,141.57,,,,"Train,Train_no_overlap,Train_phase4",train_grp,True,False,False,True,True,False,LM_2024067,0.310057
Tensor_Longmen_A2024068.1830.npz,2024,68,2024068,1830,LM,False,,"[64, 64]",157.34,145.14,,,,"Train,Train_no_overlap,Train_phase4",train_grp,True,False,False,True,True,False,LM_2024068,0.292526
Tensor_Longmen_A2024069.1812.npz,2024,69,2024069,1812,LM,False,,"[64, 64]",170.9,148.5,,,,"Train,Train_no_overlap,Train_phase4",train_grp,True,False,False,True,True,False,LM_2024069,0.318527
Tensor_Longmen_A2024070.1754.npz,2024,70,2024070,1754,LM,False,,"[64, 64]",174.17,151.56,,,,"Train,Train_no_overlap,Train_phase4",train_grp,True,False,False,True,True,False,LM_2024070,0.325902
Tensor_Longmen_A2024071.1736.npz,2024,71,2024071,1736,LM,False,,"[64, 64]",160.87,154.22,,,,"Train,Train_no_overlap,Train_phase4",val_grp,True,False,False,True,True,False,LM_2024071,0.29504
Tensor_Longmen_A2024073.1836.npz,2024,73,2024073,1836,LM,False,,"[64, 64]",132.95,142.43,,,,"Train,Train_no_overlap,Train_phase4",train_grp,True,False,False,True,True,False,LM_2024073,0.298886
Tensor_Longmen_A2024074.1818.npz,2024,74,2024074,1818,LM,False,,"[64, 64]",120.19,145.75,,,,"Train,Train_no_overlap,Train_phase4",train_grp,True,False,False,True,True,False,LM_2024074,0.31049
Tensor_Longmen_A2024075.1800.npz,2024,75,2024075,1800,LM,False,,"[64, 64]",107.84,148.8,,,,"Train,Train_no_overlap,Val_phase4",val_grp,True,False,False,True,False,True,LM_2024075,0.327208
Tensor_Longmen_A2024076.1742.npz,2024,76,2024076,1742,LM,False,,"[64, 64]",95.86,151.48,,,,"Train,Train_no_overlap,Train_phase4",val_grp,True,False,False,True,True,False,LM_2024076,0.301616
Tensor_Longmen_A2024078.1842.npz,2024,78,2024078,1842,LM,False,,"[64, 64]",71.99,139.68,,,,"Train,Train_no_overlap,Val_phase4",train_grp,True,False,False,True,False,True,LM_2024078,0.303481
Tensor_Longmen_A2024079.1824.npz,2024,79,2024079,1824,LM,False,,"[64, 64]",60.91,142.98,,,,"Train,Train_no_overlap,Val_phase4",train_grp,True,False,False,True,False,True,LM_2024079,0.282907
Tensor_Longmen_A2024080.1806.npz,2024,80,2024080,1806,LM,False,,"[64, 64]",49.96,146.02,,,,"Train,Train_no_overlap,Train_phase4",train_grp,True,False,False,True,True,False,LM_2024080,0.336852
Tensor_Longmen_A2024081.1748.npz,2024,81,2024081,1748,LM,False,,"[64, 64]",39.08,148.72,,,,"Train,Train_no_overlap,Val_phase4",val_grp,True,False,False,True,False,True,LM_2024081,0.308033
Tensor_Longmen_A2024082.1730.npz,2024,82,2024082,1730,LM,False,,"[64, 64]",28.23,150.98,,,,"Train,Train_no_overlap,Train_phase4",train_grp,True,False,False,True,True,False,LM_2024082,0.330027
Tensor_Longmen_A2024083.1848.npz,2024,83,2024083,1848,LM,False,,"[64, 64]",16.84,136.93,,,,"Train,Train_no_overlap,Train_phase4",train_grp,True,False,False,True,True,False,LM_2024083,0.321051
Tensor_Longmen_A2024084.1830.npz,2024,84,2024084,1830,LM,False,,"[64, 64]",6.0,140.21,,,,"Train,Train_no_overlap,Train_phase4",train_grp,True,False,False,True,True,False,LM_2024084,0.328182
Tensor_Longmen_A2024085.1812.npz,2024,85,2024085,1812,LM,False,,"[64, 64]",4.96,143.24,,,,"Train,Train_no_overlap,Train_phase4",val_grp,True,False,False,True,True,False,LM_2024085,0.309773
Tensor_Longmen_A2024086.1754.npz,2024,86,2024086,1754,LM,False,,"[64, 64]",15.97,145.97,,,,"Train,Train_no_overlap,Train_phase4",train_grp,True,False,False,True,True,False,LM_2024086,0.331701
Tensor_Longmen_A2024087.1736.npz,2024,87,2024087,1736,LM,False,,"[64, 64]",27.08,148.29,,,,"Train,Train_no_overlap,Train_phase4",train_grp,True,False,False,True,True,False,LM_2024087,0.314753
Tensor_Longmen_A2024089.1836.npz,2024,89,2024089,1836,LM,False,,"[64, 64]",50.2,137.45,,,,"Train,Train_no_overlap,Train_phase4",train_grp,True,False,False,True,True,False,LM_2024089,0.312984
Tensor_Longmen_A2024090.1818.npz,2024,90,2024090,1818,LM,False,,"[64, 64]",61.81,140.48,,,,"Train,Train_no_overlap,Train_phase4",val_grp,True,False,False,True,True,False,LM_2024090,0.325382
Tensor_Longmen_A2024091.1800.npz,2024,91,2024091,1800,LM,False,,"[64, 64]",73.64,143.23,,,,"Train,Train_no_overlap,Train_phase4",val_grp,True,False,False,True,True,False,LM_2024091,0.331357
Tensor_Longmen_A2024092.1742.npz,2024,92,2024092,1742,LM,False,,"[64, 64]",85.73,145.61,,,,"Train,Train_no_overlap,Train_phase4",train_grp,True,False,False,True,True,False,LM_2024092,0.305498
Tensor_Longmen_A2024093.1724.npz,2024,93,2024093,1724,LM,False,,"[64, 64]",98.1,147.53,,,,"Train,Train_no_overlap,Train_phase4",train_grp,True,False,False,True,True,False,LM_2024093,0.323226
Tensor_Longmen_A2024094.1842.npz,2024,94,2024094,1842,LM,False,,"[64, 64]",111.68,134.72,,,,"Train,Train_no_overlap,Train_phase4",val_grp,True,False,False,True,True,False,LM_2024094,0.326156
Tensor_Longmen_A2024095.1824.npz,2024,95,2024095,1824,LM,False,,"[64, 64]",124.81,137.76,,,,"Train,Train_no_overlap,Train_phase4",train_grp,True,False,False,True,True,False,LM_2024095,0.318663
Tensor_Longmen_A2024097.1748.npz,2024,97,2024097,1748,LM,False,,"[64, 64]",151.85,142.95,,,,"Train,Train_no_overlap,Val_phase4",train_grp,True,False,False,True,False,True,LM_2024097,0.330335
Tensor_Longmen_A2024098.1730.npz,2024,98,2024098,1730,LM,False,,"[64, 64]",165.58,144.98,,,,"Train,Train_no_overlap,Train_phase4",train_grp,True,False,False,True,True,False,LM_2024098,0.309123
Tensor_Longmen_A2024099.1848.npz,2024,99,2024099,1848,LM,False,,"[64, 64]",179.3,132.04,,,,"Train,Train_no_overlap,Train_phase4",val_grp,True,False,False,True,True,False,LM_2024099,0.305436
Tensor_Longmen_A2024100.1830.npz,2024,100,2024100,1830,LM,False,,"[64, 64]",165.8,135.08,,,,"Train,Train_no_overlap,Val_phase4",train_grp,True,False,False,True,False,True,LM_2024100,0.296971
Tensor_Longmen_A2024101.1812.npz,2024,101,2024101,1812,LM,False,,"[64, 64]",152.51,137.87,,,,"Train,Train_no_overlap,Train_phase4",train_grp,True,False,False,True,True,False,LM_2024101,0.315028
Tensor_Longmen_A2024102.1754.npz,2024,102,2024102,1754,LM,False,,"[64, 64]",139.6,140.35,,,,"Train,Train_no_overlap,Val_phase4",train_grp,True,False,False,True,False,True,LM_2024102,0.308647
Tensor_Longmen_A2024103.1736.npz,2024,103,2024103,1736,LM,False,,"[64, 64]",127.09,142.46,,,,"Train,Train_no_overlap,Val_phase4",train_grp,True,False,False,True,False,True,LM_2024103,0.284284
Tensor_Longmen_A2024105.1836.npz,2024,105,2024105,1836,LM,False,,"[64, 64]",102.23,132.48,,,,"Train,Train_no_overlap,Train_phase4",train_grp,True,False,False,True,True,False,LM_2024105,0.31626
Tensor_Longmen_A2024106.1818.npz,2024,106,2024106,1818,LM,False,,"[64, 64]",90.91,135.29,,,,"Train,Train_no_overlap,Val_phase4",train_grp,True,False,False,True,False,True,LM_2024106,0.310771
Tensor_Longmen_A2024108.1742.npz,2024,108,2024108,1742,LM,False,,"[64, 64]",68.92,140.01,,,,"Train,Train_no_overlap,Train_phase4",train_grp,True,False,False,True,True,False,LM_2024108,0.326311
Tensor_Longmen_A2024109.1724.npz,2024,109,2024109,1724,LM,False,,"[64, 64]",58.1,141.76,,,,"Train,Train_no_overlap,Train_phase4",train_grp,True,False,False,True,True,False,LM_2024109,0.347499
Tensor_Longmen_A2024110.1842.npz,2024,110,2024110,1842,LM,False,,"[64, 64]",46.66,129.96,,,,"Train,Train_no_overlap,Val_phase4",train_grp,True,False,False,True,False,True,LM_2024110,0.338959
Tensor_Longmen_A2024111.1824.npz,2024,111,2024111,1824,LM,False,,"[64, 64]",35.9,132.8,,,,"Train,Train_no_overlap,Train_phase4",train_grp,True,False,False,True,True,False,LM_2024111,0.329401
Tensor_Longmen_A2024112.1806.npz,2024,112,2024112,1806,LM,False,,"[64, 64]",25.07,135.38,,,,"Train,Train_no_overlap,Val_phase4",train_grp,True,False,False,True,False,True,LM_2024112,0.3449
Tensor_Longmen_A2024113.1748.npz,2024,113,2024113,1748,LM,False,,"[64, 64]",14.16,137.63,,,,"Train,Train_no_overlap,Train_phase4",train_grp,True,False,False,True,True,False,LM_2024113,0.343355
Tensor_Longmen_A2024114.1730.npz,2024,114,2024114,1730,LM,False,,"[64, 64]",3.63,139.49,,,,"Train,Train_no_overlap,Train_phase4",train_grp,True,False,False,True,True,False,LM_2024114,0.329773
Tensor_Longmen_A2024116.1830.npz,2024,116,2024116,1830,LM,False,,"[64, 64]",20.58,130.41,,,,"Train,Train_no_overlap,Train_phase4",train_grp,True,False,False,True,True,False,LM_2024116,0.304982
Tensor_Longmen_A2024117.1812.npz,2024,117,2024117,1812,LM,False,,"[64, 64]",32.21,133.02,,,,"Train,Train_no_overlap,Train_phase4",val_grp,True,False,False,True,True,False,LM_2024117,0.315236
Tensor_Longmen_A2024118.1754.npz,2024,118,2024118,1754,LM,False,,"[64, 64]",44.05,135.34,,,,"Train,Train_no_overlap,Train_phase4",val_grp,True,False,False,True,True,False,LM_2024118,0.331023
Tensor_Longmen_A2024119.1736.npz,2024,119,2024119,1736,LM,False,,"[64, 64]",56.09,137.29,,,,"Train,Train_no_overlap,Train_phase4",train_grp,True,False,False,True,True,False,LM_2024119,0.30851
Tensor_Longmen_A2024121.1836.npz,2024,121,2024121,1836,LM,False,,"[64, 64]",81.47,128.13,,,,"Train,Train_no_overlap,Train_phase4",train_grp,True,False,False,True,True,False,LM_2024121,0.335823
Tensor_Longmen_A2024122.1818.npz,2024,122,2024122,1818,LM,False,,"[64, 64]",94.24,130.78,,,,"Train,Train_no_overlap,Train_phase4",train_grp,True,False,False,True,True,False,LM_2024122,0.32137
Tensor_Longmen_A2024123.1800.npz,2024,123,2024123,1800,LM,False,,"[64, 64]",107.22,133.16,,,,"Train,Train_no_overlap,Train_phase4",train_grp,True,False,False,True,True,False,LM_2024123,0.321669
Tensor_Longmen_A2024124.1742.npz,2024,124,2024124,1742,LM,False,,"[64, 64]",120.4,135.21,,,,"Train,Train_no_overlap,Val_phase4",train_grp,True,False,False,True,False,True,LM_2024124,0.308189
Tensor_Longmen_A2024125.1724.npz,2024,125,2024125,1724,LM,False,,"[64, 64]",133.72,136.86,,,,"Train,Train_no_overlap,Val_phase4",train_grp,True,False,False,True,False,True,LM_2024125,0.343329
Tensor_Longmen_A2024126.1842.npz,2024,126,2024126,1842,LM,False,,"[64, 64]",148.29,125.96,,,,"Train,Train_no_overlap,Train_phase4",train_grp,True,False,False,True,True,False,LM_2024126,0.329212
Tensor_Longmen_A2024127.1824.npz,2024,127,2024127,1824,LM,False,,"[64, 64]",161.74,128.67,,,,"Train,Train_no_overlap,Train_phase4",train_grp,True,False,False,True,True,False,LM_2024127,0.332474
Tensor_Longmen_A2024128.1806.npz,2024,128,2024128,1806,LM,False,,"[64, 64]",174.8,131.11,,,,"Train,Train_no_overlap,Train_phase4",train_grp,True,False,False,True,True,False,LM_2024128,0.336674
Tensor_Longmen_A2024129.1748.npz,2024,129,2024129,1748,LM,False,,"[64, 64]",171.37,133.23,,,,"Train,Train_no_overlap,Train_phase4",train_grp,True,False,False,True,True,False,LM_2024129,0.321401
Tensor_Longmen_A2024130.1730.npz,2024,130,2024130,1730,LM,False,,"[64, 64]",158.68,134.99,,,,"Train,Train_no_overlap,Train_phase4",train_grp,True,False,False,True,True,False,LM_2024130,0.329537
Tensor_Longmen_A2024131.1848.npz,2024,131,2024131,1848,LM,False,,"[64, 64]",145.0,123.93,,,,"Train,Train_no_overlap,Train_phase4",train_grp,True,False,False,True,True,False,LM_2024131,0.336574
Tensor_Longmen_A2024132.1830.npz,2024,132,2024132,1830,LM,False,,"[64, 64]",132.96,126.68,,,,"Train,Train_no_overlap,Train_phase4",train_grp,True,False,False,True,True,False,LM_2024132,0.322931
Tensor_Longmen_A2024133.1812.npz,2024,133,2024133,1812,LM,False,,"[64, 64]",121.29,129.18,,,,"Train,Train_no_overlap,Train_phase4",train_grp,True,False,False,True,True,False,LM_2024133,0.346454
Tensor_Longmen_A2024134.1754.npz,2024,134,2024134,1754,LM,False,,"[64, 64]",109.94,131.38,,,,"Train,Train_no_overlap,Train_phase4",val_grp,True,False,False,True,True,False,LM_2024134,0.314459
Tensor_Longmen_A2024135.1736.npz,2024,135,2024135,1736,LM,False,,"[64, 64]",98.86,133.24,,,,"Train,Train_no_overlap,Train_phase4",train_grp,True,False,False,True,True,False,LM_2024135,0.313147
Tensor_Longmen_A2024137.1836.npz,2024,137,2024137,1836,LM,False,,"[64, 64]",76.36,124.84,,,,"Train,Train_no_overlap,Train_phase4",train_grp,True,False,False,True,True,False,LM_2024137,0.303019
Tensor_Longmen_A2024138.1818.npz,2024,138,2024138,1818,LM,False,,"[64, 64]",65.69,127.39,,,,"Train,Train_no_overlap,Train_phase4",train_grp,True,False,False,True,True,False,LM_2024138,0.320264
Tensor_Longmen_A2024139.1800.npz,2024,139,2024139,1800,LM,False,,"[64, 64]",54.97,129.67,,,,"Train,Train_no_overlap,Train_phase4",train_grp,True,False,False,True,True,False,LM_2024139,0.336731
Tensor_Longmen_A2024140.1742.npz,2024,140,2024140,1742,LM,False,,"[64, 64]",44.15,131.63,,,,"Train,Train_no_overlap,Train_phase4",train_grp,True,False,False,True,True,False,LM_2024140,0.325642
Tensor_Longmen_A2024142.1842.npz,2024,142,2024142,1842,LM,False,,"[64, 64]",21.54,123.13,,,,"Train,Train_no_overlap,Train_phase4",val_grp,True,False,False,True,True,False,LM_2024142,0.324938
Tensor_Longmen_A2024143.1824.npz,2024,143,2024143,1824,LM,False,,"[64, 64]",10.61,125.76,,,,"Train,Train_no_overlap,Val_phase4",train_grp,True,False,False,True,False,True,LM_2024143,0.322945
Tensor_Longmen_A2024144.1806.npz,2024,144,2024144,1806,LM,False,,"[64, 64]",5.03,128.11,,,,"Train,Train_no_overlap,Train_phase4",val_grp,True,False,False,True,True,False,LM_2024144,0.340037
Tensor_Longmen_A2024145.1748.npz,2024,145,2024145,1748,LM,False,,"[64, 64]",14.85,130.15,,,,"Train,Train_no_overlap,Train_phase4",train_grp,True,False,False,True,True,False,LM_2024145,0.329399
Tensor_Longmen_A2024146.1730.npz,2024,146,2024146,1730,LM,False,,"[64, 64]",26.74,131.85,,,,"Train,Train_no_overlap,Train_phase4",val_grp,True,False,False,True,True,False,LM_2024146,0.342446
Tensor_Longmen_A2024147.1848.npz,2024,147,2024147,1848,LM,False,,"[64, 64]",39.54,121.59,,,,"Train,Train_no_overlap,Val_phase4",train_grp,True,False,False,True,False,True,LM_2024147,0.336627
Tensor_Longmen_A2024148.1830.npz,2024,148,2024148,1830,LM,False,,"[64, 64]",52.11,124.26,,,,"Train,Train_no_overlap,Val_phase4",train_grp,True,False,False,True,False,True,LM_2024148,0.3219
Tensor_Longmen_A2024149.1812.npz,2024,149,2024149,1812,LM,False,,"[64, 64]",64.87,126.69,,,,"Train,Train_no_overlap,Train_phase4",train_grp,True,False,False,True,True,False,LM_2024149,0.322494
Tensor_Longmen_A2024150.1754.npz,2024,150,2024150,1754,LM,False,,"[64, 64]",77.75,128.82,,,,"Train,Train_no_overlap,Train_phase4",train_grp,True,False,False,True,True,False,LM_2024150,0.336659
Tensor_Longmen_A2024156.1742.npz,2024,156,2024156,1742,LM,False,,"[64, 64]",156.95,129.55,,,,"Train,Train_no_overlap,Train_phase4",train_grp,True,False,False,True,True,False,LM_2024156,0.332143
Tensor_Longmen_A2024158.1842.npz,2024,158,2024158,1842,LM,False,,"[64, 64]",174.6,121.72,,,,"Train,Train_no_overlap,Val_phase4",train_grp,True,False,False,True,False,True,LM_2024158,0.282853
Tensor_Longmen_A2024159.1824.npz,2024,159,2024159,1824,LM,False,,"[64, 64]",163.43,124.3,,,,"Train,Train_no_overlap,Train_phase4",train_grp,True,False,False,True,True,False,LM_2024159,0.312434
Tensor_Longmen_A2024160.1806.npz,2024,160,2024160,1806,LM,False,,"[64, 64]",151.68,126.61,,,,"Train,Train_no_overlap,Train_phase4",train_grp,True,False,False,True,True,False,LM_2024160,0.347016
Tensor_Longmen_A2024161.1748.npz,2024,161,2024161,1748,LM,False,,"[64, 64]",140.15,128.62,,,,"Train,Train_no_overlap,Train_phase4",train_grp,True,False,False,True,True,False,LM_2024161,0.337043
Tensor_Longmen_A2024163.1706.npz,2024,163,2024163,1706,LM,False,,"[64, 64]",117.84,131.54,,,,"Train,Train_no_overlap,Train_phase4",train_grp,True,False,False,True,True,False,LM_2024163,0.348155
Tensor_Longmen_A2024163.1848.npz,2024,163,2024163,1848,LM,False,,"[64, 64]",116.79,120.67,,,,"Train,Train_no_overlap,Val_phase4",train_grp,True,False,False,True,False,True,LM_2024163,0.339286
Tensor_Longmen_A2024164.1830.npz,2024,164,2024164,1830,LM,False,,"[64, 64]",106.02,123.32,,,,"Train,Train_no_overlap,Train_phase4",train_grp,True,False,False,True,True,False,LM_2024164,0.326446
Tensor_Longmen_A2024165.1812.npz,2024,165,2024165,1812,LM,False,,"[64, 64]",95.35,125.72,,,,"Train,Train_no_overlap,Train_phase4",val_grp,True,False,False,True,True,False,LM_2024165,0.319409
Tensor_Longmen_A2024166.1754.npz,2024,166,2024166,1754,LM,False,,"[64, 64]",84.72,127.83,,,,"Train,Train_no_overlap,Train_phase4",train_grp,True,False,False,True,True,False,LM_2024166,0.344335
Tensor_Longmen_A2024169.1836.npz,2024,169,2024169,1836,LM,False,,"[64, 64]",51.55,122.48,,,,"Train,Train_no_overlap,Train_phase4",train_grp,True,False,False,True,True,False,LM_2024169,0.304483
Tensor_Longmen_A2024170.1818.npz,2024,170,2024170,1818,LM,False,,"[64, 64]",40.38,124.97,,,,"Train,Train_no_overlap,Train_phase4",train_grp,True,False,False,True,True,False,LM_2024170,0.325081
Tensor_Longmen_A2024171.1800.npz,2024,171,2024171,1800,LM,False,,"[64, 64]",28.95,127.18,,,,"Train,Train_no_overlap,Train_phase4",train_grp,True,False,False,True,True,False,LM_2024171,0.349977
Tensor_Longmen_A2024174.1842.npz,2024,174,2024174,1842,LM,False,,"[64, 64]",10.54,121.74,,,,"Train,Train_no_overlap,Train_phase4",val_grp,True,False,False,True,True,False,LM_2024174,0.337426
Tensor_Longmen_A2024175.1824.npz,2024,175,2024175,1824,LM,False,,"[64, 64]",22.49,124.32,,,,"Train,Train_no_overlap,Train_phase4",train_grp,True,False,False,True,True,False,LM_2024175,0.34287
Tensor_Longmen_A2024176.1806.npz,2024,176,2024176,1806,LM,False,,"[64, 64]",35.29,126.65,,,,"Train,Train_no_overlap,Train_phase4",train_grp,True,False,False,True,True,False,LM_2024176,0.350167
Tensor_Longmen_A2024177.1748.npz,2024,177,2024177,1748,LM,False,,"[64, 64]",48.36,128.66,,,,"Train,Train_no_overlap,Train_phase4",train_grp,True,False,False,True,True,False,LM_2024177,0.328854
Tensor_Longmen_A2024179.1706.npz,2024,179,2024179,1706,LM,False,,"[64, 64]",74.68,131.65,,,,"Train,Train_no_overlap,Train_phase4",val_grp,True,False,False,True,True,False,LM_2024179,0.341809
Tensor_Longmen_A2024179.1848.npz,2024,179,2024179,1848,LM,False,,"[64, 64]",75.37,121.09,,,,"Train,Train_no_overlap,Train_phase4",val_grp,True,False,False,True,True,False,LM_2024179,0.337459
Tensor_Longmen_A2024180.1830.npz,2024,180,2024180,1830,LM,False,,"[64, 64]",88.57,123.77,,,,"Train,Train_no_overlap,Train_phase4",train_grp,True,False,False,True,True,False,LM_2024180,0.317319
Tensor_Longmen_A2024181.1812.npz,2024,181,2024181,1812,LM,False,,"[64, 64]",101.67,126.21,,,,"Train,Train_no_overlap,Train_phase4",train_grp,True,False,False,True,True,False,LM_2024181,0.350043
Tensor_Longmen_A2024182.1754.npz,2024,182,2024182,1754,LM,False,,"[64, 64]",114.62,128.35,,,,"Train,Train_no_overlap,Train_phase4",train_grp,True,False,False,True,True,False,LM_2024182,0.335643
Tensor_Longmen_A2024185.1836.npz,2024,185,2024185,1836,LM,False,,"[64, 64]",153.37,123.33,,,,"Train,Train_no_overlap,Train_phase4",train_grp,True,False,False,True,True,False,LM_2024185,0.311748
Tensor_Longmen_A2024186.1818.npz,2024,186,2024186,1818,LM,False,,"[64, 64]",165.3,125.88,,,,"Train,Train_no_overlap,Train_phase4",train_grp,True,False,False,True,True,False,LM_2024186,0.283721
Tensor_Longmen_A2024187.1800.npz,2024,187,2024187,1800,LM,False,,"[64, 64]",175.18,128.16,,,,"Train,Train_no_overlap,Train_phase4",train_grp,True,False,False,True,True,False,LM_2024187,0.28784
Tensor_Longmen_A2024188.1742.npz,2024,188,2024188,1742,LM,False,,"[64, 64]",169.46,130.12,,,,"Train,Train_no_overlap,Val_phase4",train_grp,True,False,False,True,False,True,LM_2024188,0.301584
Tensor_Longmen_A2024190.1842.npz,2024,190,2024190,1842,LM,False,,"[64, 64]",146.38,122.96,,,,"Train,Train_no_overlap,Val_phase4",train_grp,True,False,False,True,False,True,LM_2024190,0.316944
Tensor_Longmen_A2024191.1824.npz,2024,191,2024191,1824,LM,False,,"[64, 64]",135.53,125.64,,,,"Train,Train_no_overlap,Train_phase4",train_grp,True,False,False,True,True,False,LM_2024191,0.335833
Tensor_Longmen_A2024198.1754.npz,2024,198,2024198,1754,LM,False,,"[64, 64]",59.32,130.27,,,,"Train,Train_no_overlap,Train_phase4",train_grp,True,False,False,True,True,False,LM_2024198,0.338735
Tensor_Longmen_A2024199.1736.npz,2024,199,2024199,1736,LM,False,,"[64, 64]",47.77,132.22,,,,"Train,Train_no_overlap,Train_phase4",train_grp,True,False,False,True,True,False,LM_2024199,0.303198
Tensor_Longmen_A2024201.1836.npz,2024,201,2024201,1836,LM,False,,"[64, 64]",22.98,125.34,,,,"Train,Train_no_overlap,Train_phase4",train_grp,True,False,False,True,True,False,LM_2024201,0.343441
Tensor_Longmen_A2024202.1818.npz,2024,202,2024202,1818,LM,False,,"[64, 64]",10.91,128.02,,,,"Train,Train_no_overlap,Train_phase4",train_grp,True,False,False,True,True,False,LM_2024202,0.313712
Tensor_Longmen_A2024203.1800.npz,2024,203,2024203,1800,LM,False,,"[64, 64]",6.48,130.44,,,,"Train,Train_no_overlap,Train_phase4",train_grp,True,False,False,True,True,False,LM_2024203,0.316193
Tensor_Longmen_A2024204.1742.npz,2024,204,2024204,1742,LM,False,,"[64, 64]",17.99,132.56,,,,"Train,Train_no_overlap,Train_phase4",train_grp,True,False,False,True,True,False,LM_2024204,0.289344
Tensor_Longmen_A2024211.1848.npz,2024,211,2024211,1848,LM,False,,"[64, 64]",111.99,125.14,,,,"Train,Train_no_overlap,Train_phase4",train_grp,True,False,False,True,True,False,LM_2024211,0.348755
Tensor_Longmen_A2024212.1830.npz,2024,212,2024212,1830,LM,False,,"[64, 64]",124.41,128.11,,,,"Train,Train_no_overlap,Train_phase4",train_grp,True,False,False,True,True,False,LM_2024212,0.322231
Tensor_Longmen_A2024213.1812.npz,2024,213,2024213,1812,LM,False,,"[64, 64]",136.54,130.86,,,,"Train,Train_no_overlap,Train_phase4",train_grp,True,False,False,True,True,False,LM_2024213,0.34499
Tensor_Longmen_A2024214.1754.npz,2024,214,2024214,1754,LM,False,,"[64, 64]",148.37,133.32,,,,"Train,Train_no_overlap,Val_phase4",train_grp,True,False,False,True,False,True,LM_2024214,0.287288
Tensor_Longmen_A2024215.1736.npz,2024,215,2024215,1736,LM,False,,"[64, 64]",159.88,135.46,,,,"Train,Train_no_overlap,Train_phase4",train_grp,True,False,False,True,True,False,LM_2024215,0.304021
Tensor_Longmen_A2024217.1836.npz,2024,217,2024217,1836,LM,False,,"[64, 64]",174.56,128.16,,,,"Train,Train_no_overlap,Train_phase4",train_grp,True,False,False,True,True,False,LM_2024217,0.326265
Tensor_Longmen_A2024218.1818.npz,2024,218,2024218,1818,LM,False,,"[64, 64]",164.64,131.06,,,,"Train,Train_no_overlap,Train_phase4",train_grp,True,False,False,True,True,False,LM_2024218,0.314154
Tensor_Longmen_A2024219.1800.npz,2024,219,2024219,1800,LM,False,,"[64, 64]",154.02,133.71,,,,"Train,Train_no_overlap,Train_phase4",train_grp,True,False,False,True,True,False,LM_2024219,0.291502
Tensor_Longmen_A2024220.1742.npz,2024,220,2024220,1742,LM,False,,"[64, 64]",143.44,136.05,,,,"Train,Train_no_overlap,Train_phase4",train_grp,True,False,False,True,True,False,LM_2024220,0.287467
Tensor_Longmen_A2024222.1842.npz,2024,222,2024222,1842,LM,False,,"[64, 64]",121.36,128.16,,,,"Train,Train_no_overlap,Train_phase4",train_grp,True,False,False,True,True,False,LM_2024222,0.334016
Tensor_Longmen_A2024223.1824.npz,2024,223,2024223,1824,LM,False,,"[64, 64]",110.83,131.23,,,,"Train,Train_no_overlap,Val_phase4",train_grp,True,False,False,True,False,True,LM_2024223,0.33481
Tensor_Longmen_A2024224.1806.npz,2024,224,2024224,1806,LM,False,,"[64, 64]",100.19,134.06,,,,"Train,Train_no_overlap,Train_phase4",train_grp,True,False,False,True,True,False,LM_2024224,0.323935
Tensor_Longmen_A2024225.1748.npz,2024,225,2024225,1748,LM,False,,"[64, 64]",89.34,136.6,,,,"Train,Train_no_overlap,Train_phase4",val_grp,True,False,False,True,True,False,LM_2024225,0.323588
Tensor_Longmen_A2024226.1730.npz,2024,226,2024226,1730,LM,False,,"[64, 64]",78.2,138.8,,,,"Train,Train_no_overlap,Train_phase4",train_grp,True,False,False,True,True,False,LM_2024226,0.330261
Tensor_Longmen_A2024227.1848.npz,2024,227,2024227,1848,LM,False,,"[64, 64]",65.85,128.12,,,,"Train,Train_no_overlap,Train_phase4",val_grp,True,False,False,True,True,False,LM_2024227,0.333784
Tensor_Longmen_A2024228.1830.npz,2024,228,2024228,1830,LM,False,,"[64, 64]",53.97,131.34,,,,"Train,Train_no_overlap,Val_phase4",train_grp,True,False,False,True,False,True,LM_2024228,0.327998
Tensor_Longmen_A2024229.1812.npz,2024,229,2024229,1812,LM,False,,"[64, 64]",41.6,134.35,,,,"Train,Train_no_overlap,Train_phase4",train_grp,True,False,False,True,True,False,LM_2024229,0.335138
Tensor_Longmen_A2024230.1754.npz,2024,230,2024230,1754,LM,False,,"[64, 64]",28.76,137.1,,,,"Train,Train_no_overlap,Train_phase4",val_grp,True,False,False,True,True,False,LM_2024230,0.331218
Tensor_Longmen_A2024231.1736.npz,2024,231,2024231,1736,LM,False,,"[64, 64]",15.59,139.53,,,,"Train,Train_no_overlap,Train_phase4",train_grp,True,False,False,True,True,False,LM_2024231,0.334209
Tensor_Longmen_A2024233.1836.npz,2024,233,2024233,1836,LM,False,,"[64, 64]",13.81,131.39,,,,"Train,Train_no_overlap,Train_phase4",train_grp,True,False,False,True,True,False,LM_2024233,0.306558
Tensor_Longmen_A2024234.1818.npz,2024,234,2024234,1818,LM,False,,"[64, 64]",27.67,134.57,,,,"Train,Train_no_overlap,Train_phase4",train_grp,True,False,False,True,True,False,LM_2024234,0.311922
Tensor_Longmen_A2024235.1800.npz,2024,235,2024235,1800,LM,False,,"[64, 64]",41.63,137.53,,,,"Train,Train_no_overlap,Val_phase4",train_grp,True,False,False,True,False,True,LM_2024235,0.344056
Tensor_Longmen_A2024236.1742.npz,2024,236,2024236,1742,LM,False,,"[64, 64]",55.39,140.18,,,,"Train,Train_no_overlap,Train_phase4",train_grp,True,False,False,True,True,False,LM_2024236,0.300567
Tensor_Longmen_A2024238.1842.npz,2024,238,2024238,1842,LM,False,,"[64, 64]",82.62,131.34,,,,"Train,Train_no_overlap,Val_phase4",train_grp,True,False,False,True,False,True,LM_2024238,0.334132
Tensor_Longmen_A2024239.1824.npz,2024,239,2024239,1824,LM,False,,"[64, 64]",95.34,134.7,,,,"Train,Train_no_overlap,Train_phase4",train_grp,True,False,False,True,True,False,LM_2024239,0.276363
Tensor_Longmen_A2024240.1806.npz,2024,240,2024240,1806,LM,False,,"[64, 64]",107.66,137.85,,,,"Train,Train_no_overlap,Train_phase4",train_grp,True,False,False,True,True,False,LM_2024240,0.329751
Tensor_Longmen_A2024241.1748.npz,2024,241,2024241,1748,LM,False,,"[64, 64]",119.63,140.74,,,,"Train,Train_no_overlap,Train_phase4",val_grp,True,False,False,True,True,False,LM_2024241,0.322451
Tensor_Longmen_A2024242.1730.npz,2024,242,2024242,1730,LM,False,,"[64, 64]",131.27,143.28,,,,"Train,Train_no_overlap,Train_phase4",val_grp,True,False,False,True,True,False,LM_2024242,0.322289
Tensor_Longmen_A2024243.1848.npz,2024,243,2024243,1848,LM,False,,"[64, 64]",143.57,131.19,,,,"Train,Train_no_overlap,Train_phase4",val_grp,True,False,False,True,True,False,LM_2024243,0.319905
Tensor_Longmen_A2024244.1830.npz,2024,244,2024244,1830,LM,False,,"[64, 64]",154.75,134.72,,,,"Train,Train_no_overlap,Train_phase4",val_grp,True,False,False,True,True,False,LM_2024244,0.298992
Tensor_Longmen_A2024245.1812.npz,2024,245,2024245,1812,LM,False,,"[64, 64]",165.69,138.06,,,,"Train,Train_no_overlap,Train_phase4",train_grp,True,False,False,True,True,False,LM_2024245,0.280677
Tensor_Longmen_A2024246.1754.npz,2024,246,2024246,1754,LM,False,,"[64, 64]",176.11,141.16,,,,"Train,Train_no_overlap,Train_phase4",train_grp,True,False,False,True,True,False,LM_2024246,0.348027
Tensor_Longmen_A2024247.1736.npz,2024,247,2024247,1736,LM,False,,"[64, 64]",172.39,143.97,,,,"Train,Train_no_overlap,Train_phase4",val_grp,True,False,False,True,True,False,LM_2024247,0.318046
Tensor_Longmen_A2024249.1836.npz,2024,249,2024249,1836,LM,False,,"[64, 64]",150.39,134.63,,,,"Train,Train_no_overlap,Train_phase4",train_grp,True,False,False,True,True,False,LM_2024249,0.319935
Tensor_Longmen_A2024250.1818.npz,2024,250,2024250,1818,LM,False,,"[64, 64]",139.9,138.13,,,,"Train,Train_no_overlap,Train_phase4",val_grp,True,False,False,True,True,False,LM_2024250,0.323224
Tensor_Longmen_A2024251.1800.npz,2024,251,2024251,1800,LM,False,,"[64, 64]",129.37,141.45,,,,"Train,Train_no_overlap,Train_phase4",train_grp,True,False,False,True,True,False,LM_2024251,0.346121
Tensor_Longmen_A2024252.1742.npz,2024,252,2024252,1742,LM,False,,"[64, 64]",118.74,144.51,,,,"Train,Train_no_overlap,Train_phase4",train_grp,True,False,False,True,True,False,LM_2024252,0.328049
Tensor_Longmen_A2024254.1842.npz,2024,254,2024254,1842,LM,False,,"[64, 64]",95.9,134.41,,,,"Train,Train_no_overlap,Train_phase4",train_grp,True,False,False,True,True,False,LM_2024254,0.306262
Tensor_Longmen_A2024255.1824.npz,2024,255,2024255,1824,LM,False,,"[64, 64]",84.55,138.09,,,,"Train,Train_no_overlap,Train_phase4",train_grp,True,False,False,True,True,False,LM_2024255,0.289953
Tensor_Longmen_A2024256.1806.npz,2024,256,2024256,1806,LM,False,,"[64, 64]",72.78,141.6,,,,"Train,Train_no_overlap,Train_phase4",train_grp,True,False,False,True,True,False,LM_2024256,0.323697
Tensor_Longmen_A2024257.1748.npz,2024,257,2024257,1748,LM,False,,"[64, 64]",60.52,144.88,,,,"Train,Train_no_overlap,Val_phase4",val_grp,True,False,False,True,False,True,LM_2024257,0.313439
Tensor_Longmen_A2024259.1848.npz,2024,259,2024259,1848,LM,False,,"[64, 64]",33.6,134.07,,,,"Train,Train_no_overlap,Val_phase4",train_grp,True,False,False,True,False,True,LM_2024259,0.336105
Tensor_Longmen_A2024260.1830.npz,2024,260,2024260,1830,LM,False,,"[64, 64]",19.87,137.89,,,,"Train,Train_no_overlap,Train_phase4",train_grp,True,False,False,True,True,False,LM_2024260,0.328568
Tensor_Longmen_A2024261.1812.npz,2024,261,2024261,1812,LM,False,,"[64, 64]",5.84,141.58,,,,"Train,Train_no_overlap,Train_phase4",train_grp,True,False,False,True,True,False,LM_2024261,0.308746
Tensor_Longmen_A2024262.1754.npz,2024,262,2024262,1754,LM,False,,"[64, 64]",8.69,145.08,,,,"Train,Train_no_overlap,Train_phase4",train_grp,True,False,False,True,True,False,LM_2024262,0.35153
Tensor_Longmen_A2024265.1836.npz,2024,265,2024265,1836,LM,False,,"[64, 64]",51.49,137.57,,,,"Train,Train_no_overlap,Train_phase4",train_grp,True,False,False,True,True,False,LM_2024265,0.337359
Tensor_Longmen_A2024266.1818.npz,2024,266,2024266,1818,LM,False,,"[64, 64]",64.84,141.41,,,,"Train,Train_no_overlap,Train_phase4",train_grp,True,False,False,True,True,False,LM_2024266,0.321091
Tensor_Longmen_A2024267.1800.npz,2024,267,2024267,1800,LM,False,,"[64, 64]",77.72,145.1,,,,"Train,Train_no_overlap,Val_phase4",train_grp,True,False,False,True,False,True,LM_2024267,0.342695
Tensor_Longmen_A2024268.1742.npz,2024,268,2024268,1742,LM,False,,"[64, 64]",90.11,148.6,,,,"Train,Train_no_overlap,Train_phase4",train_grp,True,False,False,True,True,False,LM_2024268,0.321412
Tensor_Longmen_A2024271.1824.npz,2024,271,2024271,1824,LM,False,,"[64, 64]",125.69,141.09,,,,"Train,Train_no_overlap,Train_phase4",val_grp,True,False,False,True,True,False,LM_2024271,0.311563
Tensor_Longmen_A2024272.1806.npz,2024,272,2024272,1806,LM,False,,"[64, 64]",136.74,144.96,,,,"Train,Train_no_overlap,Train_phase4",train_grp,True,False,False,True,True,False,LM_2024272,0.31337
Tensor_Longmen_A2024273.1748.npz,2024,273,2024273,1748,LM,False,,"[64, 64]",147.59,148.66,,,,"Train,Train_no_overlap,Val_phase4",train_grp,True,False,False,True,False,True,LM_2024273,0.294589
Tensor_Longmen_A2024275.1706.npz,2024,275,2024275,1706,LM,False,,"[64, 64]",168.88,155.25,,,,"Train,Train_no_overlap,Train_phase4",train_grp,True,False,False,True,True,False,LM_2024275,0.328189
Tensor_Longmen_A2024275.1848.npz,2024,275,2024275,1848,LM,False,,"[64, 64]",169.88,136.55,,,,"Train,Train_no_overlap,Val_phase4",train_grp,True,False,False,True,False,True,LM_2024275,0.331204
Tensor_Longmen_A2024276.1830.npz,2024,276,2024276,1830,LM,False,,"[64, 64]",179.41,140.64,,,,"Train,Train_no_overlap,Train_phase4",train_grp,True,False,False,True,True,False,LM_2024276,0.298413
Tensor_Longmen_A2024277.1812.npz,2024,277,2024277,1812,LM,False,,"[64, 64]",168.98,144.64,,,,"Train,Train_no_overlap,Train_phase4",train_grp,True,False,False,True,True,False,LM_2024277,0.300817
Tensor_Longmen_A2024278.1754.npz,2024,278,2024278,1754,LM,False,,"[64, 64]",158.43,148.53,,,,"Train,Train_no_overlap,Train_phase4",train_grp,True,False,False,True,True,False,LM_2024278,0.312159
Tensor_Longmen_A2024280.1712.npz,2024,280,2024280,1712,LM,False,,"[64, 64]",137.16,155.66,,,,"Train,Train_no_overlap,Val_phase4",val_grp,True,False,False,True,False,True,LM_2024280,0.33004
Tensor_Longmen_A2024281.1836.npz,2024,281,2024281,1836,LM,False,,"[64, 64]",125.25,140.08,,,,"Train,Train_no_overlap,Train_phase4",val_grp,True,False,False,True,True,False,LM_2024281,0.291498
Tensor_Longmen_A2024282.1818.npz,2024,282,2024282,1818,LM,False,,"[64, 64]",114.23,144.2,,,,"Train,Train_no_overlap,Train_phase4",train_grp,True,False,False,True,True,False,LM_2024282,0.296547
Tensor_Longmen_A2024283.1800.npz,2024,283,2024283,1800,LM,False,,"[64, 64]",102.94,148.23,,,,"Train,Train_no_overlap,Train_phase4",train_grp,True,False,False,True,True,False,LM_2024283,0.31658
Tensor_Longmen_A2024285.1718.npz,2024,285,2024285,1718,LM,False,,"[64, 64]",79.23,155.79,,,,"Train,Train_no_overlap,Val_phase4",train_grp,True,False,False,True,False,True,LM_2024285,0.325578
Tensor_Longmen_A2024286.1842.npz,2024,286,2024286,1842,LM,False,,"[64, 64]",65.74,139.36,,,,"Train,Train_no_overlap,Train_phase4",train_grp,True,False,False,True,True,False,LM_2024286,0.29722
Tensor_Longmen_A2024287.1824.npz,2024,287,2024287,1824,LM,False,,"[64, 64]",52.75,143.56,,,,"Train,Train_no_overlap,Val_phase4",train_grp,True,False,False,True,False,True,LM_2024287,0.308141
Tensor_Longmen_A2024288.1806.npz,2024,288,2024288,1806,LM,False,,"[64, 64]",39.27,147.7,,,,"Train,Train_no_overlap,Train_phase4",train_grp,True,False,False,True,True,False,LM_2024288,0.300312
Tensor_Longmen_A2024289.1748.npz,2024,289,2024289,1748,LM,False,,"[64, 64]",25.36,151.74,,,,"Train,Train_no_overlap,Train_phase4",train_grp,True,False,False,True,True,False,LM_2024289,0.343782
Tensor_Longmen_A2024291.1706.npz,2024,291,2024291,1706,LM,False,,"[64, 64]",3.61,159.31,,,,"Train,Train_no_overlap,Val_phase4",val_grp,True,False,False,True,False,True,LM_2024291,0.341578
Tensor_Longmen_A2024291.1848.npz,2024,291,2024291,1848,LM,False,,"[64, 64]",4.26,138.54,,,,"Train,Train_no_overlap,Val_phase4",val_grp,True,False,False,True,False,True,LM_2024291,0.329033
Tensor_Longmen_A2024292.1830.npz,2024,292,2024292,1830,LM,False,,"[64, 64]",18.22,142.81,,,,"Train,Train_no_overlap,Train_phase4",val_grp,True,False,False,True,True,False,LM_2024292,0.332577
Tensor_Longmen_A2024293.1812.npz,2024,293,2024293,1812,LM,False,,"[64, 64]",32.15,147.04,,,,"Train,Train_no_overlap,Train_phase4",train_grp,True,False,False,True,True,False,LM_2024293,0.309581
Tensor_Longmen_A2024294.1754.npz,2024,294,2024294,1754,LM,False,,"[64, 64]",45.7,151.2,,,,"Train,Train_no_overlap,Val_phase4",train_grp,True,False,False,True,False,True,LM_2024294,0.314894
Tensor_Longmen_A2024296.1712.npz,2024,296,2024296,1712,LM,False,,"[64, 64]",71.3,159.18,,,,"Train,Train_no_overlap,Train_phase4",train_grp,True,False,False,True,True,False,LM_2024296,0.32399
Tensor_Longmen_A2024297.1836.npz,2024,297,2024297,1836,LM,False,,"[64, 64]",83.98,141.98,,,,"Train,Train_no_overlap,Val_phase4",train_grp,True,False,False,True,False,True,LM_2024297,0.333472
Tensor_Longmen_A2024298.1818.npz,2024,298,2024298,1818,LM,False,,"[64, 64]",95.63,146.27,,,,"Train,Train_no_overlap,Train_phase4",train_grp,True,False,False,True,True,False,LM_2024298,0.316783
Tensor_Longmen_A2024299.1800.npz,2024,299,2024299,1800,LM,False,,"[64, 64]",106.91,150.53,,,,"Train,Train_no_overlap,Train_phase4",train_grp,True,False,False,True,True,False,LM_2024299,0.333718
Tensor_Longmen_A2024302.1842.npz,2024,302,2024302,1842,LM,False,,"[64, 64]",140.15,141.1,,,,"Train,Train_no_overlap,Train_phase4",val_grp,True,False,False,True,True,False,LM_2024302,0.325964
Tensor_Longmen_A2024303.1824.npz,2024,303,2024303,1824,LM,False,,"[64, 64]",150.74,145.44,,,,"Train,Train_no_overlap,Train_phase4",train_grp,True,False,False,True,True,False,LM_2024303,0.330939
Tensor_Longmen_A2024304.1806.npz,2024,304,2024304,1806,LM,False,,"[64, 64]",161.26,149.77,,,,"Train,Train_no_overlap,Train_phase4",train_grp,True,False,False,True,True,False,LM_2024304,0.287389
Tensor_Longmen_A2024305.1748.npz,2024,305,2024305,1748,LM,False,,"[64, 64]",171.58,154.05,,,,"Train,Train_no_overlap,Train_phase4",train_grp,True,False,False,True,True,False,LM_2024305,0.295055
Tensor_Longmen_A2024307.1706.npz,2024,307,2024307,1706,LM,False,,"[64, 64]",166.29,162.39,,,,"Train,Train_no_overlap,Train_phase4",train_grp,True,False,False,True,True,False,LM_2024307,0.326166
Tensor_Longmen_A2024307.1848.npz,2024,307,2024307,1848,LM,False,,"[64, 64]",165.22,140.2,,,,"Train,Train_no_overlap,Train_phase4",train_grp,True,False,False,True,True,False,LM_2024307,0.32732
Tensor_Longmen_A2024312.1712.npz,2024,312,2024312,1712,LM,False,,"[64, 64]",109.45,161.85,,,,"Train,Train_no_overlap,Train_phase4",train_grp,True,False,False,True,True,False,LM_2024312,0.319705
Tensor_Longmen_A2024313.1836.npz,2024,313,2024313,1836,LM,False,,"[64, 64]",96.44,143.69,,,,"Train,Train_no_overlap,Val_phase4",train_grp,True,False,False,True,False,True,LM_2024313,0.309811
Tensor_Longmen_A2024314.1818.npz,2024,314,2024314,1818,LM,False,,"[64, 64]",84.17,148.06,,,,"Train,Train_no_overlap,Val_phase4",train_grp,True,False,False,True,False,True,LM_2024314,0.319305
Tensor_Longmen_A2024315.1800.npz,2024,315,2024315,1800,LM,False,,"[64, 64]",71.49,152.44,,,,"Train,Train_no_overlap,Train_phase4",train_grp,True,False,False,True,True,False,LM_2024315,0.342034
Tensor_Longmen_A2024318.1842.npz,2024,318,2024318,1842,LM,False,,"[64, 64]",30.41,142.78,,,,"Train,Train_no_overlap,Train_phase4",train_grp,True,False,False,True,True,False,LM_2024318,0.327426
Tensor_Longmen_A2024319.1824.npz,2024,319,2024319,1824,LM,False,,"[64, 64]",16.67,147.18,,,,"Train,Train_no_overlap,Train_phase4",train_grp,True,False,False,True,True,False,LM_2024319,0.325328
Tensor_Longmen_A2024320.1806.npz,2024,320,2024320,1806,LM,False,,"[64, 64]",4.48,151.58,,,,"Train,Train_no_overlap,Train_phase4",val_grp,True,False,False,True,True,False,LM_2024320,0.314937
Tensor_Longmen_A2024321.1748.npz,2024,321,2024321,1748,LM,False,,"[64, 64]",12.31,155.98,,,,"Train,Train_no_overlap,Val_phase4",train_grp,True,False,False,True,False,True,LM_2024321,0.303223
Tensor_Longmen_A2024323.1706.npz,2024,323,2024323,1706,LM,False,,"[64, 64]",38.61,164.73,,,,"Train,Train_no_overlap,Train_phase4",train_grp,True,False,False,True,True,False,LM_2024323,0.322595
Tensor_Longmen_A2024323.1848.npz,2024,323,2024323,1848,LM,False,,"[64, 64]",39.14,141.9,,,,"Train,Train_no_overlap,Train_phase4",train_grp,True,False,False,True,True,False,LM_2024323,0.308177
Tensor_Longmen_A2024324.1830.npz,2024,324,2024324,1830,LM,False,,"[64, 64]",51.78,146.3,,,,"Train,Train_no_overlap,Train_phase4",train_grp,True,False,False,True,True,False,LM_2024324,0.314812
Tensor_Longmen_A2024326.1754.npz,2024,326,2024326,1754,LM,False,,"[64, 64]",75.69,155.1,,,,"Train,Train_no_overlap,Train_phase4",val_grp,True,False,False,True,True,False,LM_2024326,0.303516
Tensor_Longmen_A2024328.1712.npz,2024,328,2024328,1712,LM,False,,"[64, 64]",98.04,163.9,,,,"Train,Train_no_overlap,Val_phase4",train_grp,True,False,False,True,False,True,LM_2024328,0.329211
Tensor_Longmen_A2024329.1836.npz,2024,329,2024329,1836,LM,False,,"[64, 64]",109.54,145.38,,,,"Train,Train_no_overlap,Train_phase4",train_grp,True,False,False,True,True,False,LM_2024329,0.321083
Tensor_Longmen_A2024330.1818.npz,2024,330,2024330,1818,LM,False,,"[64, 64]",120.23,149.76,,,,"Train,Train_no_overlap,Train_phase4",val_grp,True,False,False,True,True,False,LM_2024330,0.319738
Tensor_Longmen_A2024331.1800.npz,2024,331,2024331,1800,LM,False,,"[64, 64]",130.83,154.16,,,,"Train,Train_no_overlap,Train_phase4",train_grp,True,False,False,True,True,False,LM_2024331,0.313641
Tensor_Longmen_A2024334.1842.npz,2024,334,2024334,1842,LM,False,,"[64, 64]",163.49,144.46,,,,"Train,Train_no_overlap,Train_phase4",train_grp,True,False,False,True,True,False,LM_2024334,0.280835
Tensor_Longmen_A2024335.1824.npz,2024,335,2024335,1824,LM,False,,"[64, 64]",173.31,148.84,,,,"Train,Train_no_overlap,Train_phase4",train_grp,True,False,False,True,True,False,LM_2024335,0.28989
Tensor_Longmen_A2024336.1806.npz,2024,336,2024336,1806,LM,False,,"[64, 64]",172.37,153.24,,,,"Train,Train_no_overlap,Val_phase4",train_grp,True,False,False,True,False,True,LM_2024336,0.287158
Tensor_Longmen_A2024337.1748.npz,2024,337,2024337,1748,LM,False,,"[64, 64]",162.02,157.65,,,,"Train,Train_no_overlap,Train_phase4",val_grp,True,False,False,True,True,False,LM_2024337,0.28865
Tensor_Longmen_A2024339.1706.npz,2024,339,2024339,1706,LM,False,,"[64, 64]",139.3,166.48,,,,"Train,Train_no_overlap,Train_phase4",train_grp,True,False,False,True,True,False,LM_2024339,0.32076
Tensor_Longmen_A2024339.1848.npz,2024,339,2024339,1848,LM,False,,"[64, 64]",138.12,143.57,,,,"Train,Train_no_overlap,Train_phase4",train_grp,True,False,False,True,True,False,LM_2024339,0.288629
Tensor_Longmen_A2024340.1830.npz,2024,340,2024340,1830,LM,False,,"[64, 64]",126.36,147.94,,,,"Train,Train_no_overlap,Train_phase4",train_grp,True,False,False,True,True,False,LM_2024340,0.2808
Tensor_Longmen_A2024341.1812.npz,2024,341,2024341,1812,LM,False,,"[64, 64]",114.37,152.33,,,,"Train,Train_no_overlap,Train_phase4",val_grp,True,False,False,True,True,False,LM_2024341,0.311868
Tensor_Longmen_A2024342.1754.npz,2024,342,2024342,1754,LM,False,,"[64, 64]",102.13,156.73,,,,"Train,Train_no_overlap,Val_phase4",train_grp,True,False,False,True,False,True,LM_2024342,0.321281
Tensor_Longmen_A2024343.1736.npz,2024,343,2024343,1736,LM,False,,"[64, 64]",89.62,161.15,,,,"Train,Train_no_overlap,Train_phase4",val_grp,True,False,False,True,True,False,LM_2024343,0.308113
Tensor_Longmen_A2024345.1836.npz,2024,345,2024345,1836,LM,False,,"[64, 64]",62.85,147.07,,,,"Train,Train_no_overlap,Train_phase4",val_grp,True,False,False,True,True,False,LM_2024345,0.288273
Tensor_Longmen_A2024346.1818.npz,2024,346,2024346,1818,LM,False,,"[64, 64]",49.65,151.44,,,,"Train,Train_no_overlap,Val_phase4",val_grp,True,False,False,True,False,True,LM_2024346,0.288266
Tensor_Longmen_A2024347.1800.npz,2024,347,2024347,1800,LM,False,,"[64, 64]",36.31,155.83,,,,"Train,Train_no_overlap,Train_phase4",train_grp,True,False,False,True,True,False,LM_2024347,0.314363
Tensor_Longmen_A2024348.1742.npz,2024,348,2024348,1742,LM,False,,"[64, 64]",22.99,160.25,,,,"Train,Train_no_overlap,Val_phase4",train_grp,True,False,False,True,False,True,LM_2024348,0.300796
Tensor_Longmen_A2024350.1842.npz,2024,350,2024350,1842,LM,False,,"[64, 64]",6.98,146.19,,,,"Train,Train_no_overlap,Train_phase4",train_grp,True,False,False,True,True,False,LM_2024350,0.312813
Tensor_Longmen_A2024351.1824.npz,2024,351,2024351,1824,LM,False,,"[64, 64]",18.59,150.56,,,,"Train,Train_no_overlap,Train_phase4",train_grp,True,False,False,True,True,False,LM_2024351,0.285297
Tensor_Longmen_A2024352.1806.npz,2024,352,2024352,1806,LM,False,,"[64, 64]",30.96,154.95,,,,"Train,Train_no_overlap,Train_phase4",train_grp,True,False,False,True,True,False,LM_2024352,0.312071
Tensor_Longmen_A2024353.1748.npz,2024,353,2024353,1748,LM,False,,"[64, 64]",43.09,159.35,,,,"Train,Train_no_overlap,Val_phase4",val_grp,True,False,False,True,False,True,LM_2024353,0.296773
Tensor_Longmen_A2024354.1730.npz,2024,354,2024354,1730,LM,False,,"[64, 64]",54.85,163.77,,,,"Train,Train_no_overlap,Val_phase4",train_grp,True,False,False,True,False,True,LM_2024354,0.283458
Tensor_Longmen_A2024355.1848.npz,2024,355,2024355,1848,LM,False,,"[64, 64]",66.78,145.31,,,,"Train,Train_no_overlap,Train_phase4",val_grp,True,False,False,True,True,False,LM_2024355,0.29936
Tensor_Longmen_A2024356.1830.npz,2024,356,2024356,1830,LM,False,,"[64, 64]",77.92,149.68,,,,"Train,Train_no_overlap,Train_phase4",train_grp,True,False,False,True,True,False,LM_2024356,0.290802
Tensor_Longmen_A2024357.1812.npz,2024,357,2024357,1812,LM,False,,"[64, 64]",88.82,154.05,,,,"Train,Train_no_overlap,Train_phase4",train_grp,True,False,False,True,True,False,LM_2024357,0.31903
Tensor_Longmen_A2024358.1754.npz,2024,358,2024358,1754,LM,False,,"[64, 64]",99.56,158.45,,,,"Train,Train_no_overlap,Train_phase4",val_grp,True,False,False,True,True,False,LM_2024358,0.316891
Tensor_Longmen_A2024359.1736.npz,2024,359,2024359,1736,LM,False,,"[64, 64]",110.2,162.86,,,,"Train,Train_no_overlap,Train_phase4",train_grp,True,False,False,True,True,False,LM_2024359,0.29444
Tensor_Longmen_A2024361.1836.npz,2024,361,2024361,1836,LM,False,,"[64, 64]",132.41,148.78,,,,"Train,Train_no_overlap,Train_phase4",train_grp,True,False,False,True,True,False,LM_2024361,0.275571
Tensor_Longmen_A2024362.1818.npz,2024,362,2024362,1818,LM,False,,"[64, 64]",143.29,153.14,,,,"Train,Train_no_overlap,Train_phase4",val_grp,True,False,False,True,True,False,LM_2024362,0.291736
Tensor_Longmen_A2024363.1800.npz,2024,363,2024363,1800,LM,False,,"[64, 64]",154.27,157.53,,,,"Train,Train_no_overlap,Train_phase4",train_grp,True,False,False,True,True,False,LM_2024363,0.291773
Tensor_Longmen_A2024364.1742.npz,2024,364,2024364,1742,LM,False,,"[64, 64]",165.24,161.94,,,,"Train,Train_no_overlap,Val_phase4",train_grp,True,False,False,True,False,True,LM_2024364,0.280399
Tensor_Longmen_A2025038.1830.npz,2025,38,2025038,1830,LM,False,,"[64, 64]",59.52,151.01,,,,"Train,Train_no_overlap,Train_phase4",train_grp,True,False,False,True,True,False,LM_2025038,0.302991
Tensor_Longmen_A2025039.1812.npz,2025,39,2025039,1812,LM,False,,"[64, 64]",47.11,155.05,,,,"Train,Train_no_overlap,Val_phase4",train_grp,True,False,False,True,False,True,LM_2025039,0.30703
Tensor_Longmen_A2025040.1754.npz,2025,40,2025040,1754,LM,False,,"[64, 64]",34.83,158.97,,,,"Train,Train_no_overlap,Val_phase4",train_grp,True,False,False,True,False,True,LM_2025040,0.290506
Tensor_Longmen_A2025041.1736.npz,2025,41,2025041,1736,LM,False,,"[64, 64]",22.7,162.64,,,,"Train,Train_no_overlap,Train_phase4",train_grp,True,False,False,True,True,False,LM_2025041,0.2928
Tensor_Longmen_A2025043.1836.npz,2025,43,2025043,1836,LM,False,,"[64, 64]",3.11,149.0,,,,"Train,Train_no_overlap,Val_phase4",train_grp,True,False,False,True,False,True,LM_2025043,0.277602
Tensor_Longmen_A2025044.1818.npz,2025,44,2025044,1818,LM,False,,"[64, 64]",13.6,152.97,,,,"Train,Train_no_overlap,Val_phase4",train_grp,True,False,False,True,False,True,LM_2025044,0.280172
Tensor_Longmen_A2025045.1800.npz,2025,45,2025045,1800,LM,False,,"[64, 64]",24.86,156.79,,,,"Train,Train_no_overlap,Train_phase4",train_grp,True,False,False,True,True,False,LM_2025045,0.315112
Tensor_Longmen_A2025046.1742.npz,2025,46,2025046,1742,LM,False,,"[64, 64]",35.99,160.39,,,,"Train,Train_no_overlap,Train_phase4",train_grp,True,False,False,True,True,False,LM_2025046,0.301504
Tensor_Longmen_A2025047.1724.npz,2025,47,2025047,1724,LM,False,,"[64, 64]",46.97,163.56,,,,"Train,Train_no_overlap,Train_phase4",train_grp,True,False,False,True,True,False,LM_2025047,0.328977
Tensor_Longmen_A2025048.1842.npz,2025,48,2025048,1842,LM,False,,"[64, 64]",58.3,146.84,,,,"Train,Train_no_overlap,Train_phase4",val_grp,True,False,False,True,True,False,LM_2025048,0.28801
Tensor_Longmen_A2025049.1824.npz,2025,49,2025049,1824,LM,False,,"[64, 64]",69.12,150.74,,,,"Train,Train_no_overlap,Train_phase4",train_grp,True,False,False,True,True,False,LM_2025049,0.296218
Tensor_Longmen_A2025050.1806.npz,2025,50,2025050,1806,LM,False,,"[64, 64]",79.94,154.5,,,,"Train,Train_no_overlap,Train_phase4",train_grp,True,False,False,True,True,False,LM_2025050,0.322835
Tensor_Longmen_A2025051.1748.npz,2025,51,2025051,1748,LM,False,,"[64, 64]",90.83,158.01,,,,"Train,Train_no_overlap,Train_phase4",train_grp,True,False,False,True,True,False,LM_2025051,0.313551
Tensor_Longmen_A2025052.1730.npz,2025,52,2025052,1730,LM,False,,"[64, 64]",101.87,161.12,,,,"Train,Train_no_overlap,Train_phase4",train_grp,True,False,False,True,True,False,LM_2025052,0.309278
Tensor_Longmen_A2025053.1712.npz,2025,53,2025053,1712,LM,False,,"[64, 64]",113.12,163.62,,,,"Train,Train_no_overlap,Train_phase4",train_grp,True,False,False,True,True,False,LM_2025053,0.328474
Tensor_Longmen_A2025053.1848.npz,2025,53,2025053,1848,LM,False,,"[64, 64]",113.92,144.55,,,,"Train,Train_no_overlap,Val_phase4",train_grp,True,False,False,True,False,True,LM_2025053,0.302099
Tensor_Longmen_A2025054.1830.npz,2025,54,2025054,1830,LM,False,,"[64, 64]",125.58,148.39,,,,"Train,Train_no_overlap,Train_phase4",train_grp,True,False,False,True,True,False,LM_2025054,0.287178
Tensor_Longmen_A2025055.1812.npz,2025,55,2025055,1812,LM,False,,"[64, 64]",137.57,152.07,,,,"Train,Train_no_overlap,Train_phase4",train_grp,True,False,False,True,True,False,LM_2025055,0.323811
Tensor_Longmen_A2025056.1754.npz,2025,56,2025056,1754,LM,False,,"[64, 64]",149.92,155.52,,,,"Train,Train_no_overlap,Train_phase4",train_grp,True,False,False,True,True,False,LM_2025056,0.308879
Tensor_Longmen_A2025057.1736.npz,2025,57,2025057,1736,LM,False,,"[64, 64]",162.59,158.6,,,,"Train,Train_no_overlap,Train_phase4",val_grp,True,False,False,True,True,False,LM_2025057,0.309546
Tensor_Longmen_A2025058.1718.npz,2025,58,2025058,1718,LM,False,,"[64, 64]",175.32,161.12,,,,"Train,Train_no_overlap,Train_phase4",train_grp,True,False,False,True,True,False,LM_2025058,0.294724
Tensor_Longmen_A2025059.1836.npz,2025,59,2025059,1836,LM,False,,"[64, 64]",169.52,145.94,,,,"Train,Train_no_overlap,Train_phase4",val_grp,True,False,False,True,True,False,LM_2025059,0.29545
Tensor_Longmen_A2025060.1818.npz,2025,60,2025060,1818,LM,False,,"[64, 64]",156.22,149.56,,,,"Train,Train_no_overlap,Train_phase4",train_grp,True,False,False,True,True,False,LM_2025060,0.310852
Tensor_Longmen_A2025061.1800.npz,2025,61,2025061,1800,LM,False,,"[64, 64]",142.83,152.94,,,,"Train,Train_no_overlap,Train_phase4",train_grp,True,False,False,True,True,False,LM_2025061,0.320346
Tensor_Longmen_A2025062.1742.npz,2025,62,2025062,1742,LM,False,,"[64, 64]",129.51,156.0,,,,"Train,Train_no_overlap,Val_phase4",val_grp,True,False,False,True,False,True,LM_2025062,0.314316
Tensor_Longmen_A2025063.1724.npz,2025,63,2025063,1724,LM,False,,"[64, 64]",116.34,158.54,,,,"Train,Train_no_overlap,Val_phase4",train_grp,True,False,False,True,False,True,LM_2025063,0.326536
Tensor_Longmen_A2025064.1842.npz,2025,64,2025064,1842,LM,False,,"[64, 64]",102.27,143.39,,,,"Train,Train_no_overlap,Train_phase4",train_grp,True,False,False,True,True,False,LM_2025064,0.298346
Tensor_Longmen_A2025065.1824.npz,2025,65,2025065,1824,LM,False,,"[64, 64]",89.64,146.96,,,,"Train,Train_no_overlap,Train_phase4",train_grp,True,False,False,True,True,False,LM_2025065,0.319941
Tensor_Longmen_A2025066.1806.npz,2025,66,2025066,1806,LM,False,,"[64, 64]",77.25,150.31,,,,"Train,Train_no_overlap,Train_phase4",train_grp,True,False,False,True,True,False,LM_2025066,0.304115
Tensor_Longmen_A2025067.1748.npz,2025,67,2025067,1748,LM,False,,"[64, 64]",65.07,153.33,,,,"Train,Train_no_overlap,Train_phase4",train_grp,True,False,False,True,True,False,LM_2025067,0.310086
Tensor_Longmen_A2025068.1730.npz,2025,68,2025068,1730,LM,False,,"[64, 64]",53.07,155.9,,,,"Train,Train_no_overlap,Train_phase4",train_grp,True,False,False,True,True,False,LM_2025068,0.319043
Tensor_Longmen_A2025069.1712.npz,2025,69,2025069,1712,LM,False,,"[64, 64]",41.25,157.86,,,,"Train,Train_no_overlap,Train_phase4",train_grp,True,False,False,True,True,False,LM_2025069,0.32848
Tensor_Longmen_A2025069.1848.npz,2025,69,2025069,1848,LM,False,,"[64, 64]",40.56,140.78,,,,"Train,Train_no_overlap,Train_phase4",train_grp,True,False,False,True,True,False,LM_2025069,0.345882
Tensor_Longmen_A2025070.1830.npz,2025,70,2025070,1830,LM,False,,"[64, 64]",28.99,144.3,,,,"Train,Train_no_overlap,Train_phase4",train_grp,True,False,False,True,True,False,LM_2025070,0.298208
Tensor_Longmen_A2025071.1812.npz,2025,71,2025071,1812,LM,False,,"[64, 64]",17.55,147.61,,,,"Train,Train_no_overlap,Val_phase4",train_grp,True,False,False,True,False,True,LM_2025071,0.343684
Tensor_Longmen_A2025072.1754.npz,2025,72,2025072,1754,LM,False,,"[64, 64]",6.24,150.61,,,,"Train,Train_no_overlap,Train_phase4",val_grp,True,False,False,True,True,False,LM_2025072,0.324088
Tensor_Longmen_A2025073.1736.npz,2025,73,2025073,1736,LM,False,,"[64, 64]",4.94,153.21,,,,"Train,Train_no_overlap,Train_phase4",val_grp,True,False,False,True,True,False,LM_2025073,0.313999
Tensor_Longmen_A2025074.1718.npz,2025,74,2025074,1718,LM,False,,"[64, 64]",16.01,155.27,,,,"Train,Train_no_overlap,Train_phase4",train_grp,True,False,False,True,True,False,LM_2025074,0.328489
Tensor_Longmen_A2025075.1836.npz,2025,75,2025075,1836,LM,False,,"[64, 64]",27.41,141.61,,,,"Train,Train_no_overlap,Train_phase4",train_grp,True,False,False,True,True,False,LM_2025075,0.316732
Tensor_Longmen_A2025076.1818.npz,2025,76,2025076,1818,LM,False,,"[64, 64]",38.29,144.88,,,,"Train,Train_no_overlap,Train_phase4",train_grp,True,False,False,True,True,False,LM_2025076,0.317421
Tensor_Longmen_A2025077.1800.npz,2025,77,2025077,1800,LM,False,,"[64, 64]",49.14,147.88,,,,"Train,Train_no_overlap,Train_phase4",train_grp,True,False,False,True,True,False,LM_2025077,0.295573
Tensor_Longmen_A2025078.1742.npz,2025,78,2025078,1742,LM,False,,"[64, 64]",60.0,150.5,,,,"Train,Train_no_overlap,Train_phase4",train_grp,True,False,False,True,True,False,LM_2025078,0.291854
Tensor_Longmen_A2025079.1724.npz,2025,79,2025079,1724,LM,False,,"[64, 64]",70.92,152.64,,,,"Train,Train_no_overlap,Train_phase4",val_grp,True,False,False,True,True,False,LM_2025079,0.305288
Tensor_Longmen_A2025080.1842.npz,2025,80,2025080,1842,LM,False,,"[64, 64]",82.59,138.9,,,,"Train,Train_no_overlap,Train_phase4",val_grp,True,False,False,True,True,False,LM_2025080,0.293786
Tensor_Longmen_A2025081.1824.npz,2025,81,2025081,1824,LM,False,,"[64, 64]",93.94,142.15,,,,"Train,Train_no_overlap,Train_phase4",train_grp,True,False,False,True,True,False,LM_2025081,0.276954
Tensor_Longmen_A2025082.1806.npz,2025,82,2025082,1806,LM,False,,"[64, 64]",105.58,145.14,,,,"Train,Train_no_overlap,Train_phase4",train_grp,True,False,False,True,True,False,LM_2025082,0.286877
Tensor_Longmen_A2025083.1748.npz,2025,83,2025083,1748,LM,False,,"[64, 64]",117.55,147.78,,,,"Train,Train_no_overlap,Train_phase4",train_grp,True,False,False,True,True,False,LM_2025083,0.267064
Tensor_Longmen_A2025084.1730.npz,2025,84,2025084,1730,LM,False,,"[64, 64]",129.9,149.99,,,,"Train,Train_no_overlap,Val_phase4",train_grp,True,False,False,True,False,True,LM_2025084,0.283272
Tensor_Longmen_A2025085.1848.npz,2025,85,2025085,1848,LM,False,,"[64, 64]",143.74,136.18,,,,"Train,Train_no_overlap,Train_phase4",train_grp,True,False,False,True,True,False,LM_2025085,0.307167
Tensor_Longmen_A2025086.1830.npz,2025,86,2025086,1830,LM,False,,"[64, 64]",156.99,139.4,,,,"Train,Train_no_overlap,Train_phase4",val_grp,True,False,False,True,True,False,LM_2025086,0.308337
Tensor_Longmen_A2025087.1812.npz,2025,87,2025087,1812,LM,False,,"[64, 64]",170.52,142.38,,,,"Train,Train_no_overlap,Val_phase4",train_grp,True,False,False,True,False,True,LM_2025087,0.322514
Tensor_Longmen_A2025088.1754.npz,2025,88,2025088,1754,LM,False,,"[64, 64]",175.72,145.04,,,,"Train,Train_no_overlap,Train_phase4",train_grp,True,False,False,True,True,False,LM_2025088,0.318202
Tensor_Longmen_A2025089.1736.npz,2025,89,2025089,1736,LM,False,,"[64, 64]",161.95,147.31,,,,"Train,Train_no_overlap,Train_phase4",train_grp,True,False,False,True,True,False,LM_2025089,0.316543
Tensor_Longmen_A2025090.1718.npz,2025,90,2025090,1718,LM,False,,"[64, 64]",148.25,149.08,,,,"Train,Train_no_overlap,Train_phase4",val_grp,True,False,False,True,True,False,LM_2025090,0.32791
Tensor_Longmen_A2025091.1836.npz,2025,91,2025091,1836,LM,False,,"[64, 64]",133.46,136.64,,,,"Train,Train_no_overlap,Train_phase4",val_grp,True,False,False,True,True,False,LM_2025091,0.274015
Tensor_Longmen_A2025092.1818.npz,2025,92,2025092,1818,LM,False,,"[64, 64]",120.31,139.61,,,,"Train,Train_no_overlap,Train_phase4",train_grp,True,False,False,True,True,False,LM_2025092,0.283325
Tensor_Longmen_A2025093.1800.npz,2025,93,2025093,1800,LM,False,,"[64, 64]",107.5,142.31,,,,"Train,Train_no_overlap,Train_phase4",train_grp,True,False,False,True,True,False,LM_2025093,0.284835
Tensor_Longmen_A2025094.1742.npz,2025,94,2025094,1742,LM,False,,"[64, 64]",95.04,144.64,,,,"Train,Train_no_overlap,Train_phase4",val_grp,True,False,False,True,True,False,LM_2025094,0.309137
Tensor_Longmen_A2025095.1724.npz,2025,95,2025095,1724,LM,False,,"[64, 64]",82.91,146.52,,,,"Train,Train_no_overlap,Train_phase4",train_grp,True,False,False,True,True,False,LM_2025095,0.320987
Tensor_Longmen_A2025096.1842.npz,2025,96,2025096,1842,LM,False,,"[64, 64]",70.2,133.9,,,,"Train,Train_no_overlap,Train_phase4",val_grp,True,False,False,True,True,False,LM_2025096,0.275325
Tensor_Longmen_A2025097.1824.npz,2025,97,2025097,1824,LM,False,,"[64, 64]",58.71,136.89,,,,"Train,Train_no_overlap,Train_phase4",train_grp,True,False,False,True,True,False,LM_2025097,0.325696
Tensor_Longmen_A2025098.1806.npz,2025,98,2025098,1806,LM,False,,"[64, 64]",47.4,139.62,,,,"Train,Train_no_overlap,Train_phase4",train_grp,True,False,False,True,True,False,LM_2025098,0.344551
Tensor_Longmen_A2025099.1748.npz,2025,99,2025099,1748,LM,False,,"[64, 64]",36.24,142.01,,,,"Train,Train_no_overlap,Train_phase4",train_grp,True,False,False,True,True,False,LM_2025099,0.33608
Tensor_Longmen_A2025100.1730.npz,2025,100,2025100,1730,LM,False,,"[64, 64]",25.21,143.99,,,,"Train,Train_no_overlap,Train_phase4",val_grp,True,False,False,True,True,False,LM_2025100,0.292998
Tensor_Longmen_A2025101.1712.npz,2025,101,2025101,1712,LM,False,,"[64, 64]",14.32,145.48,,,,"Train,Train_no_overlap,Train_phase4",train_grp,True,False,False,True,True,False,LM_2025101,0.324873
Tensor_Longmen_A2025101.1848.npz,2025,101,2025101,1848,LM,False,,"[64, 64]",13.85,131.23,,,,"Train,Train_no_overlap,Train_phase4",train_grp,True,False,False,True,True,False,LM_2025101,0.325797
Tensor_Longmen_A2025102.1830.npz,2025,102,2025102,1830,LM,False,,"[64, 64]",3.94,134.23,,,,"Train,Train_no_overlap,Train_phase4",val_grp,True,False,False,True,True,False,LM_2025102,0.324485
Tensor_Longmen_A2025103.1812.npz,2025,103,2025103,1812,LM,False,,"[64, 64]",8.74,136.98,,,,"Train,Train_no_overlap,Train_phase4",train_grp,True,False,False,True,True,False,LM_2025103,0.290939
Tensor_Longmen_A2025104.1754.npz,2025,104,2025104,1754,LM,False,,"[64, 64]",19.33,139.43,,,,"Train,Train_no_overlap,Train_phase4",train_grp,True,False,False,True,True,False,LM_2025104,0.310195
Tensor_Longmen_A2025105.1736.npz,2025,105,2025105,1736,LM,False,,"[64, 64]",30.14,141.5,,,,"Train,Train_no_overlap,Train_phase4",train_grp,True,False,False,True,True,False,LM_2025105,0.29251
Tensor_Longmen_A2025106.1718.npz,2025,106,2025106,1718,LM,False,,"[64, 64]",41.04,143.13,,,,"Train,Train_no_overlap,Train_phase4",train_grp,True,False,False,True,True,False,LM_2025106,0.329902
Tensor_Longmen_A2025107.1836.npz,2025,107,2025107,1836,LM,False,,"[64, 64]",52.5,131.65,,,,"Train,Train_no_overlap,Train_phase4",val_grp,True,False,False,True,True,False,LM_2025107,0.302485
Tensor_Longmen_A2025108.1818.npz,2025,108,2025108,1818,LM,False,,"[64, 64]",63.67,134.43,,,,"Train,Train_no_overlap,Train_phase4",train_grp,True,False,False,True,True,False,LM_2025108,0.330827
Tensor_Longmen_A2025109.1800.npz,2025,109,2025109,1800,LM,False,,"[64, 64]",75.04,136.93,,,,"Train,Train_no_overlap,Train_phase4",train_grp,True,False,False,True,True,False,LM_2025109,0.332408
Tensor_Longmen_A2025110.1742.npz,2025,110,2025110,1742,LM,False,,"[64, 64]",86.66,139.08,,,,"Train,Train_no_overlap,Train_phase4",train_grp,True,False,False,True,True,False,LM_2025110,0.314402
Tensor_Longmen_A2025111.1724.npz,2025,111,2025111,1724,LM,False,,"[64, 64]",98.58,140.83,,,,"Train,Train_no_overlap,Train_phase4",train_grp,True,False,False,True,True,False,LM_2025111,0.31208
Tensor_Longmen_A2025112.1842.npz,2025,112,2025112,1842,LM,False,,"[64, 64]",111.7,129.16,,,,"Train,Train_no_overlap,Train_phase4",train_grp,True,False,False,True,True,False,LM_2025112,0.320743
Tensor_Longmen_A2025113.1824.npz,2025,113,2025113,1824,LM,False,,"[64, 64]",124.48,131.97,,,,"Train,Train_no_overlap,Train_phase4",train_grp,True,False,False,True,True,False,LM_2025113,0.327867
Tensor_Longmen_A2025114.1806.npz,2025,114,2025114,1806,LM,False,,"[64, 64]",137.63,134.52,,,,"Train,Train_no_overlap,Train_phase4",train_grp,True,False,False,True,True,False,LM_2025114,0.331449
Tensor_Longmen_A2025115.1748.npz,2025,115,2025115,1748,LM,False,,"[64, 64]",151.09,136.75,,,,"Train,Train_no_overlap,Train_phase4",train_grp,True,False,False,True,True,False,LM_2025115,0.311201
Tensor_Longmen_A2025116.1730.npz,2025,116,2025116,1730,LM,False,,"[64, 64]",164.73,138.59,,,,"Train,Train_no_overlap,Train_phase4",train_grp,True,False,False,True,True,False,LM_2025116,0.304959
Tensor_Longmen_A2025117.1712.npz,2025,117,2025117,1712,LM,False,,"[64, 64]",177.06,140.01,,,,"Train,Train_no_overlap,Val_phase4",train_grp,True,False,False,True,False,True,LM_2025117,0.312121
Tensor_Longmen_A2025117.1848.npz,2025,117,2025117,1848,LM,False,,"[64, 64]",177.39,126.77,,,,"Train,Train_no_overlap,Train_phase4",train_grp,True,False,False,True,True,False,LM_2025117,0.325953
Tensor_Longmen_A2025118.1830.npz,2025,118,2025118,1830,LM,False,,"[64, 64]",165.69,129.62,,,,"Train,Train_no_overlap,Train_phase4",train_grp,True,False,False,True,True,False,LM_2025118,0.302311
Tensor_Longmen_A2025119.1812.npz,2025,119,2025119,1812,LM,False,,"[64, 64]",152.11,132.21,,,,"Train,Train_no_overlap,Train_phase4",train_grp,True,False,False,True,True,False,LM_2025119,0.316032
Tensor_Longmen_A2025120.1754.npz,2025,120,2025120,1754,LM,False,,"[64, 64]",138.77,134.5,,,,"Train,Train_no_overlap,Train_phase4",train_grp,True,False,False,True,True,False,LM_2025120,0.31941
Tensor_Longmen_A2025121.1736.npz,2025,121,2025121,1736,LM,False,,"[64, 64]",125.79,136.45,,,,"Train,Train_no_overlap,Train_phase4",train_grp,True,False,False,True,True,False,LM_2025121,0.322822
Tensor_Longmen_A2025122.1718.npz,2025,122,2025122,1718,LM,False,,"[64, 64]",113.21,137.99,,,,"Train,Train_no_overlap,Train_phase4",train_grp,True,False,False,True,True,False,LM_2025122,0.335345
Tensor_Longmen_A2025123.1836.npz,2025,123,2025123,1836,LM,False,,"[64, 64]",99.96,127.38,,,,"Train,Train_no_overlap,Train_phase4",train_grp,True,False,False,True,True,False,LM_2025123,0.316362
Tensor_Longmen_A2025124.1818.npz,2025,124,2025124,1818,LM,False,,"[64, 64]",88.25,130.02,,,,"Train,Train_no_overlap,Train_phase4",train_grp,True,False,False,True,True,False,LM_2025124,0.321672
Tensor_Longmen_A2025125.1800.npz,2025,125,2025125,1800,LM,False,,"[64, 64]",76.83,132.38,,,,"Train,Train_no_overlap,Train_phase4",train_grp,True,False,False,True,True,False,LM_2025125,0.323025
Tensor_Longmen_A2025126.1742.npz,2025,126,2025126,1742,LM,False,,"[64, 64]",65.65,134.42,,,,"Train,Train_no_overlap,Train_phase4",train_grp,True,False,False,True,True,False,LM_2025126,0.326502
Tensor_Longmen_A2025127.1724.npz,2025,127,2025127,1724,LM,False,,"[64, 64]",54.65,136.07,,,,"Train,Train_no_overlap,Train_phase4",train_grp,True,False,False,True,True,False,LM_2025127,0.313878
Tensor_Longmen_A2025129.1824.npz,2025,129,2025129,1824,LM,False,,"[64, 64]",32.45,127.96,,,,"Train,Train_no_overlap,Train_phase4",train_grp,True,False,False,True,True,False,LM_2025129,0.317462
Tensor_Longmen_A2025130.1806.npz,2025,130,2025130,1806,LM,False,,"[64, 64]",21.84,130.39,,,,"Train,Train_no_overlap,Train_phase4",train_grp,True,False,False,True,True,False,LM_2025130,0.322485
Tensor_Longmen_A2025131.1748.npz,2025,131,2025131,1748,LM,False,,"[64, 64]",11.54,132.51,,,,"Train,Train_no_overlap,Val_phase4",train_grp,True,False,False,True,False,True,LM_2025131,0.340219
Tensor_Longmen_A2025132.1730.npz,2025,132,2025132,1730,LM,False,,"[64, 64]",4.92,134.26,,,,"Train,Train_no_overlap,Train_phase4",train_grp,True,False,False,True,True,False,LM_2025132,0.297742
Tensor_Longmen_A2025133.1712.npz,2025,133,2025133,1712,LM,False,,"[64, 64]",12.41,135.62,,,,"Train,Train_no_overlap,Val_phase4",train_grp,True,False,False,True,False,True,LM_2025133,0.31967
Tensor_Longmen_A2025133.1848.npz,2025,133,2025133,1848,LM,False,,"[64, 64]",12.82,123.17,,,,"Train,Train_no_overlap,Train_phase4",train_grp,True,False,False,True,True,False,LM_2025133,0.326245
Tensor_Longmen_A2025134.1830.npz,2025,134,2025134,1830,LM,False,,"[64, 64]",23.41,126.03,,,,"Train,Train_no_overlap,Train_phase4",val_grp,True,False,False,True,True,False,LM_2025134,0.313135
Tensor_Longmen_A2025135.1812.npz,2025,135,2025135,1812,LM,False,,"[64, 64]",34.43,128.52,,,,"Train,Train_no_overlap,Train_phase4",train_grp,True,False,False,True,True,False,LM_2025135,0.342763
Tensor_Longmen_A2025136.1754.npz,2025,136,2025136,1754,LM,False,,"[64, 64]",45.68,130.72,,,,"Train,Train_no_overlap,Train_phase4",train_grp,True,False,False,True,True,False,LM_2025136,0.346006
Tensor_Longmen_A2025137.1736.npz,2025,137,2025137,1736,LM,False,,"[64, 64]",57.15,132.58,,,,"Train,Train_no_overlap,Val_phase4",train_grp,True,False,False,True,False,True,LM_2025137,0.326085
Tensor_Longmen_A2025138.1718.npz,2025,138,2025138,1718,LM,False,,"[64, 64]",68.84,134.07,,,,"Train,Train_no_overlap,Train_phase4",train_grp,True,False,False,True,True,False,LM_2025138,0.313531
Tensor_Longmen_A2025139.1836.npz,2025,139,2025139,1836,LM,False,,"[64, 64]",81.45,124.24,,,,"Train,Train_no_overlap,Val_phase4",train_grp,True,False,False,True,False,True,LM_2025139,0.308418
Tensor_Longmen_A2025140.1818.npz,2025,140,2025140,1818,LM,False,,"[64, 64]",93.8,126.79,,,,"Train,Train_no_overlap,Train_phase4",train_grp,True,False,False,True,True,False,LM_2025140,0.316085
Tensor_Longmen_A2025141.1800.npz,2025,141,2025141,1800,LM,False,,"[64, 64]",106.46,129.07,,,,"Train,Train_no_overlap,Train_phase4",train_grp,True,False,False,True,True,False,LM_2025141,0.343164
Tensor_Longmen_A2025142.1742.npz,2025,142,2025142,1742,LM,False,,"[64, 64]",119.45,131.03,,,,"Train,Train_no_overlap,Train_phase4",train_grp,True,False,False,True,True,False,LM_2025142,0.320605
Tensor_Longmen_A2025143.1724.npz,2025,143,2025143,1724,LM,False,,"[64, 64]",132.72,132.63,,,,"Train,Train_no_overlap,Train_phase4",train_grp,True,False,False,True,True,False,LM_2025143,0.319995
Tensor_Longmen_A2025144.1842.npz,2025,144,2025144,1842,LM,False,,"[64, 64]",147.39,122.57,,,,"Train,Train_no_overlap,Train_phase4",val_grp,True,False,False,True,True,False,LM_2025144,0.304526
Tensor_Longmen_A2025145.1824.npz,2025,145,2025145,1824,LM,False,,"[64, 64]",161.02,125.21,,,,"Train,Train_no_overlap,Train_phase4",train_grp,True,False,False,True,True,False,LM_2025145,0.314517
Tensor_Longmen_A2025146.1806.npz,2025,146,2025146,1806,LM,False,,"[64, 64]",173.8,127.57,,,,"Train,Train_no_overlap,Train_phase4",train_grp,True,False,False,True,True,False,LM_2025146,0.335102
Tensor_Longmen_A2025147.1748.npz,2025,147,2025147,1748,LM,False,,"[64, 64]",170.22,129.62,,,,"Train,Train_no_overlap,Train_phase4",train_grp,True,False,False,True,True,False,LM_2025147,0.31521
Tensor_Longmen_A2025148.1730.npz,2025,148,2025148,1730,LM,False,,"[64, 64]",157.3,131.34,,,,"Train,Train_no_overlap,Train_phase4",val_grp,True,False,False,True,True,False,LM_2025148,0.320574
Tensor_Longmen_A2025149.1712.npz,2025,149,2025149,1712,LM,False,,"[64, 64]",144.36,132.67,,,,"Train,Train_no_overlap,Val_phase4",train_grp,True,False,False,True,False,True,LM_2025149,0.341647
Tensor_Longmen_A2025150.1830.npz,2025,150,2025150,1830,LM,False,,"[64, 64]",130.52,123.78,,,,"Train,Train_no_overlap,Train_phase4",val_grp,True,False,False,True,True,False,LM_2025150,0.303492
Tensor_Longmen_A2025151.1812.npz,2025,151,2025151,1812,LM,False,,"[64, 64]",118.38,126.21,,,,"Train,Train_no_overlap,Train_phase4",train_grp,True,False,False,True,True,False,LM_2025151,0.328959
Tensor_Longmen_A2025152.1754.npz,2025,152,2025152,1754,LM,False,,"[64, 64]",106.62,128.36,,,,"Train,Train_no_overlap,Train_phase4",train_grp,True,False,False,True,True,False,LM_2025152,0.327696
Tensor_Longmen_A2025153.1736.npz,2025,153,2025153,1736,LM,False,,"[64, 64]",95.21,130.18,,,,"Train,Train_no_overlap,Train_phase4",train_grp,True,False,False,True,True,False,LM_2025153,0.325152
Tensor_Longmen_A2025154.1718.npz,2025,154,2025154,1718,LM,False,,"[64, 64]",84.06,131.64,,,,"Train,Train_no_overlap,Train_phase4",train_grp,True,False,False,True,True,False,LM_2025154,0.330333
Tensor_Longmen_A2025155.1836.npz,2025,155,2025155,1836,LM,False,,"[64, 64]",72.32,122.49,,,,"Train,Train_no_overlap,Train_phase4",train_grp,True,False,False,True,True,False,LM_2025155,0.305501
Tensor_Longmen_A2025156.1818.npz,2025,156,2025156,1818,LM,False,,"[64, 64]",61.6,125.0,,,,"Train,Train_no_overlap,Val_phase4",train_grp,True,False,False,True,False,True,LM_2025156,0.302693
Tensor_Longmen_A2025157.1800.npz,2025,157,2025157,1800,LM,False,,"[64, 64]",50.94,127.24,,,,"Train,Train_no_overlap,Train_phase4",train_grp,True,False,False,True,True,False,LM_2025157,0.287057
Tensor_Longmen_A2025158.1742.npz,2025,158,2025158,1742,LM,False,,"[64, 64]",40.28,129.17,,,,"Train,Train_no_overlap,Train_phase4",train_grp,True,False,False,True,True,False,LM_2025158,0.308155
Tensor_Longmen_A2025159.1724.npz,2025,159,2025159,1724,LM,False,,"[64, 64]",29.61,130.75,,,,"Train,Train_no_overlap,Train_phase4",train_grp,True,False,False,True,True,False,LM_2025159,0.326914
Tensor_Longmen_A2025161.1824.npz,2025,161,2025161,1824,LM,False,,"[64, 64]",8.69,123.94,,,,"Train,Train_no_overlap,Val_phase4",train_grp,True,False,False,True,False,True,LM_2025161,0.339624
Tensor_Longmen_A2025162.1806.npz,2025,162,2025162,1806,LM,False,,"[64, 64]",7.33,126.27,,,,"Train,Train_no_overlap,Train_phase4",train_grp,True,False,False,True,True,False,LM_2025162,0.336804
Tensor_Longmen_A2025163.1748.npz,2025,163,2025163,1748,LM,False,,"[64, 64]",17.02,128.31,,,,"Train,Train_no_overlap,Train_phase4",train_grp,True,False,False,True,True,False,LM_2025163,0.338799
Tensor_Longmen_A2025164.1730.npz,2025,164,2025164,1730,LM,False,,"[64, 64]",28.22,130.01,,,,"Train,Train_no_overlap,Train_phase4",train_grp,True,False,False,True,True,False,LM_2025164,0.331625
Tensor_Longmen_A2025165.1712.npz,2025,165,2025165,1712,LM,False,,"[64, 64]",39.84,131.34,,,,"Train,Train_no_overlap,Val_phase4",train_grp,True,False,False,True,False,True,LM_2025165,0.324057
Tensor_Longmen_A2025165.1854.npz,2025,165,2025165,1854,LM,False,,"[64, 64]",40.31,120.61,,,,"Train,Train_no_overlap,Train_phase4",train_grp,True,False,False,True,True,False,LM_2025165,0.339232
Tensor_Longmen_A2025166.1830.npz,2025,166,2025166,1830,LM,False,,"[64, 64]",52.26,123.01,,,,"Train,Train_no_overlap,Train_phase4",val_grp,True,False,False,True,True,False,LM_2025166,0.310941
Tensor_Longmen_A2025167.1812.npz,2025,167,2025167,1812,LM,False,,"[64, 64]",64.46,125.44,,,,"Train,Train_no_overlap,Train_phase4",val_grp,True,False,False,True,True,False,LM_2025167,0.316407
Tensor_Longmen_A2025168.1754.npz,2025,168,2025168,1754,LM,False,,"[64, 64]",76.91,127.59,,,,"Train,Train_no_overlap,Train_phase4",train_grp,True,False,False,True,True,False,LM_2025168,0.330322
Tensor_Longmen_A2025169.1736.npz,2025,169,2025169,1736,LM,False,,"[64, 64]",89.58,129.41,,,,"Train,Train_no_overlap,Train_phase4",train_grp,True,False,False,True,True,False,LM_2025169,0.330492
Tensor_Longmen_A2025170.1718.npz,2025,170,2025170,1718,LM,False,,"[64, 64]",102.48,130.88,,,,"Train,Train_no_overlap,Train_phase4",train_grp,True,False,False,True,True,False,LM_2025170,0.326183
Tensor_Longmen_A2025171.1836.npz,2025,171,2025171,1836,LM,False,,"[64, 64]",116.56,122.15,,,,"Train,Train_no_overlap,Train_phase4",train_grp,True,False,False,True,True,False,LM_2025171,0.319141
Tensor_Longmen_A2025172.1818.npz,2025,172,2025172,1818,LM,False,,"[64, 64]",129.94,124.74,,,,"Train,Train_no_overlap,Train_phase4",train_grp,True,False,False,True,True,False,LM_2025172,0.317861
Tensor_Longmen_A2025173.1800.npz,2025,173,2025173,1800,LM,False,,"[64, 64]",143.39,126.99,,,,"Train,Train_no_overlap,Train_phase4",val_grp,True,False,False,True,True,False,LM_2025173,0.325955
Tensor_Longmen_A2025174.1742.npz,2025,174,2025174,1742,LM,False,,"[64, 64]",156.77,128.94,,,,"Train,Train_no_overlap,Train_phase4",train_grp,True,False,False,True,True,False,LM_2025174,0.322971
Tensor_Longmen_A2025175.1724.npz,2025,175,2025175,1724,LM,False,,"[64, 64]",169.69,130.54,,,,"Train,Train_no_overlap,Train_phase4",val_grp,True,False,False,True,True,False,LM_2025175,0.279068
Tensor_Longmen_A2025177.1824.npz,2025,177,2025177,1824,LM,False,,"[64, 64]",161.5,124.16,,,,"Train,Train_no_overlap,Val_phase4",train_grp,True,False,False,True,False,True,LM_2025177,0.315587
Tensor_Longmen_A2025178.1806.npz,2025,178,2025178,1806,LM,False,,"[64, 64]",149.13,126.53,,,,"Train,Train_no_overlap,Train_phase4",train_grp,True,False,False,True,True,False,LM_2025178,0.328992
Tensor_Longmen_A2025179.1748.npz,2025,179,2025179,1748,LM,False,,"[64, 64]",137.05,128.6,,,,"Train,Train_no_overlap,Val_phase4",val_grp,True,False,False,True,False,True,LM_2025179,0.336787
Tensor_Longmen_A2025180.1730.npz,2025,180,2025180,1730,LM,False,,"[64, 64]",125.3,130.34,,,,"Train,Train_no_overlap,Train_phase4",val_grp,True,False,False,True,True,False,LM_2025180,0.31822
Tensor_Longmen_A2025181.1712.npz,2025,181,2025181,1712,LM,False,,"[64, 64]",113.89,131.7,,,,"Train,Train_no_overlap,Train_phase4",train_grp,True,False,False,True,True,False,LM_2025181,0.345205
Tensor_Longmen_A2025181.1854.npz,2025,181,2025181,1854,LM,False,,"[64, 64]",112.83,121.07,,,,"Train,Train_no_overlap,Train_phase4",train_grp,True,False,False,True,True,False,LM_2025181,0.342853
Tensor_Longmen_A2025182.1830.npz,2025,182,2025182,1830,LM,False,,"[64, 64]",101.78,123.69,,,,"Train,Train_no_overlap,Train_phase4",train_grp,True,False,False,True,True,False,LM_2025182,0.322132
Tensor_Longmen_A2025183.1812.npz,2025,183,2025183,1812,LM,False,,"[64, 64]",90.94,126.17,,,,"Train,Train_no_overlap,Train_phase4",train_grp,True,False,False,True,True,False,LM_2025183,0.307892
Tensor_Longmen_A2025189.1800.npz,2025,189,2025189,1800,LM,False,,"[64, 64]",25.66,128.25,,,,"Train,Train_no_overlap,Train_phase4",train_grp,True,False,False,True,True,False,LM_2025189,0.332765
Tensor_Longmen_A2025191.1724.npz,2025,191,2025191,1724,LM,False,,"[64, 64]",5.51,131.94,,,,"Train,Train_no_overlap,Val_phase4",train_grp,True,False,False,True,False,True,LM_2025191,0.348706
Tensor_Longmen_A2025193.1824.npz,2025,193,2025193,1824,LM,False,,"[64, 64]",23.02,125.73,,,,"Train,Train_no_overlap,Train_phase4",train_grp,True,False,False,True,True,False,LM_2025193,0.326254
Tensor_Longmen_A2025194.1806.npz,2025,194,2025194,1806,LM,False,,"[64, 64]",35.24,128.2,,,,"Train,Train_no_overlap,Train_phase4",train_grp,True,False,False,True,True,False,LM_2025194,0.324401
Tensor_Longmen_A2025195.1748.npz,2025,195,2025195,1748,LM,False,,"[64, 64]",47.76,130.37,,,,"Train,Train_no_overlap,Train_phase4",val_grp,True,False,False,True,True,False,LM_2025195,0.32615
Tensor_Longmen_A2025196.1730.npz,2025,196,2025196,1730,LM,False,,"[64, 64]",60.48,132.21,,,,"Train,Train_no_overlap,Train_phase4",train_grp,True,False,False,True,True,False,LM_2025196,0.310094
Tensor_Longmen_A2025197.1712.npz,2025,197,2025197,1712,LM,False,,"[64, 64]",73.35,133.66,,,,"Train,Train_no_overlap,Val_phase4",train_grp,True,False,False,True,False,True,LM_2025197,0.343402
Tensor_Longmen_A2025197.1854.npz,2025,197,2025197,1854,LM,False,,"[64, 64]",74.02,122.75,,,,"Train,Train_no_overlap,Val_phase4",train_grp,True,False,False,True,False,True,LM_2025197,0.333123
Tensor_Longmen_A2025198.1830.npz,2025,198,2025198,1830,LM,False,,"[64, 64]",87.1,125.6,,,,"Train,Train_no_overlap,Train_phase4",val_grp,True,False,False,True,True,False,LM_2025198,0.314063
Tensor_Longmen_A2025199.1812.npz,2025,199,2025199,1812,LM,False,,"[64, 64]",100.27,128.2,,,,"Train,Train_no_overlap,Train_phase4",train_grp,True,False,False,True,True,False,LM_2025199,0.317723
Tensor_Longmen_A2025200.1754.npz,2025,200,2025200,1754,LM,False,,"[64, 64]",113.47,130.53,,,,"Train,Train_no_overlap,Val_phase4",val_grp,True,False,False,True,False,True,LM_2025200,0.330661
Tensor_Longmen_A2025201.1736.npz,2025,201,2025201,1736,LM,False,,"[64, 64]",126.66,132.54,,,,"Train,Train_no_overlap,Train_phase4",train_grp,True,False,False,True,True,False,LM_2025201,0.322003
Tensor_Longmen_A2025202.1718.npz,2025,202,2025202,1718,LM,False,,"[64, 64]",139.79,134.18,,,,"Train,Train_no_overlap,Val_phase4",train_grp,True,False,False,True,False,True,LM_2025202,0.330159
Tensor_Longmen_A2025203.1836.npz,2025,203,2025203,1836,LM,False,,"[64, 64]",153.91,125.23,,,,"Train,Train_no_overlap,Train_phase4",train_grp,True,False,False,True,True,False,LM_2025203,0.304369
Tensor_Longmen_A2025204.1818.npz,2025,204,2025204,1818,LM,False,,"[64, 64]",166.64,128.26,,,,"Train,Train_no_overlap,Train_phase4",train_grp,True,False,False,True,True,False,LM_2025204,0.300288
Tensor_Longmen_A2025205.1800.npz,2025,205,2025205,1800,LM,False,,"[64, 64]",176.77,130.75,,,,"Train,Train_no_overlap,Val_phase4",train_grp,True,False,False,True,False,True,LM_2025205,0.28629
Tensor_Longmen_A2025206.1742.npz,2025,206,2025206,1742,LM,False,,"[64, 64]",167.55,132.93,,,,"Train,Train_no_overlap,Val_phase4",train_grp,True,False,False,True,False,True,LM_2025206,0.303757
Tensor_Longmen_A2025207.1724.npz,2025,207,2025207,1724,LM,False,,"[64, 64]",155.74,134.75,,,,"Train,Train_no_overlap,Val_phase4",train_grp,True,False,False,True,False,True,LM_2025207,0.335697
Tensor_Longmen_A2025209.1824.npz,2025,209,2025209,1824,LM,False,,"[64, 64]",131.67,128.34,,,,"Train,Train_no_overlap,Train_phase4",val_grp,True,False,False,True,True,False,LM_2025209,0.321802
Tensor_Longmen_A2025210.1806.npz,2025,210,2025210,1806,LM,False,,"[64, 64]",120.63,130.99,,,,"Train,Train_no_overlap,Train_phase4",val_grp,True,False,False,True,True,False,LM_2025210,0.323596
Tensor_Longmen_A2025211.1748.npz,2025,211,2025211,1748,LM,False,,"[64, 64]",109.8,133.34,,,,"Train,Train_no_overlap,Train_phase4",train_grp,True,False,False,True,True,False,LM_2025211,0.294978
Tensor_Longmen_A2025212.1730.npz,2025,212,2025212,1730,LM,False,,"[64, 64]",99.11,135.35,,,,"Train,Train_no_overlap,Train_phase4",train_grp,True,False,False,True,True,False,LM_2025212,0.314904
Tensor_Longmen_A2025213.1712.npz,2025,213,2025213,1712,LM,False,,"[64, 64]",88.46,136.98,,,,"Train,Train_no_overlap,Train_phase4",train_grp,True,False,False,True,True,False,LM_2025213,0.338473
Tensor_Longmen_A2025213.1854.npz,2025,213,2025213,1854,LM,False,,"[64, 64]",87.58,125.37,,,,"Train,Train_no_overlap,Train_phase4",train_grp,True,False,False,True,True,False,LM_2025213,0.332891
Tensor_Longmen_A2025214.1830.npz,2025,214,2025214,1830,LM,False,,"[64, 64]",76.98,128.41,,,,"Train,Train_no_overlap,Train_phase4",train_grp,True,False,False,True,True,False,LM_2025214,0.307893
Tensor_Longmen_A2025215.1812.npz,2025,215,2025215,1812,LM,False,,"[64, 64]",66.27,131.21,,,,"Train,Train_no_overlap,Train_phase4",train_grp,True,False,False,True,True,False,LM_2025215,0.327179
Tensor_Longmen_A2025217.1736.npz,2025,217,2025217,1736,LM,False,,"[64, 64]",44.19,135.97,,,,"Train,Train_no_overlap,Train_phase4",train_grp,True,False,False,True,True,False,LM_2025217,0.328204
Tensor_Longmen_A2025218.1718.npz,2025,218,2025218,1718,LM,False,,"[64, 64]",32.72,137.81,,,,"Train,Train_no_overlap,Val_phase4",train_grp,True,False,False,True,False,True,LM_2025218,0.328419
Tensor_Longmen_A2025219.1836.npz,2025,219,2025219,1836,LM,False,,"[64, 64]",20.35,128.2,,,,"Train,Train_no_overlap,Val_phase4",train_grp,True,False,False,True,False,True,LM_2025219,0.299725
Tensor_Longmen_A2025220.1818.npz,2025,220,2025220,1818,LM,False,,"[64, 64]",8.52,131.42,,,,"Train,Train_no_overlap,Train_phase4",train_grp,True,False,False,True,True,False,LM_2025220,0.290289
Tensor_Longmen_A2025221.1800.npz,2025,221,2025221,1800,LM,False,,"[64, 64]",5.58,134.14,,,,"Train,Train_no_overlap,Train_phase4",train_grp,True,False,False,True,True,False,LM_2025221,0.300749
Tensor_Longmen_A2025222.1742.npz,2025,222,2025222,1742,LM,False,,"[64, 64]",17.72,136.56,,,,"Train,Train_no_overlap,Train_phase4",train_grp,True,False,False,True,True,False,LM_2025222,0.316381
Tensor_Longmen_A2025225.1824.npz,2025,225,2025225,1824,LM,False,,"[64, 64]",57.7,131.59,,,,"Train,Train_no_overlap,Val_phase4",train_grp,True,False,False,True,False,True,LM_2025225,0.324819
Tensor_Longmen_A2025226.1806.npz,2025,226,2025226,1806,LM,False,,"[64, 64]",71.02,134.49,,,,"Train,Train_no_overlap,Val_phase4",train_grp,True,False,False,True,False,True,LM_2025226,0.350048
Tensor_Longmen_A2025227.1748.npz,2025,227,2025227,1748,LM,False,,"[64, 64]",84.29,137.12,,,,"Train,Train_no_overlap,Train_phase4",train_grp,True,False,False,True,True,False,LM_2025227,0.321715
Tensor_Longmen_A2025228.1730.npz,2025,228,2025228,1730,LM,False,,"[64, 64]",97.45,139.4,,,,"Train,Train_no_overlap,Train_phase4",train_grp,True,False,False,True,True,False,LM_2025228,0.291907
Tensor_Longmen_A2025229.1712.npz,2025,229,2025229,1712,LM,False,,"[64, 64]",110.46,141.29,,,,"Train,Train_no_overlap,Train_phase4",train_grp,True,False,False,True,True,False,LM_2025229,0.334163
Tensor_Longmen_A2025229.1854.npz,2025,229,2025229,1854,LM,False,,"[64, 64]",111.35,128.44,,,,"Train,Train_no_overlap,Train_phase4",train_grp,True,False,False,True,True,False,LM_2025229,0.332135
Tensor_Longmen_A2025230.1830.npz,2025,230,2025230,1830,LM,False,,"[64, 64]",124.29,131.69,,,,"Train,Train_no_overlap,Train_phase4",train_grp,True,False,False,True,True,False,LM_2025230,0.320128
Tensor_Longmen_A2025231.1812.npz,2025,231,2025231,1812,LM,False,,"[64, 64]",137.03,134.77,,,,"Train,Train_no_overlap,Val_phase4",val_grp,True,False,False,True,False,True,LM_2025231,0.312291
Tensor_Longmen_A2025232.1754.npz,2025,232,2025232,1754,LM,False,,"[64, 64]",149.55,137.6,,,,"Train,Train_no_overlap,Val_phase4",val_grp,True,False,False,True,False,True,LM_2025232,0.327502
Tensor_Longmen_A2025233.1736.npz,2025,233,2025233,1736,LM,False,,"[64, 64]",161.81,140.12,,,,"Train,Train_no_overlap,Train_phase4",train_grp,True,False,False,True,True,False,LM_2025233,0.316858
Tensor_Longmen_A2025234.1718.npz,2025,234,2025234,1718,LM,False,,"[64, 64]",173.75,142.25,,,,"Train,Train_no_overlap,Val_phase4",train_grp,True,False,False,True,False,True,LM_2025234,0.321068
Tensor_Longmen_A2025267.1842.npz,2025,267,2025267,1842,LM,False,,"[64, 64]",146.71,137.35,,,,"Train,Train_no_overlap,Train_phase4",train_grp,True,False,False,True,True,False,LM_2025267,0.321889
Tensor_Longmen_A2025268.1824.npz,2025,268,2025268,1824,LM,False,,"[64, 64]",136.17,141.32,,,,"Train,Train_no_overlap,Val_phase4",train_grp,True,False,False,True,False,True,LM_2025268,0.325852
Tensor_Longmen_A2025269.1800.npz,2025,269,2025269,1800,LM,False,,"[64, 64]",125.68,145.03,,,,"Train,Train_no_overlap,Val_phase4",train_grp,True,False,False,True,False,True,LM_2025269,0.32834
Tensor_Longmen_A2025270.1742.npz,2025,270,2025270,1742,LM,False,,"[64, 64]",115.17,148.64,,,,"Train,Train_no_overlap,Train_phase4",train_grp,True,False,False,True,True,False,LM_2025270,0.278281
Tensor_Longmen_A2025271.1724.npz,2025,271,2025271,1724,LM,False,,"[64, 64]",104.57,151.97,,,,"Train,Train_no_overlap,Val_phase4",train_grp,True,False,False,True,False,True,LM_2025271,0.327231
Tensor_Longmen_A2025272.1848.npz,2025,272,2025272,1848,LM,False,,"[64, 64]",92.85,136.76,,,,"Train,Train_no_overlap,Train_phase4",train_grp,True,False,False,True,True,False,LM_2025272,0.310067
Tensor_Longmen_A2025273.1830.npz,2025,273,2025273,1830,LM,False,,"[64, 64]",81.86,140.8,,,,"Train,Train_no_overlap,Train_phase4",train_grp,True,False,False,True,True,False,LM_2025273,0.31613
Tensor_Longmen_A2025275.1748.npz,2025,275,2025275,1748,LM,False,,"[64, 64]",58.75,148.53,,,,"Train,Train_no_overlap,Val_phase4",val_grp,True,False,False,True,False,True,LM_2025275,0.300259
Tensor_Longmen_A2025276.1730.npz,2025,276,2025276,1730,LM,False,,"[64, 64]",46.48,152.12,,,,"Train,Train_no_overlap,Train_phase4",train_grp,True,False,False,True,True,False,LM_2025276,0.276444
Tensor_Longmen_A2025277.1712.npz,2025,277,2025277,1712,LM,False,,"[64, 64]",33.7,155.42,,,,"Train,Train_no_overlap,Train_phase4",train_grp,True,False,False,True,True,False,LM_2025277,0.319406
Tensor_Longmen_A2025277.1854.npz,2025,277,2025277,1854,LM,False,,"[64, 64]",32.95,136.07,,,,"Train,Train_no_overlap,Train_phase4",train_grp,True,False,False,True,True,False,LM_2025277,0.331031
Tensor_Longmen_A2025278.1836.npz,2025,278,2025278,1836,LM,False,,"[64, 64]",19.76,140.2,,,,"Train,Train_no_overlap,Train_phase4",val_grp,True,False,False,True,True,False,LM_2025278,0.337624
Tensor_Longmen_A2025279.1818.npz,2025,279,2025279,1818,LM,False,,"[64, 64]",6.35,144.33,,,,"Train,Train_no_overlap,Val_phase4",train_grp,True,False,False,True,False,True,LM_2025279,0.2958
Tensor_Longmen_A2025280.1754.npz,2025,280,2025280,1754,LM,False,,"[64, 64]",8.36,148.23,,,,"Train,Train_no_overlap,Train_phase4",train_grp,True,False,False,True,True,False,LM_2025280,0.299928
Tensor_Longmen_A2025281.1736.npz,2025,281,2025281,1736,LM,False,,"[64, 64]",22.31,152.04,,,,"Train,Train_no_overlap,Train_phase4",train_grp,True,False,False,True,True,False,LM_2025281,0.283068
Tensor_Longmen_A2025282.1718.npz,2025,282,2025282,1718,LM,False,,"[64, 64]",36.38,155.63,,,,"Train,Train_no_overlap,Train_phase4",train_grp,True,False,False,True,True,False,LM_2025282,0.290748
Tensor_Longmen_A2025283.1842.npz,2025,283,2025283,1842,LM,False,,"[64, 64]",50.89,139.51,,,,"Train,Train_no_overlap,Train_phase4",train_grp,True,False,False,True,True,False,LM_2025283,0.291415
Tensor_Longmen_A2025284.1824.npz,2025,284,2025284,1824,LM,False,,"[64, 64]",64.49,143.67,,,,"Train,Train_no_overlap,Train_phase4",val_grp,True,False,False,True,True,False,LM_2025284,0.285598
Tensor_Longmen_A2025286.1742.npz,2025,286,2025286,1742,LM,False,,"[64, 64]",90.49,151.75,,,,"Train,Train_no_overlap,Train_phase4",train_grp,True,False,False,True,True,False,LM_2025286,0.314323
Tensor_Longmen_A2025287.1724.npz,2025,287,2025287,1724,LM,False,,"[64, 64]",102.86,155.56,,,,"Train,Train_no_overlap,Train_phase4",train_grp,True,False,False,True,True,False,LM_2025287,0.310913
Tensor_Longmen_A2025288.1848.npz,2025,288,2025288,1848,LM,False,,"[64, 64]",115.65,138.71,,,,"Train,Train_no_overlap,Val_phase4",val_grp,True,False,False,True,False,True,LM_2025288,0.302294
Tensor_Longmen_A2025289.1830.npz,2025,289,2025289,1830,LM,False,,"[64, 64]",127.37,142.95,,,,"Train,Train_no_overlap,Train_phase4",train_grp,True,False,False,True,True,False,LM_2025289,0.314935
Tensor_Longmen_A2025290.1812.npz,2025,290,2025290,1812,LM,False,,"[64, 64]",138.78,147.24,,,,"Train,Train_no_overlap,Train_phase4",train_grp,True,False,False,True,True,False,LM_2025290,0.285561
Tensor_Longmen_A2025291.1748.npz,2025,291,2025291,1748,LM,False,,"[64, 64]",149.91,151.27,,,,"Train,Train_no_overlap,Train_phase4",train_grp,True,False,False,True,True,False,LM_2025291,0.304137
Tensor_Longmen_A2025292.1730.npz,2025,292,2025292,1730,LM,False,,"[64, 64]",160.77,155.28,,,,"Train,Train_no_overlap,Train_phase4",train_grp,True,False,False,True,True,False,LM_2025292,0.328224
Tensor_Longmen_A2025293.1712.npz,2025,293,2025293,1712,LM,False,,"[64, 64]",171.19,159.1,,,,"Train,Train_no_overlap,Train_phase4",train_grp,True,False,False,True,True,False,LM_2025293,0.315632
Tensor_Longmen_A2025293.1854.npz,2025,293,2025293,1854,LM,False,,"[64, 64]",172.17,137.85,,,,"Train,Train_no_overlap,Val_phase4",train_grp,True,False,False,True,False,True,LM_2025293,0.319792
Tensor_Longmen_A2025294.1836.npz,2025,294,2025294,1836,LM,False,,"[64, 64]",175.11,142.15,,,,"Train,Train_no_overlap,Val_phase4",train_grp,True,False,False,True,False,True,LM_2025294,0.313614
Tensor_Longmen_A2025295.1818.npz,2025,295,2025295,1818,LM,False,,"[64, 64]",165.45,146.42,,,,"Train,Train_no_overlap,Train_phase4",train_grp,True,False,False,True,True,False,LM_2025295,0.334505
Tensor_Longmen_A2025296.1754.npz,2025,296,2025296,1754,LM,False,,"[64, 64]",155.11,150.59,,,,"Train,Train_no_overlap,Train_phase4",train_grp,True,False,False,True,True,False,LM_2025296,0.33362
Tensor_Longmen_A2025297.1736.npz,2025,297,2025297,1736,LM,False,,"[64, 64]",144.72,154.8,,,,"Train,Train_no_overlap,Train_phase4",train_grp,True,False,False,True,True,False,LM_2025297,0.312402
Tensor_Longmen_A2025298.1718.npz,2025,298,2025298,1718,LM,False,,"[64, 64]",134.29,158.83,,,,"Train,Train_no_overlap,Val_phase4",train_grp,True,False,False,True,False,True,LM_2025298,0.301739
Tensor_Longmen_A2025299.1842.npz,2025,299,2025299,1842,LM,False,,"[64, 64]",122.71,141.29,,,,"Train,Train_no_overlap,Train_phase4",train_grp,True,False,False,True,True,False,LM_2025299,0.293542
Tensor_Longmen_A2025300.1824.npz,2025,300,2025300,1824,LM,False,,"[64, 64]",112.05,145.61,,,,"Train,Train_no_overlap,Train_phase4",val_grp,True,False,False,True,True,False,LM_2025300,0.321608
Tensor_Longmen_A2025302.1742.npz,2025,302,2025302,1742,LM,False,,"[64, 64]",89.99,154.17,,,,"Train,Train_no_overlap,Train_phase4",train_grp,True,False,False,True,True,False,LM_2025302,0.308375
Tensor_Longmen_A2025303.1724.npz,2025,303,2025303,1724,LM,False,,"[64, 64]",78.41,158.34,,,,"Train,Train_no_overlap,Val_phase4",train_grp,True,False,False,True,False,True,LM_2025303,0.33779
Tensor_Longmen_A2025304.1848.npz,2025,304,2025304,1848,LM,False,,"[64, 64]",65.46,140.38,,,,"Train,Train_no_overlap,Train_phase4",val_grp,True,False,False,True,True,False,LM_2025304,0.298003
Tensor_Longmen_A2025305.1830.npz,2025,305,2025305,1830,LM,False,,"[64, 64]",52.95,144.74,,,,"Train,Train_no_overlap,Val_phase4",val_grp,True,False,False,True,False,True,LM_2025305,0.325886
Tensor_Longmen_A2025306.1812.npz,2025,306,2025306,1812,LM,False,,"[64, 64]",39.92,149.09,,,,"Train,Train_no_overlap,Train_phase4",train_grp,True,False,False,True,True,False,LM_2025306,0.331588
Tensor_Longmen_A2025307.1748.npz,2025,307,2025307,1748,LM,False,,"[64, 64]",26.42,153.41,,,,"Train,Train_no_overlap,Val_phase4",train_grp,True,False,False,True,False,True,LM_2025307,0.324924
Tensor_Longmen_A2025308.1730.npz,2025,308,2025308,1730,LM,False,,"[64, 64]",12.76,157.69,,,,"Train,Train_no_overlap,Train_phase4",train_grp,True,False,False,True,True,False,LM_2025308,0.31096
Tensor_Longmen_A2025309.1712.npz,2025,309,2025309,1712,LM,False,,"[64, 64]",4.83,161.89,,,,"Train,Train_no_overlap,Train_phase4",train_grp,True,False,False,True,True,False,LM_2025309,0.307937
Tensor_Longmen_A2025309.1854.npz,2025,309,2025309,1854,LM,False,,"[64, 64]",5.22,139.45,,,,"Train,Train_no_overlap,Train_phase4",train_grp,True,False,False,True,True,False,LM_2025309,0.30309
Tensor_Longmen_A2025310.1836.npz,2025,310,2025310,1836,LM,False,,"[64, 64]",17.8,143.83,,,,"Train,Train_no_overlap,Val_phase4",train_grp,True,False,False,True,False,True,LM_2025310,0.313418
Tensor_Longmen_A2025311.1818.npz,2025,311,2025311,1818,LM,False,,"[64, 64]",31.79,148.2,,,,"Train,Train_no_overlap,Val_phase4",val_grp,True,False,False,True,False,True,LM_2025311,0.312573
Tensor_Longmen_A2025313.1736.npz,2025,313,2025313,1736,LM,False,,"[64, 64]",59.05,156.92,,,,"Train,Train_no_overlap,Train_phase4",train_grp,True,False,False,True,True,False,LM_2025313,0.318182
Tensor_Longmen_A2025314.1718.npz,2025,314,2025314,1718,LM,False,,"[64, 64]",72.01,161.23,,,,"Train,Train_no_overlap,Train_phase4",train_grp,True,False,False,True,True,False,LM_2025314,0.322291
Tensor_Longmen_A2025317.1806.npz,2025,317,2025317,1806,LM,False,,"[64, 64]",108.79,151.72,,,,"Train,Train_no_overlap,Train_phase4",val_grp,True,False,False,True,True,False,LM_2025317,0.322861
Tensor_Longmen_A2025318.1742.npz,2025,318,2025318,1742,LM,False,,"[64, 64]",120.05,156.09,,,,"Train,Train_no_overlap,Train_phase4",train_grp,True,False,False,True,True,False,LM_2025318,0.296363
Tensor_Longmen_A2025319.1724.npz,2025,319,2025319,1724,LM,False,,"[64, 64]",131.02,160.45,,,,"Train,Train_no_overlap,Train_phase4",train_grp,True,False,False,True,True,False,LM_2025319,0.289073
Tensor_Longmen_A2025320.1848.npz,2025,320,2025320,1848,LM,False,,"[64, 64]",142.67,142.01,,,,"Train,Train_no_overlap,Val_phase4",val_grp,True,False,False,True,False,True,LM_2025320,0.299345
Tensor_Longmen_A2025321.1830.npz,2025,321,2025321,1830,LM,False,,"[64, 64]",153.25,146.4,,,,"Train,Train_no_overlap,Val_phase4",train_grp,True,False,False,True,False,True,LM_2025321,0.319565
Tensor_Longmen_A2025322.1812.npz,2025,322,2025322,1812,LM,False,,"[64, 64]",163.57,150.81,,,,"Train,Train_no_overlap,Train_phase4",train_grp,True,False,False,True,True,False,LM_2025322,0.328269
Tensor_Longmen_A2025323.1748.npz,2025,323,2025323,1748,LM,False,,"[64, 64]",172.95,155.2,,,,"Train,Train_no_overlap,Train_phase4",train_grp,True,False,False,True,True,False,LM_2025323,0.327552
Tensor_Longmen_A2025324.1730.npz,2025,324,2025324,1730,LM,False,,"[64, 64]",172.94,159.6,,,,"Train,Train_no_overlap,Train_phase4",train_grp,True,False,False,True,True,False,LM_2025324,0.306928
Tensor_Longmen_A2025325.1854.npz,2025,325,2025325,1854,LM,False,,"[64, 64]",162.54,141.09,,,,"Train,Train_no_overlap,Train_phase4",train_grp,True,False,False,True,True,False,LM_2025325,0.323331
Tensor_Longmen_A2025326.1836.npz,2025,326,2025326,1836,LM,False,,"[64, 64]",152.26,145.48,,,,"Train,Train_no_overlap,Train_phase4",train_grp,True,False,False,True,True,False,LM_2025326,0.302206
Tensor_Longmen_A2025327.1818.npz,2025,327,2025327,1818,LM,False,,"[64, 64]",141.78,149.87,,,,"Train,Train_no_overlap,Val_phase4",train_grp,True,False,False,True,False,True,LM_2025327,0.317688
Tensor_Longmen_A2025328.1800.npz,2025,328,2025328,1800,LM,False,,"[64, 64]",131.13,154.3,,,,"Train,Train_no_overlap,Train_phase4",train_grp,True,False,False,True,True,False,LM_2025328,0.305211
Tensor_Longmen_A2025329.1736.npz,2025,329,2025329,1736,LM,False,,"[64, 64]",120.28,158.68,,,,"Train,Train_no_overlap,Train_phase4",train_grp,True,False,False,True,True,False,LM_2025329,0.310487
Tensor_Longmen_A2025330.1718.npz,2025,330,2025330,1718,LM,False,,"[64, 64]",109.16,163.1,,,,"Train,Train_no_overlap,Train_phase4",train_grp,True,False,False,True,True,False,LM_2025330,0.310642
Tensor_Longmen_A2025331.1842.npz,2025,331,2025331,1842,LM,False,,"[64, 64]",96.68,144.56,,,,"Train,Train_no_overlap,Train_phase4",train_grp,True,False,False,True,True,False,LM_2025331,0.308085
Tensor_Longmen_A2025332.1824.npz,2025,332,2025332,1824,LM,False,,"[64, 64]",84.89,148.94,,,,"Train,Train_no_overlap,Train_phase4",train_grp,True,False,False,True,True,False,LM_2025332,0.283733
Tensor_Longmen_A2025333.1806.npz,2025,333,2025333,1806,LM,False,,"[64, 64]",72.64,153.34,,,,"Train,Train_no_overlap,Train_phase4",val_grp,True,False,False,True,True,False,LM_2025333,0.30224
Tensor_Longmen_A2025335.1724.npz,2025,335,2025335,1724,LM,False,,"[64, 64]",46.65,162.17,,,,"Train,Train_no_overlap,Train_phase4",train_grp,True,False,False,True,True,False,LM_2025335,0.336514
Tensor_Longmen_A2025336.1848.npz,2025,336,2025336,1848,LM,False,,"[64, 64]",32.23,143.65,,,,"Train,Train_no_overlap,Train_phase4",train_grp,True,False,False,True,True,False,LM_2025336,0.317974
Tensor_Longmen_A2025337.1830.npz,2025,337,2025337,1830,LM,False,,"[64, 64]",18.47,148.03,,,,"Train,Train_no_overlap,Train_phase4",train_grp,True,False,False,True,True,False,LM_2025337,0.297183
Tensor_Longmen_A2025338.1812.npz,2025,338,2025338,1812,LM,False,,"[64, 64]",6.14,152.43,,,,"Train,Train_no_overlap,Train_phase4",val_grp,True,False,False,True,True,False,LM_2025338,0.317561
Tensor_Longmen_A2025339.1754.npz,2025,339,2025339,1754,LM,False,,"[64, 64]",11.92,156.84,,,,"Train,Train_no_overlap,Val_phase4",train_grp,True,False,False,True,False,True,LM_2025339,0.329223
Tensor_Longmen_A2025340.1730.npz,2025,340,2025340,1730,LM,False,,"[64, 64]",25.4,161.25,,,,"Train,Train_no_overlap,Train_phase4",train_grp,True,False,False,True,True,False,LM_2025340,0.269168
Tensor_Longmen_A2025341.1712.npz,2025,341,2025341,1712,LM,False,,"[64, 64]",38.93,165.67,,,,"Train,Train_no_overlap,Train_phase4",val_grp,True,False,False,True,True,False,LM_2025341,0.301977
Tensor_Longmen_A2025341.1854.npz,2025,341,2025341,1854,LM,False,,"[64, 64]",39.48,142.77,,,,"Train,Train_no_overlap,Val_phase4",val_grp,True,False,False,True,False,True,LM_2025341,0.299068
Tensor_Longmen_A2025342.1836.npz,2025,342,2025342,1836,LM,False,,"[64, 64]",52.64,147.14,,,,"Train,Train_no_overlap,Val_phase4",val_grp,True,False,False,True,False,True,LM_2025342,0.278629
Tensor_Longmen_A2025343.1818.npz,2025,343,2025343,1818,LM,False,,"[64, 64]",65.32,151.52,,,,"Train,Train_no_overlap,Train_phase4",train_grp,True,False,False,True,True,False,LM_2025343,0.287714
Tensor_Longmen_A2025344.1800.npz,2025,344,2025344,1800,LM,False,,"[64, 64]",77.5,155.92,,,,"Train,Train_no_overlap,Train_phase4",val_grp,True,False,False,True,True,False,LM_2025344,0.318107
Tensor_Longmen_A2025346.1718.npz,2025,346,2025346,1718,LM,False,,"[64, 64]",100.5,164.77,,,,"Train,Train_no_overlap,Train_phase4",train_grp,True,False,False,True,True,False,LM_2025346,0.339419
Tensor_Longmen_A2025347.1842.npz,2025,347,2025347,1842,LM,False,,"[64, 64]",112.23,146.27,,,,"Train,Train_no_overlap,Train_phase4",train_grp,True,False,False,True,True,False,LM_2025347,0.310835
Tensor_Longmen_A2025348.1824.npz,2025,348,2025348,1824,LM,False,,"[64, 64]",123.02,150.64,,,,"Train,Train_no_overlap,Val_phase4",train_grp,True,False,False,True,False,True,LM_2025348,0.274337
Tensor_Longmen_A2025349.1806.npz,2025,349,2025349,1806,LM,False,,"[64, 64]",133.63,155.03,,,,"Train,Train_no_overlap,Val_phase4",train_grp,True,False,False,True,False,True,LM_2025349,0.30769
Tensor_Longmen_A2025350.1748.npz,2025,350,2025350,1748,LM,False,,"[64, 64]",144.11,159.44,,,,"Train,Train_no_overlap,Val_phase4",train_grp,True,False,False,True,False,True,LM_2025350,0.322353
Tensor_Longmen_A2025351.1724.npz,2025,351,2025351,1724,LM,False,,"[64, 64]",154.48,163.86,,,,"Train,Train_no_overlap,Val_phase4",train_grp,True,False,False,True,False,True,LM_2025351,0.309311
Tensor_Longmen_A2025352.1848.npz,2025,352,2025352,1848,LM,False,,"[64, 64]",165.63,145.39,,,,"Train,Train_no_overlap,Train_phase4",val_grp,True,False,False,True,True,False,LM_2025352,0.310429
Tensor_Longmen_A2025353.1830.npz,2025,353,2025353,1830,LM,False,,"[64, 64]",174.37,149.76,,,,"Train,Train_no_overlap,Train_phase4",train_grp,True,False,False,True,True,False,LM_2025353,0.314228
Tensor_Longmen_A2025354.1812.npz,2025,354,2025354,1812,LM,False,,"[64, 64]",170.89,154.15,,,,"Train,Train_no_overlap,Train_phase4",train_grp,True,False,False,True,True,False,LM_2025354,0.292196
Tensor_Longmen_A2025355.1754.npz,2025,355,2025355,1754,LM,False,,"[64, 64]",160.87,158.55,,,,"Train,Train_no_overlap,Train_phase4",train_grp,True,False,False,True,True,False,LM_2025355,0.316365
Tensor_Longmen_A2025357.1854.npz,2025,357,2025357,1854,LM,False,,"[64, 64]",138.09,144.51,,,,"Train,Train_no_overlap,Train_phase4",train_grp,True,False,False,True,True,False,LM_2025357,0.309763
Tensor_Longmen_A2025358.1836.npz,2025,358,2025358,1836,LM,False,,"[64, 64]",126.89,148.86,,,,"Train,Train_no_overlap,Train_phase4",train_grp,True,False,False,True,True,False,LM_2025358,0.293896
Tensor_Longmen_A2025359.1818.npz,2025,359,2025359,1818,LM,False,,"[64, 64]",115.42,153.24,,,,"Train,Train_no_overlap,Train_phase4",train_grp,True,False,False,True,True,False,LM_2025359,0.312082
Tensor_Longmen_A2025360.1800.npz,2025,360,2025360,1800,LM,False,,"[64, 64]",103.65,157.63,,,,"Train,Train_no_overlap,Train_phase4",val_grp,True,False,False,True,True,False,LM_2025360,0.316507
Tensor_Longmen_A2025361.1742.npz,2025,361,2025361,1742,LM,False,,"[64, 64]",91.53,162.03,,,,"Train,Train_no_overlap,Train_phase4",train_grp,True,False,False,True,True,False,LM_2025361,0.313337
Tensor_Longmen_A2025362.1718.npz,2025,362,2025362,1718,LM,False,,"[64, 64]",79.01,166.46,,,,"Train,Train_no_overlap,Train_phase4",train_grp,True,False,False,True,True,False,LM_2025362,0.298406
Tensor_Longmen_A2025363.1842.npz,2025,363,2025363,1842,LM,False,,"[64, 64]",65.17,147.94,,,,"Train,Train_no_overlap,Val_phase4",train_grp,True,False,False,True,False,True,LM_2025363,0.273474
Tensor_Longmen_A2025364.1824.npz,2025,364,2025364,1824,LM,False,,"[64, 64]",51.92,152.3,,,,"Train,Train_no_overlap,Train_phase4",train_grp,True,False,False,True,True,False,LM_2025364,0.318928
Tensor_Longmen_A2025365.1806.npz,2025,365,2025365,1806,LM,False,,"[64, 64]",38.34,156.68,,,,"Train,Train_no_overlap,Val_phase4",train_grp,True,False,False,True,False,True,LM_2025365,0.299087
Tensor_Longmen_A2026001.1748.npz,2026,1,2026001,1748,LM,False,,"[64, 64]",24.57,161.09,,,,"Train,Train_no_overlap,Train_phase4",train_grp,True,False,False,True,True,False,LM_2026001,0.311083
Tensor_Changsha_A2022024.1842.npz,2022,24,2022024,1842,CS,True,0.0,"[64, 64]",80.67,149.98,260.9710998535156,0.09829261153936386,3.0,Test,test,False,True,False,False,False,False,CS_2022024,0.0
Tensor_Changsha_A2022025.1824.npz,2022,25,2022025,1824,CS,True,0.0,"[64, 64]",93.28,153.95,259.5334167480469,4.561690807342529,3.0,Test,test,False,True,False,False,False,False,CS_2022025,0.0
Tensor_Changsha_A2022054.1742.npz,2022,54,2022054,1742,CS,True,0.0,"[64, 64]",88.14,156.47,272.5811767578125,0.33305469155311584,1.0,Test,test,False,True,False,False,False,False,CS_2022054,0.0
Tensor_Changsha_A2024001.1748.npz,2024,1,2024001,1748,CS,True,0.0,"[64, 64]",64.53,161.74,255.04647827148438,0.45896434783935547,3.0,Test,test,False,True,False,False,False,False,CS_2024001,0.0
Tensor_Changsha_A2024003.1848.npz,2024,3,2024003,1848,CS,True,0.0,"[64, 64]",86.65,148.19,274.4929504394531,1.5964415073394775,0.0,Test,test,False,True,False,False,False,False,CS_2024003,0.0
Tensor_Changsha_A2024004.1830.npz,2024,4,2024004,1830,CS,True,0.0,"[64, 64]",97.61,152.38,266.4781494140625,1.4302940368652344,3.0,Test,test,False,True,False,False,False,False,CS_2024004,0.0
Tensor_Changsha_A2024005.1812.npz,2024,5,2024005,1812,CS,True,0.0,"[64, 64]",108.74,156.55,267.90655517578125,1.3040698766708374,3.0,Test,test,False,True,False,False,False,False,CS_2024005,0.0
Tensor_Changsha_A2025038.1830.npz,2025,38,2025038,1830,CS,True,1.0,"[64, 64]",59.5,151.04,260.3499755859375,0.6200807094573975,3.0,Test,test,False,True,False,False,False,False,CS_2025038,0.0
Tensor_Changsha_A2025039.1812.npz,2025,39,2025039,1812,CS,True,1.0,"[64, 64]",47.08,154.65,270.27606201171875,0.7010955810546875,1.0,Test,test,False,True,False,False,False,False,CS_2025039,0.0
Tensor_Changsha_A2025040.1754.npz,2025,40,2025040,1754,CS,True,0.0,"[64, 64]",34.78,158.0,261.18084716796875,0.10693441331386566,3.0,Test,test,False,True,False,False,False,False,CS_2025040,0.0
Tensor_Changsha_A2025041.1736.npz,2025,41,2025041,1736,CS,True,0.0,"[64, 64]",22.65,160.95,270.417236328125,0.24439513683319092,3.0,Test,test,False,True,False,False,False,False,CS_2025041,0.0
Tensor_Changsha_A2025043.1836.npz,2025,43,2025043,1836,CS,True,1.0,"[64, 64]",3.1,148.9,274.3412170410156,0.686667263507843,0.0,Test,test,False,True,False,False,False,False,CS_2025043,0.0
Tensor_Changsha_A2025044.1818.npz,2025,44,2025044,1818,CS,True,1.0,"[64, 64]",13.64,152.44,262.41717529296875,0.3246276080608368,3.0,Test,test,False,True,False,False,False,False,CS_2025044,0.0
Tensor_Changsha_A2025045.1800.npz,2025,45,2025045,1800,CS,True,1.0,"[64, 64]",24.9,155.74,246.9641876220703,0.8607417345046997,3.0,Test,test,False,True,False,False,False,False,CS_2025045,0.0
Tensor_Changsha_A2025046.1742.npz,2025,46,2025046,1742,CS,True,0.0,"[64, 64]",36.02,158.66,275.55670166015625,0.44877564907073975,0.0,Test,test,False,True,False,False,False,False,CS_2025046,0.0
Tensor_Changsha_A2025047.1900.npz,2025,47,2025047,1900,CS,True,0.0,"[64, 64]",47.46,142.99,260.0395202636719,0.8348515033721924,3.0,Test,test,False,True,False,False,False,False,CS_2025047,0.0
Tensor_Changsha_A2025048.1842.npz,2025,48,2025048,1842,CS,True,1.0,"[64, 64]",58.32,146.63,274.36761474609375,0.9848960638046265,3.0,Test,test,False,True,False,False,False,False,CS_2025048,0.0
Tensor_Changsha_A2025049.1824.npz,2025,49,2025049,1824,CS,True,1.0,"[64, 64]",69.13,150.11,262.9644470214844,0.28679853677749634,3.0,Test,test,False,True,False,False,False,False,CS_2025049,0.0
Tensor_Changsha_A2025050.1806.npz,2025,50,2025050,1806,CS,True,1.0,"[64, 64]",79.93,153.35,263.97247314453125,0.8936969041824341,3.0,Test,test,False,True,False,False,False,False,CS_2025050,0.0
Tensor_Changsha_A2025051.1748.npz,2025,51,2025051,1748,CS,True,1.0,"[64, 64]",90.81,156.25,270.5783386230469,0.06857284158468246,0.0,Test,test,False,True,False,False,False,False,CS_2025051,0.0
Tensor_Changsha_A2025052.1730.npz,2025,52,2025052,1730,CS,True,1.0,"[64, 64]",101.83,158.64,249.81671142578125,1.25028395652771,3.0,Test,test,False,True,False,False,False,False,CS_2025052,0.0
Tensor_Changsha_A2025053.1848.npz,2025,53,2025053,1848,CS,True,1.0,"[64, 64]",113.89,144.25,261.7623291015625,0.971515953540802,3.0,Test,test,False,True,False,False,False,False,CS_2025053,0.0
Tensor_Changsha_A2025054.1830.npz,2025,54,2025054,1830,CS,True,0.0,"[64, 64]",125.53,147.67,274.78485107421875,0.3956794738769531,1.0,Test,test,False,True,False,False,False,False,CS_2025054,0.0
Tensor_Changsha_A2025055.1812.npz,2025,55,2025055,1812,CS,True,1.0,"[64, 64]",137.51,150.88,271.28302001953125,0.09709784388542175,2.0,Test,test,False,True,False,False,False,False,CS_2025055,0.0
Tensor_Changsha_A2025056.1754.npz,2025,56,2025056,1754,CS,True,0.0,"[64, 64]",149.85,153.75,258.7856140136719,1.026659607887268,3.0,Test,test,False,True,False,False,False,False,CS_2025056,0.0
Tensor_Changsha_A2025057.1736.npz,2025,57,2025057,1736,CS,True,1.0,"[64, 64]",162.51,156.16,277.35943603515625,1.2698173522949219,3.0,Test,test,False,True,False,False,False,False,CS_2025057,0.0
Tensor_Changsha_A2025058.1712.npz,2025,58,2025058,1712,CS,True,0.0,"[64, 64]",175.23,157.95,280.23028564453125,0.7483630776405334,3.0,Test,test,False,True,False,False,False,False,CS_2025058,0.0
Tensor_Changsha_A2025058.1854.npz,2025,58,2025058,1854,CS,True,0.0,"[64, 64]",176.22,141.75,283.5916748046875,0.39853453636169434,0.0,Test,test,False,True,False,False,False,False,CS_2025058,0.0
Tensor_Changsha_A2025059.1836.npz,2025,59,2025059,1836,CS,True,0.0,"[64, 64]",169.59,145.14,278.3454284667969,0.66304612159729,3.0,Test,test,False,True,False,False,False,False,CS_2025059,0.0
Tensor_Longmen_A2020087.1730.npz,2020,87,2020087,1730,LM,True,0.0,"[64, 64]",143.76,149.22,245.31922912597656,2.256387233734131,3.0,"Test,Test_backup",test,False,True,True,False,False,False,LM_2020087,0.0
Tensor_Longmen_A2020088.1706.npz,2020,88,2020088,1706,LM,True,0.0,"[64, 64]",133.13,150.82,276.3695068359375,0.26023030281066895,3.0,"Test,Test_backup",test,False,True,True,False,False,False,LM_2020088,0.0
Tensor_Longmen_A2020088.1848.npz,2020,88,2020088,1848,LM,True,0.0,"[64, 64]",132.05,135.61,282.9372253417969,0.47198256850242615,3.0,"Test,Test_backup",test,False,True,True,False,False,False,LM_2020088,0.0
Tensor_Longmen_A2020089.1830.npz,2020,89,2020089,1830,LM,True,1.0,"[64, 64]",121.23,138.79,282.1983947753906,0.733393132686615,3.0,"Test,Test_backup",test,False,True,True,False,False,False,LM_2020089,0.0
Tensor_Longmen_A2020090.1812.npz,2020,90,2020090,1812,LM,True,1.0,"[64, 64]",110.16,141.73,277.7358093261719,0.3947455585002899,3.0,"Test,Test_backup",test,False,True,True,False,False,False,LM_2020090,0.0
Tensor_Longmen_A2020091.1754.npz,2020,91,2020091,1754,LM,True,1.0,"[64, 64]",98.77,144.36,285.3693542480469,0.9514597058296204,3.0,"Test,Test_backup",test,False,True,True,False,False,False,LM_2020091,0.0
Tensor_Longmen_A2020092.1736.npz,2020,92,2020092,1736,LM,True,0.0,"[64, 64]",86.98,146.57,282.00244140625,0.6737170219421387,3.0,"Test,Test_backup",test,False,True,True,False,False,False,LM_2020092,0.0
Tensor_Longmen_A2020100.1824.npz,2020,100,2020100,1824,LM,True,0.0,"[64, 64]",23.8,136.35,286.2026062011719,0.20772024989128113,0.0,"Test,Test_backup",test,False,True,True,False,False,False,LM_2020100,0.0
Tensor_Longmen_A2020101.1806.npz,2020,101,2020101,1806,LM,True,0.0,"[64, 64]",37.48,139.04,278.0859375,1.7252907752990723,3.0,"Test,Test_backup",test,False,True,True,False,False,False,LM_2020101,0.0
Tensor_Longmen_A2020102.1748.npz,2020,102,2020102,1748,LM,True,0.0,"[64, 64]",50.77,141.38,285.2773132324219,0.48857957124710083,1.0,"Test,Test_backup",test,False,True,True,False,False,False,LM_2020102,0.0
Tensor_Longmen_A2020103.1730.npz,2020,103,2020103,1730,LM,True,0.0,"[64, 64]",63.58,143.31,281.0978698730469,0.3207477927207947,0.0,"Test,Test_backup",test,False,True,True,False,False,False,LM_2020103,0.0
Tensor_Longmen_A2020104.1706.npz,2020,104,2020104,1706,LM,True,1.0,"[64, 64]",75.87,144.77,257.5314025878906,1.331539511680603,3.0,"Test,Test_backup",test,False,True,True,False,False,False,LM_2020104,0.0
Tensor_Longmen_A2020104.1848.npz,2020,104,2020104,1848,LM,True,0.0,"[64, 64]",76.49,130.78,267.2161865234375,2.6384308338165283,3.0,"Test,Test_backup",test,False,True,True,False,False,False,LM_2020104,0.0
Tensor_Longmen_A2020105.1830.npz,2020,105,2020105,1830,LM,True,0.0,"[64, 64]",88.36,133.75,281.4002990722656,0.3685815632343292,2.0,"Test,Test_backup",test,False,True,True,False,False,False,LM_2020105,0.0
Tensor_Longmen_A2020106.1812.npz,2020,106,2020106,1812,LM,True,0.0,"[64, 64]",99.82,136.46,269.1247863769531,2.214137077331543,3.0,"Test,Test_backup",test,False,True,True,False,False,False,LM_2020106,0.0
Tensor_Longmen_A2020107.1754.npz,2020,107,2020107,1754,LM,True,0.0,"[64, 64]",110.93,138.86,287.212890625,0.7889212369918823,2.0,"Test,Test_backup",test,False,True,True,False,False,False,LM_2020107,0.0
Tensor_Longmen_A2020108.1736.npz,2020,108,2020108,1736,LM,True,0.0,"[64, 64]",121.78,140.89,282.17169189453125,2.2192933559417725,3.0,"Test,Test_backup",test,False,True,True,False,False,False,LM_2020108,0.0
Tensor_Longmen_A2020109.1712.npz,2020,109,2020109,1712,LM,True,0.0,"[64, 64]",132.42,142.27,287.322998046875,0.2430054247379303,1.0,"Test,Test_backup",test,False,True,True,False,False,False,LM_2020109,0.0
Tensor_Longmen_A2020111.1818.npz,2020,111,2020111,1818,LM,True,0.0,"[64, 64]",154.29,133.98,288.9801330566406,0.6784656047821045,2.0,"Test,Test_backup",test,False,True,True,False,False,False,LM_2020111,0.0
Tensor_Longmen_A2020112.1800.npz,2020,112,2020112,1800,LM,True,1.0,"[64, 64]",164.54,136.43,277.3002014160156,0.3882084786891937,3.0,"Test,Test_backup",test,False,True,True,False,False,False,LM_2020112,0.0
Tensor_Longmen_A2020113.1742.npz,2020,113,2020113,1742,LM,True,0.0,"[64, 64]",173.69,138.54,279.714599609375,1.4765596389770508,2.0,"Test,Test_backup",test,False,True,True,False,False,False,LM_2020113,0.0
Tensor_Longmen_A2020115.1842.npz,2020,115,2020115,1842,LM,True,1.0,"[64, 64]",160.92,128.8,253.7755889892578,1.115431785583496,3.0,"Test,Test_backup",test,False,True,True,False,False,False,LM_2020115,0.0
Tensor_Longmen_A2020116.1824.npz,2020,116,2020116,1824,LM,True,1.0,"[64, 64]",150.24,131.59,244.2366943359375,1.1728641986846924,3.0,"Test,Test_backup",test,False,True,True,False,False,False,LM_2020116,0.0
Tensor_Longmen_A2020117.1806.npz,2020,117,2020117,1806,LM,True,1.0,"[64, 64]",139.28,134.1,242.19813537597656,1.5715107917785645,3.0,"Test,Test_backup",test,False,True,True,False,False,False,LM_2020117,0.0
Tensor_Longmen_A2020118.1748.npz,2020,118,2020118,1748,LM,True,1.0,"[64, 64]",128.07,136.28,257.15087890625,2.326878309249878,3.0,"Test,Test_backup",test,False,True,True,False,False,False,LM_2020118,0.0
Tensor_Longmen_A2020119.1730.npz,2020,119,2020119,1730,LM,True,1.0,"[64, 64]",116.58,138.08,274.99920654296875,4.99397087097168,3.0,"Test,Test_backup",test,False,True,True,False,False,False,LM_2020119,0.0
Tensor_Longmen_A2020121.1830.npz,2020,121,2020121,1830,LM,True,1.0,"[64, 64]",91.56,129.3,281.45111083984375,5.629242897033691,3.0,"Test,Test_backup",test,False,True,True,False,False,False,LM_2020121,0.0
Tensor_Longmen_A2020122.1812.npz,2020,122,2020122,1812,LM,True,1.0,"[64, 64]",79.04,131.86,260.986083984375,1.1833858489990234,3.0,"Test,Test_backup",test,False,True,True,False,False,False,LM_2020122,0.0
Tensor_Longmen_A2020123.1754.npz,2020,123,2020123,1754,LM,True,0.0,"[64, 64]",66.1,134.12,290.9068603515625,0.19920757412910461,1.0,"Test,Test_backup",test,False,True,True,False,False,False,LM_2020123,0.0
Tensor_Longmen_A2020124.1736.npz,2020,124,2020124,1736,LM,True,0.0,"[64, 64]",52.74,136.02,291.4890441894531,0.1382266730070114,0.0,"Test,Test_backup",test,False,True,True,False,False,False,LM_2020124,0.0
Tensor_Longmen_A2020125.1712.npz,2020,125,2020125,1712,LM,True,0.0,"[64, 64]",39.02,137.31,289.5424499511719,0.4890924394130707,0.0,"Test,Test_backup",test,False,True,True,False,False,False,LM_2020125,0.0
Tensor_Longmen_A2020126.1836.npz,2020,126,2020126,1836,LM,True,0.0,"[64, 64]",24.35,127.15,289.2879638671875,0.6973361372947693,0.0,"Test,Test_backup",test,False,True,True,False,False,False,LM_2020126,0.0
Tensor_Longmen_A2020127.1818.npz,2020,127,2020127,1818,LM,True,0.0,"[64, 64]",10.51,129.74,286.9017639160156,0.6710212826728821,3.0,"Test,Test_backup",test,False,True,True,False,False,False,LM_2020127,0.0
Tensor_Longmen_A2020128.1800.npz,2020,128,2020128,1800,LM,True,0.0,"[64, 64]",4.75,132.07,293.48138427734375,0.8909158706665039,0.0,"Test,Test_backup",test,False,True,True,False,False,False,LM_2020128,0.0
Tensor_Longmen_A2020129.1742.npz,2020,129,2020129,1742,LM,True,0.0,"[64, 64]",17.88,134.06,292.4561462402344,1.308458924293518,0.0,"Test,Test_backup",test,False,True,True,False,False,False,LM_2020129,0.0
Tensor_Longmen_A2020131.1842.npz,2020,131,2020131,1842,LM,True,1.0,"[64, 64]",44.72,125.1,252.31590270996094,0.976705014705658,3.0,"Test,Test_backup",test,False,True,True,False,False,False,LM_2020131,0.0
Tensor_Longmen_A2020132.1824.npz,2020,132,2020132,1824,LM,True,1.0,"[64, 64]",57.22,127.76,231.24488830566406,1.2330092191696167,3.0,"Test,Test_backup",test,False,True,True,False,False,False,LM_2020132,0.0
Tensor_Longmen_A2020133.1806.npz,2020,133,2020133,1806,LM,True,0.0,"[64, 64]",69.26,130.16,285.5560607910156,2.15231990814209,3.0,"Test,Test_backup",test,False,True,True,False,False,False,LM_2020133,0.0
Tensor_Longmen_A2020134.1748.npz,2020,134,2020134,1748,LM,True,0.0,"[64, 64]",80.87,132.23,271.2397766113281,0.4676501750946045,3.0,"Test,Test_backup",test,False,True,True,False,False,False,LM_2020134,0.0
Tensor_Longmen_A2020135.1730.npz,2020,135,2020135,1730,LM,True,0.0,"[64, 64]",92.11,133.95,286.3251037597656,1.320237398147583,3.0,"Test,Test_backup",test,False,True,True,False,False,False,LM_2020135,0.0
Tensor_Longmen_A2020136.1706.npz,2020,136,2020136,1706,LM,True,0.0,"[64, 64]",103.06,135.26,288.9912109375,0.5157315135002136,0.0,"Test,Test_backup",test,False,True,True,False,False,False,LM_2020136,0.0
Tensor_Longmen_A2020136.1848.npz,2020,136,2020136,1848,LM,True,0.0,"[64, 64]",103.76,123.2,274.8553161621094,4.14288854598999,3.0,"Test,Test_backup",test,False,True,True,False,False,False,LM_2020136,0.0
Tensor_Longmen_A2020137.1830.npz,2020,137,2020137,1830,LM,True,0.0,"[64, 64]",114.58,125.91,273.4397277832031,3.0377933979034424,3.0,"Test,Test_backup",test,False,True,True,False,False,False,LM_2020137,0.0
Tensor_Longmen_A2020138.1812.npz,2020,138,2020138,1812,LM,True,1.0,"[64, 64]",125.27,128.37,273.8611755371094,3.1664540767669678,3.0,"Test,Test_backup",test,False,True,True,False,False,False,LM_2020138,0.0
Tensor_Longmen_A2020139.1754.npz,2020,139,2020139,1754,LM,True,0.0,"[64, 64]",135.91,130.53,261.2855224609375,1.0033639669418335,3.0,"Test,Test_backup",test,False,True,True,False,False,False,LM_2020139,0.0
Tensor_Longmen_A2020140.1736.npz,2020,140,2020140,1736,LM,True,1.0,"[64, 64]",146.54,132.35,260.2856750488281,10.188492774963379,3.0,"Test,Test_backup",test,False,True,True,False,False,False,LM_2020140,0.0
Tensor_Longmen_A2020141.1712.npz,2020,141,2020141,1712,LM,True,1.0,"[64, 64]",157.2,133.64,264.0561828613281,2.9828219413757324,3.0,"Test,Test_backup",test,False,True,True,False,False,False,LM_2020141,0.0
Tensor_Longmen_A2020142.1836.npz,2020,142,2020142,1836,LM,True,1.0,"[64, 64]",168.89,124.21,222.94496154785156,1.8121837377548218,3.0,"Test,Test_backup",test,False,True,True,False,False,False,LM_2020142,0.0
Tensor_Longmen_A2020143.1818.npz,2020,143,2020143,1818,LM,True,1.0,"[64, 64]",176.93,126.73,282.3554992675781,0.13172024488449097,3.0,"Test,Test_backup",test,False,True,True,False,False,False,LM_2020143,0.0
Tensor_Longmen_A2020144.1800.npz,2020,144,2020144,1800,LM,True,0.0,"[64, 64]",168.06,128.97,289.332275390625,0.6611182689666748,2.0,"Test,Test_backup",test,False,True,True,False,False,False,LM_2020144,0.0
Tensor_Longmen_A2020145.1742.npz,2020,145,2020145,1742,LM,True,0.0,"[64, 64]",156.88,130.89,289.3101501464844,0.4741087853908539,2.0,"Test,Test_backup",test,False,True,True,False,False,False,LM_2020145,0.0
Tensor_Longmen_A2020147.1842.npz,2020,147,2020147,1842,LM,True,1.0,"[64, 64]",132.44,122.65,246.7431640625,1.376383662223816,3.0,"Test,Test_backup",test,False,True,True,False,False,False,LM_2020147,0.0
Tensor_Longmen_A2020150.1748.npz,2020,150,2020150,1748,LM,True,0.0,"[64, 64]",95.69,129.58,289.8183898925781,0.38550299406051636,2.0,"Test,Test_backup",test,False,True,True,False,False,False,LM_2020150,0.0
Tensor_Longmen_A2020151.1730.npz,2020,151,2020151,1730,LM,True,0.0,"[64, 64]",82.88,131.24,247.12167358398438,1.8677419424057007,3.0,"Test,Test_backup",test,False,True,True,False,False,False,LM_2020151,0.0
Tensor_Longmen_A2020152.1706.npz,2020,152,2020152,1706,LM,True,1.0,"[64, 64]",69.77,132.53,242.26080322265625,0.8599720597267151,3.0,"Test,Test_backup",test,False,True,True,False,False,False,LM_2020152,0.0
Tensor_Longmen_A2020152.1848.npz,2020,152,2020152,1848,LM,True,0.0,"[64, 64]",68.82,121.24,264.5276794433594,1.9680742025375366,3.0,"Test,Test_backup",test,False,True,True,False,False,False,LM_2020152,0.0
Tensor_Longmen_A2020158.1836.npz,2020,158,2020158,1836,LM,True,0.0,"[64, 64]",12.55,122.69,224.40467834472656,0.36070212721824646,3.0,"Test,Test_backup",test,False,True,True,False,False,False,LM_2020158,0.0
Tensor_Longmen_A2020159.1818.npz,2020,159,2020159,1818,LM,True,1.0,"[64, 64]",25.45,125.17,207.37879943847656,1.511551856994629,3.0,"Test,Test_backup",test,False,True,True,False,False,False,LM_2020159,0.0
Tensor_Longmen_A2020160.1800.npz,2020,160,2020160,1800,LM,True,1.0,"[64, 64]",37.97,127.38,217.02745056152344,1.0102696418762207,3.0,"Test,Test_backup",test,False,True,True,False,False,False,LM_2020160,0.0
Tensor_Longmen_A2020165.1806.npz,2020,165,2020165,1806,LM,True,0.0,"[64, 64]",95.77,126.5,287.1705322265625,1.0195084810256958,2.0,"Test,Test_backup",test,False,True,True,False,False,False,LM_2020165,0.0
Tensor_Longmen_A2020166.1748.npz,2020,166,2020166,1748,LM,True,0.0,"[64, 64]",106.56,128.49,289.3211669921875,0.8010035753250122,2.0,"Test,Test_backup",test,False,True,True,False,False,False,LM_2020166,0.0
Tensor_Longmen_A2020167.1730.npz,2020,167,2020167,1730,LM,True,0.0,"[64, 64]",117.3,130.18,290.86590576171875,0.20024804770946503,0.0,"Test,Test_backup",test,False,True,True,False,False,False,LM_2020167,0.0
Tensor_Longmen_A2020168.1848.npz,2020,168,2020168,1848,LM,True,0.0,"[64, 64]",128.93,120.7,288.2974548339844,0.3442158102989197,0.0,"Test,Test_backup",test,False,True,True,False,False,False,LM_2020168,0.0
Tensor_Longmen_A2020169.1830.npz,2020,169,2020169,1830,LM,True,0.0,"[64, 64]",139.88,123.35,291.6083984375,0.09747853875160217,0.0,"Test,Test_backup",test,False,True,True,False,False,False,LM_2020169,0.0
Tensor_Longmen_A2020170.1812.npz,2020,170,2020170,1812,LM,True,0.0,"[64, 64]",150.97,125.75,287.1337890625,1.7139997482299805,2.0,"Test,Test_backup",test,False,True,True,False,False,False,LM_2020170,0.0
Tensor_Longmen_A2020171.1754.npz,2020,171,2020171,1754,LM,True,0.0,"[64, 64]",162.24,127.86,291.5487365722656,0.2260342538356781,2.0,"Test,Test_backup",test,False,True,True,False,False,False,LM_2020171,0.0
Tensor_Longmen_A2020172.1736.npz,2020,172,2020172,1736,LM,True,0.0,"[64, 64]",173.71,129.65,266.5062561035156,2.6357529163360596,3.0,"Test,Test_backup",test,False,True,True,False,False,False,LM_2020172,0.0
Tensor_Longmen_A2020176.1800.npz,2020,176,2020176,1800,LM,True,1.0,"[64, 64]",136.88,127.35,249.91192626953125,2.111790895462036,3.0,"Test,Test_backup",test,False,True,True,False,False,False,LM_2020176,0.0
Tensor_Longmen_A2020177.1742.npz,2020,177,2020177,1742,LM,True,1.0,"[64, 64]",124.37,129.27,270.71234130859375,4.977725028991699,3.0,"Test,Test_backup",test,False,True,True,False,False,False,LM_2020177,0.0
Tensor_Longmen_A2020179.1842.npz,2020,179,2020179,1842,LM,True,0.0,"[64, 64]",97.74,122.03,277.6892395019531,0.9091643691062927,3.0,"Test,Test_backup",test,False,True,True,False,False,False,LM_2020179,0.0
Tensor_Longmen_A2020180.1824.npz,2020,180,2020180,1824,LM,True,0.0,"[64, 64]",84.84,124.63,286.5840148925781,0.6393935680389404,2.0,"Test,Test_backup",test,False,True,True,False,False,False,LM_2020180,0.0
Tensor_Longmen_A2020181.1806.npz,2020,181,2020181,1806,LM,True,0.0,"[64, 64]",71.83,126.97,252.05166625976562,4.676405429840088,3.0,"Test,Test_backup",test,False,True,True,False,False,False,LM_2020181,0.0
Tensor_Longmen_A2020182.1748.npz,2020,182,2020182,1748,LM,True,0.0,"[64, 64]",58.73,129.01,287.2947998046875,1.6522619724273682,2.0,"Test,Test_backup",test,False,True,True,False,False,False,LM_2020182,0.0
Tensor_Longmen_A2020183.1730.npz,2020,183,2020183,1730,LM,True,0.0,"[64, 64]",45.58,130.73,274.28070068359375,0.7773087024688721,3.0,"Test,Test_backup",test,False,True,True,False,False,False,LM_2020183,0.0
Tensor_Longmen_A2020184.1706.npz,2020,184,2020184,1706,LM,True,1.0,"[64, 64]",32.44,132.02,269.6853332519531,5.120315074920654,3.0,"Test,Test_backup",test,False,True,True,False,False,False,LM_2020184,0.0
Tensor_Longmen_A2020184.1848.npz,2020,184,2020184,1848,LM,True,0.0,"[64, 64]",31.75,121.51,273.2966613769531,2.529204845428467,3.0,"Test,Test_backup",test,False,True,True,False,False,False,LM_2020184,0.0
Tensor_Longmen_A2020185.1830.npz,2020,185,2020185,1830,LM,True,1.0,"[64, 64]",18.81,124.22,250.06747436523438,0.4793684780597687,3.0,"Test,Test_backup",test,False,True,True,False,False,False,LM_2020185,0.0
Tensor_Longmen_A2020187.1754.npz,2020,187,2020187,1754,LM,True,0.0,"[64, 64]",7.03,128.85,292.10595703125,0.13545289635658264,1.0,"Test,Test_backup",test,False,True,True,False,False,False,LM_2020187,0.0
Tensor_Longmen_A2020188.1736.npz,2020,188,2020188,1736,LM,True,0.0,"[64, 64]",19.18,130.69,283.75244140625,1.214845061302185,3.0,"Test,Test_backup",test,False,True,True,False,False,False,LM_2020188,0.0
Tensor_Longmen_A2020189.1712.npz,2020,189,2020189,1712,LM,True,1.0,"[64, 64]",31.16,132.03,262.4503173828125,1.3353992700576782,3.0,"Test,Test_backup",test,False,True,True,False,False,False,LM_2020189,0.0
Tensor_Longmen_A2020190.1836.npz,2020,190,2020190,1836,LM,True,1.0,"[64, 64]",43.31,123.9,276.91900634765625,0.9603965878486633,3.0,"Test,Test_backup",test,False,True,True,False,False,False,LM_2020190,0.0
Tensor_Longmen_A2020192.1800.npz,2020,192,2020192,1800,LM,True,0.0,"[64, 64]",65.88,128.78,289.3406066894531,1.13419771194458,2.0,"Test,Test_backup",test,False,True,True,False,False,False,LM_2020192,0.0
Tensor_Longmen_A2020193.1742.npz,2020,193,2020193,1742,LM,True,0.0,"[64, 64]",76.85,130.78,291.2228088378906,0.5339752435684204,2.0,"Test,Test_backup",test,False,True,True,False,False,False,LM_2020193,0.0
Tensor_Longmen_A2020195.1842.npz,2020,195,2020195,1842,LM,True,0.0,"[64, 64]",99.18,123.63,293.0907287597656,0.130095437169075,0.0,"Test,Test_backup",test,False,True,True,False,False,False,LM_2020195,0.0
Tensor_Longmen_A2020196.1824.npz,2020,196,2020196,1824,LM,True,1.0,"[64, 64]",110.11,126.35,283.0196228027344,4.066949367523193,3.0,"Test,Test_backup",test,False,True,True,False,False,False,LM_2020196,0.0
Tensor_Longmen_A2020197.1806.npz,2020,197,2020197,1806,LM,True,0.0,"[64, 64]",121.14,128.8,258.88958740234375,5.267429351806641,3.0,"Test,Test_backup",test,False,True,True,False,False,False,LM_2020197,0.0
Tensor_Longmen_A2020198.1748.npz,2020,198,2020198,1748,LM,True,0.0,"[64, 64]",132.35,130.95,285.11602783203125,0.8519721627235413,3.0,"Test,Test_backup",test,False,True,True,False,False,False,LM_2020198,0.0
Tensor_Longmen_A2020199.1730.npz,2020,199,2020199,1730,LM,True,0.0,"[64, 64]",143.77,132.76,277.81646728515625,1.6461671590805054,3.0,"Test,Test_backup",test,False,True,True,False,False,False,LM_2020199,0.0
Tensor_Longmen_A2020200.1706.npz,2020,200,2020200,1706,LM,True,0.0,"[64, 64]",155.46,134.18,289.8624572753906,0.44086793065071106,0.0,"Test,Test_backup",test,False,True,True,False,False,False,LM_2020200,0.0
Tensor_Longmen_A2020200.1848.npz,2020,200,2020200,1848,LM,True,0.0,"[64, 64]",156.54,123.43,290.2391662597656,0.9282970428466797,0.0,"Test,Test_backup",test,False,True,True,False,False,False,LM_2020200,0.0
Tensor_Longmen_A2020201.1830.npz,2020,201,2020201,1830,LM,True,0.0,"[64, 64]",168.54,126.27,240.4340362548828,8.338808059692383,3.0,"Test,Test_backup",test,False,True,True,False,False,False,LM_2020201,0.0
Tensor_Longmen_A2020202.1812.npz,2020,202,2020202,1812,LM,True,0.0,"[64, 64]",177.78,128.86,286.78271484375,2.0584633350372314,3.0,"Test,Test_backup",test,False,True,True,False,False,False,LM_2020202,0.0
Tensor_Longmen_A2020203.1754.npz,2020,203,2020203,1754,LM,True,0.0,"[64, 64]",166.26,131.17,292.59857177734375,0.37214478850364685,1.0,"Test,Test_backup",test,False,True,True,False,False,False,LM_2020203,0.0
Tensor_Longmen_A2020204.1736.npz,2020,204,2020204,1736,LM,True,0.0,"[64, 64]",153.57,133.16,292.3619689941406,0.1693817675113678,0.0,"Test,Test_backup",test,False,True,True,False,False,False,LM_2020204,0.0
Tensor_Longmen_A2020209.1742.npz,2020,209,2020209,1742,LM,True,0.0,"[64, 64]",87.72,133.6,283.92755126953125,0.5540295839309692,3.0,"Test,Test_backup",test,False,True,True,False,False,False,LM_2020209,0.0
Tensor_Longmen_A2020210.1724.npz,2020,210,2020210,1724,LM,True,0.0,"[64, 64]",74.87,135.44,282.8517761230469,0.8782004714012146,3.0,"Test,Test_backup",test,False,True,True,False,False,False,LM_2020210,0.0
Tensor_Longmen_A2020211.1842.npz,2020,211,2020211,1842,LM,True,1.0,"[64, 64]",61.24,126.17,242.09193420410156,1.0353838205337524,3.0,"Test,Test_backup",test,False,True,True,False,False,False,LM_2020211,0.0
Tensor_Longmen_A2020212.1824.npz,2020,212,2020212,1824,LM,True,1.0,"[64, 64]",48.68,129.07,253.2397918701172,4.301856994628906,3.0,"Test,Test_backup",test,False,True,True,False,False,False,LM_2020212,0.0
Tensor_Longmen_A2020213.1806.npz,2020,213,2020213,1806,LM,True,1.0,"[64, 64]",36.24,131.71,260.5688171386719,11.995515823364258,3.0,"Test,Test_backup",test,False,True,True,False,False,False,LM_2020213,0.0
Tensor_Longmen_A2020214.1748.npz,2020,214,2020214,1748,LM,True,0.0,"[64, 64]",23.99,134.05,240.7649688720703,2.2386715412139893,3.0,"Test,Test_backup",test,False,True,True,False,False,False,LM_2020214,0.0
Tensor_Longmen_A2020215.1730.npz,2020,215,2020215,1730,LM,True,0.0,"[64, 64]",12.15,136.06,282.7574768066406,1.4269508123397827,3.0,"Test,Test_backup",test,False,True,True,False,False,False,LM_2020215,0.0
Tensor_Longmen_A2020216.1706.npz,2020,216,2020216,1706,LM,True,0.0,"[64, 64]",4.16,137.62,283.7086181640625,1.9147189855575562,2.0,"Test,Test_backup",test,False,True,True,False,False,False,LM_2020216,0.0
Tensor_Longmen_A2020216.1848.npz,2020,216,2020216,1848,LM,True,0.0,"[64, 64]",4.14,126.12,283.7466125488281,0.7930850982666016,3.0,"Test,Test_backup",test,False,True,True,False,False,False,LM_2020216,0.0
Tensor_Longmen_A2020217.1830.npz,2020,217,2020217,1830,LM,True,0.0,"[64, 64]",13.43,129.16,280.4569396972656,5.159071445465088,3.0,"Test,Test_backup",test,False,True,True,False,False,False,LM_2020217,0.0
Tensor_Longmen_A2020218.1812.npz,2020,218,2020218,1812,LM,True,0.0,"[64, 64]",24.68,131.97,272.6336364746094,3.4373130798339844,3.0,"Test,Test_backup",test,False,True,True,False,False,False,LM_2020218,0.0
Tensor_Longmen_A2020219.1754.npz,2020,219,2020219,1754,LM,True,0.0,"[64, 64]",35.9,134.5,284.4887390136719,3.234421968460083,3.0,"Test,Test_backup",test,False,True,True,False,False,False,LM_2020219,0.0
Tensor_Longmen_A2020220.1736.npz,2020,220,2020220,1736,LM,True,0.0,"[64, 64]",46.98,136.71,286.099853515625,0.2712913751602173,3.0,"Test,Test_backup",test,False,True,True,False,False,False,LM_2020220,0.0
Tensor_Longmen_A2020222.1836.npz,2020,222,2020222,1836,LM,True,0.0,"[64, 64]",69.29,129.22,276.8124694824219,1.7735347747802734,3.0,"Test,Test_backup",test,False,True,True,False,False,False,LM_2020222,0.0
Tensor_Longmen_A2020223.1818.npz,2020,223,2020223,1818,LM,True,0.0,"[64, 64]",80.17,132.2,283.0343322753906,0.5646941661834717,3.0,"Test,Test_backup",test,False,True,True,False,False,False,LM_2020223,0.0
Tensor_Longmen_A2020224.1800.npz,2020,224,2020224,1800,LM,True,1.0,"[64, 64]",91.09,134.92,252.58340454101562,3.2657618522644043,3.0,"Test,Test_backup",test,False,True,True,False,False,False,LM_2020224,0.0
Tensor_Longmen_A2020225.1742.npz,2020,225,2020225,1742,LM,True,0.0,"[64, 64]",102.13,137.34,258.7586669921875,2.653484344482422,3.0,"Test,Test_backup",test,False,True,True,False,False,False,LM_2020225,0.0
Tensor_Longmen_A2020226.1724.npz,2020,226,2020226,1724,LM,True,0.0,"[64, 64]",113.36,139.39,290.1402893066406,0.12871237099170685,1.0,"Test,Test_backup",test,False,True,True,False,False,False,LM_2020226,0.0
Tensor_Longmen_A2020227.1842.npz,2020,227,2020227,1842,LM,True,0.0,"[64, 64]",125.74,129.23,253.0285186767578,1.7041237354278564,3.0,"Test,Test_backup",test,False,True,True,False,False,False,LM_2020227,0.0
Tensor_Longmen_A2020229.1806.npz,2020,229,2020229,1806,LM,True,0.0,"[64, 64]",149.81,135.29,289.9010009765625,0.594120979309082,2.0,"Test,Test_backup",test,False,True,True,False,False,False,LM_2020229,0.0
Tensor_Longmen_A2020230.1748.npz,2020,230,2020230,1748,LM,True,0.0,"[64, 64]",162.22,137.92,291.23370361328125,0.2390870451927185,2.0,"Test,Test_backup",test,False,True,True,False,False,False,LM_2020230,0.0
Tensor_Longmen_A2020231.1730.npz,2020,231,2020231,1730,LM,True,0.0,"[64, 64]",174.11,140.21,259.5982666015625,2.3453404903411865,3.0,"Test,Test_backup",test,False,True,True,False,False,False,LM_2020231,0.0
Tensor_Longmen_A2020232.1848.npz,2020,232,2020232,1848,LM,True,0.0,"[64, 64]",169.3,129.16,278.0674133300781,0.7142355442047119,3.0,"Test,Test_backup",test,False,True,True,False,False,False,LM_2020232,0.0
Tensor_Longmen_A2020233.1830.npz,2020,233,2020233,1830,LM,True,0.0,"[64, 64]",156.43,132.47,241.73348999023438,1.665758490562439,3.0,"Test,Test_backup",test,False,True,True,False,False,False,LM_2020233,0.0
Tensor_Longmen_A2020234.1812.npz,2020,234,2020234,1812,LM,True,0.0,"[64, 64]",143.23,135.57,291.25,0.14471381902694702,2.0,"Test,Test_backup",test,False,True,True,False,False,False,LM_2020234,0.0
Tensor_Longmen_A2020235.1754.npz,2020,235,2020235,1754,LM,True,0.0,"[64, 64]",130.01,138.41,255.2844696044922,4.683220863342285,3.0,"Test,Test_backup",test,False,True,True,False,False,False,LM_2020235,0.0
Tensor_Longmen_A2020236.1736.npz,2020,236,2020236,1736,LM,True,0.0,"[64, 64]",116.9,140.94,287.95306396484375,0.10234996676445007,2.0,"Test,Test_backup",test,False,True,True,False,False,False,LM_2020236,0.0
Tensor_Longmen_A2020237.1718.npz,2020,237,2020237,1718,LM,True,0.0,"[64, 64]",103.95,143.29,266.0838317871094,1.7277710437774658,3.0,"Test,Test_backup",test,False,True,True,False,False,False,LM_2020237,0.0
Tensor_Longmen_A2020238.1836.npz,2020,238,2020238,1836,LM,True,0.0,"[64, 64]",90.14,132.49,288.9670104980469,0.6160288453102112,2.0,"Test,Test_backup",test,False,True,True,False,False,False,LM_2020238,0.0
Tensor_Longmen_A2020239.1818.npz,2020,239,2020239,1818,LM,True,0.0,"[64, 64]",77.68,135.76,288.8383483886719,1.4363632202148438,2.0,"Test,Test_backup",test,False,True,True,False,False,False,LM_2020239,0.0
Tensor_Longmen_A2020241.1742.npz,2020,241,2020241,1742,LM,True,0.0,"[64, 64]",53.36,141.57,293.2653503417969,0.21339291334152222,0.0,"Test,Test_backup",test,False,True,True,False,False,False,LM_2020241,0.0
Tensor_Longmen_A2020242.1724.npz,2020,242,2020242,1724,LM,True,0.0,"[64, 64]",41.48,143.97,290.9668273925781,0.6191547513008118,2.0,"Test,Test_backup",test,False,True,True,False,False,False,LM_2020242,0.0
Tensor_Longmen_A2020243.1842.npz,2020,243,2020243,1842,LM,True,0.0,"[64, 64]",29.19,132.38,279.0584411621094,2.7146332263946533,3.0,"Test,Test_backup",test,False,True,True,False,False,False,LM_2020243,0.0
Tensor_Longmen_A2020244.1824.npz,2020,244,2020244,1824,LM,True,0.0,"[64, 64]",17.92,135.83,291.46734619140625,0.13488829135894775,2.0,"Test,Test_backup",test,False,True,True,False,False,False,LM_2020244,0.0
Tensor_Longmen_A2020245.1806.npz,2020,245,2020245,1806,LM,True,0.0,"[64, 64]",7.72,139.08,292.5018615722656,0.33422455191612244,1.0,"Test,Test_backup",test,False,True,True,False,False,False,LM_2020245,0.0
Tensor_Longmen_A2020246.1748.npz,2020,246,2020246,1748,LM,True,0.0,"[64, 64]",7.61,142.08,293.7900695800781,0.20370836555957794,0.0,"Test,Test_backup",test,False,True,True,False,False,False,LM_2020246,0.0
Tensor_Longmen_A2020247.1730.npz,2020,247,2020247,1730,LM,True,0.0,"[64, 64]",17.51,144.75,283.6092529296875,1.0362235307693481,3.0,"Test,Test_backup",test,False,True,True,False,False,False,LM_2020247,0.0
Tensor_Longmen_A2020248.1848.npz,2020,248,2020248,1848,LM,True,1.0,"[64, 64]",28.65,132.17,283.02337646484375,5.250849723815918,3.0,"Test,Test_backup",test,False,True,True,False,False,False,LM_2020248,0.0
Tensor_Longmen_A2020249.1830.npz,2020,249,2020249,1830,LM,True,0.0,"[64, 64]",39.47,135.78,289.6225280761719,0.058541927486658096,2.0,"Test,Test_backup",test,False,True,True,False,False,False,LM_2020249,0.0
Tensor_Longmen_A2020251.1754.npz,2020,251,2020251,1754,LM,True,1.0,"[64, 64]",61.13,142.44,243.49765014648438,0.27490922808647156,3.0,"Test,Test_backup",test,False,True,True,False,False,False,LM_2020251,0.0
Tensor_Longmen_A2020252.1736.npz,2020,252,2020252,1736,LM,True,0.0,"[64, 64]",72.03,145.37,253.1114501953125,3.534766674041748,3.0,"Test,Test_backup",test,False,True,True,False,False,False,LM_2020252,0.0
Tensor_Longmen_A2020253.1718.npz,2020,253,2020253,1718,LM,True,1.0,"[64, 64]",83.05,147.97,256.0379943847656,4.516700267791748,3.0,"Test,Test_backup",test,False,True,True,False,False,False,LM_2020253,0.0
Tensor_Longmen_A2020254.1836.npz,2020,254,2020254,1836,LM,True,1.0,"[64, 64]",94.93,135.6,261.2630920410156,5.658136367797852,3.0,"Test,Test_backup",test,False,True,True,False,False,False,LM_2020254,0.0
Tensor_Longmen_A2020255.1818.npz,2020,255,2020255,1818,LM,True,0.0,"[64, 64]",106.5,139.21,285.5474548339844,3.8439888954162598,3.0,"Test,Test_backup",test,False,True,True,False,False,False,LM_2020255,0.0
Tensor_Longmen_A2020256.1800.npz,2020,256,2020256,1800,LM,True,0.0,"[64, 64]",118.38,142.64,289.85693359375,4.09930419921875,2.0,"Test,Test_backup",test,False,True,True,False,False,False,LM_2020256,0.0
Tensor_Longmen_A2020257.1742.npz,2020,257,2020257,1742,LM,True,1.0,"[64, 64]",130.6,145.82,281.9429931640625,0.4791896939277649,3.0,"Test,Test_backup",test,False,True,True,False,False,False,LM_2020257,0.0
Tensor_Longmen_A2020258.1724.npz,2020,258,2020258,1724,LM,True,0.0,"[64, 64]",143.18,148.66,285.1880798339844,0.7772175073623657,3.0,"Test,Test_backup",test,False,True,True,False,False,False,LM_2020258,0.0
Tensor_Longmen_A2020259.1842.npz,2020,259,2020259,1842,LM,True,0.0,"[64, 64]",157.16,135.27,288.5877990722656,0.31437501311302185,2.0,"Test,Test_backup",test,False,True,True,False,False,False,LM_2020259,0.0
Tensor_Longmen_A2020260.1824.npz,2020,260,2020260,1824,LM,True,0.0,"[64, 64]",169.9,139.05,290.8875732421875,0.5095844864845276,2.0,"Test,Test_backup",test,False,True,True,False,False,False,LM_2020260,0.0
Tensor_Longmen_A2020261.1806.npz,2020,261,2020261,1806,LM,True,1.0,"[64, 64]",173.34,142.67,259.9104309082031,4.255436897277832,3.0,"Test,Test_backup",test,False,True,True,False,False,False,LM_2020261,0.0
Tensor_Longmen_A2020262.1748.npz,2020,262,2020262,1748,LM,True,1.0,"[64, 64]",161.05,146.08,286.7685546875,0.44364267587661743,3.0,"Test,Test_backup",test,False,True,True,False,False,False,LM_2020262,0.0
Tensor_Longmen_A2020263.1730.npz,2020,263,2020263,1730,LM,True,0.0,"[64, 64]",147.69,149.21,288.8161315917969,0.1937950998544693,2.0,"Test,Test_backup",test,False,True,True,False,False,False,LM_2020263,0.0
Tensor_Longmen_A2020265.1830.npz,2020,265,2020265,1830,LM,True,0.0,"[64, 64]",119.99,138.75,278.4209289550781,0.40572819113731384,3.0,"Test,Test_backup",test,False,True,True,False,False,False,LM_2020265,0.0
Tensor_Longmen_A2020266.1812.npz,2020,266,2020266,1812,LM,True,0.0,"[64, 64]",107.23,142.53,283.222412109375,0.3241279423236847,3.0,"Test,Test_backup",test,False,True,True,False,False,False,LM_2020266,0.0
Tensor_Longmen_A2020267.1754.npz,2020,267,2020267,1754,LM,True,0.0,"[64, 64]",94.79,146.16,289.7715148925781,0.751635730266571,2.0,"Test,Test_backup",test,False,True,True,False,False,False,LM_2020267,0.0
Tensor_Longmen_A2020269.1718.npz,2020,269,2020269,1718,LM,True,0.0,"[64, 64]",70.76,152.62,270.1683044433594,0.9837906360626221,3.0,"Test,Test_backup",test,False,True,True,False,False,False,LM_2020269,0.0
Tensor_Longmen_A2020270.1836.npz,2020,270,2020270,1836,LM,True,1.0,"[64, 64]",58.34,138.31,272.2295837402344,3.3935232162475586,3.0,"Test,Test_backup",test,False,True,True,False,False,False,LM_2020270,0.0
Tensor_Longmen_A2020271.1818.npz,2020,271,2020271,1818,LM,True,0.0,"[64, 64]",47.0,142.24,281.86859130859375,0.3089478313922882,3.0,"Test,Test_backup",test,False,True,True,False,False,False,LM_2020271,0.0
Tensor_Longmen_A2020272.1800.npz,2020,272,2020272,1800,LM,True,0.0,"[64, 64]",35.83,146.04,291.0240783691406,0.11100424826145172,2.0,"Test,Test_backup",test,False,True,True,False,False,False,LM_2020272,0.0
Tensor_Longmen_A2020273.1742.npz,2020,273,2020273,1742,LM,True,0.0,"[64, 64]",24.85,149.67,283.4716796875,0.8760683536529541,2.0,"Test,Test_backup",test,False,True,True,False,False,False,LM_2020273,0.0
Tensor_Longmen_A2020274.1724.npz,2020,274,2020274,1724,LM,True,0.0,"[64, 64]",14.2,153.02,285.1909484863281,0.0756467804312706,3.0,"Test,Test_backup",test,False,True,True,False,False,False,LM_2020274,0.0
Tensor_Longmen_A2020275.1842.npz,2020,275,2020275,1842,LM,True,0.0,"[64, 64]",5.25,137.74,285.0841979980469,0.1725698709487915,3.0,"Test,Test_backup",test,False,True,True,False,False,False,LM_2020275,0.0
Tensor_Longmen_A2020276.1824.npz,2020,276,2020276,1824,LM,True,0.0,"[64, 64]",10.36,141.8,290.3324279785156,0.09815099090337753,0.0,"Test,Test_backup",test,False,True,True,False,False,False,LM_2020276,0.0
Tensor_Longmen_A2020277.1806.npz,2020,277,2020277,1806,LM,True,0.0,"[64, 64]",20.6,145.76,291.4537658691406,0.19832655787467957,2.0,"Test,Test_backup",test,False,True,True,False,False,False,LM_2020277,0.0
Tensor_Longmen_A2020278.1748.npz,2020,278,2020278,1748,LM,True,0.0,"[64, 64]",31.28,149.58,292.8159484863281,1.8294386863708496,1.0,"Test,Test_backup",test,False,True,True,False,False,False,LM_2020278,0.0
Tensor_Longmen_A2020279.1730.npz,2020,279,2020279,1730,LM,True,0.0,"[64, 64]",42.09,153.19,283.57708740234375,1.7836648225784302,3.0,"Test,Test_backup",test,False,True,True,False,False,False,LM_2020279,0.0
Tensor_Longmen_A2020281.1830.npz,2020,281,2020281,1830,LM,True,1.0,"[64, 64]",64.54,141.22,283.48046875,0.05176430195569992,3.0,"Test,Test_backup",test,False,True,True,False,False,False,LM_2020281,0.0
Tensor_Longmen_A2020282.1812.npz,2020,282,2020282,1812,LM,True,0.0,"[64, 64]",75.83,145.31,283.31927490234375,0.04587515443563461,3.0,"Test,Test_backup",test,False,True,True,False,False,False,LM_2020282,0.0
Tensor_Longmen_A2020283.1754.npz,2020,283,2020283,1754,LM,True,0.0,"[64, 64]",87.35,149.3,286.4475402832031,0.48661455512046814,3.0,"Test,Test_backup",test,False,True,True,False,False,False,LM_2020283,0.0
Tensor_Longmen_A2020284.1736.npz,2020,284,2020284,1736,LM,True,0.0,"[64, 64]",99.17,153.12,289.50653076171875,0.1691436469554901,0.0,"Test,Test_backup",test,False,True,True,False,False,False,LM_2020284,0.0
Tensor_Longmen_A2020285.1718.npz,2020,285,2020285,1718,LM,True,0.0,"[64, 64]",111.32,156.79,288.42877197265625,0.22271385788917542,2.0,"Test,Test_backup",test,False,True,True,False,False,False,LM_2020285,0.0
Tensor_Longmen_A2020286.1836.npz,2020,286,2020286,1836,LM,True,0.0,"[64, 64]",124.8,140.55,271.6549072265625,2.887275457382202,3.0,"Test,Test_backup",test,False,True,True,False,False,False,LM_2020286,0.0
Tensor_Longmen_A2020287.1818.npz,2020,287,2020287,1818,LM,True,1.0,"[64, 64]",137.83,144.73,282.07080078125,1.8784122467041016,3.0,"Test,Test_backup",test,False,True,True,False,False,False,LM_2020287,0.0
Tensor_Longmen_A2020288.1800.npz,2020,288,2020288,1800,LM,True,1.0,"[64, 64]",151.14,148.84,264.56005859375,4.201093673706055,3.0,"Test,Test_backup",test,False,True,True,False,False,False,LM_2020288,0.0
